{
	"credit": "by Hoffen _InkGhoul",
	"texture_size": [64, 64],
	"textures": {
		"1": "custom:item/rank_apple"
	},
	"elements": [
		{
			"from": [0.75, 4.25, 12.25],
			"to": [9.75, 14.25, 12.25],
			"rotation": {"angle": -22.5, "axis": "z", "origin": [5.25, 9.25, 12.25]},
			"faces": {
				"north": {"uv": [0.5, 10, 2.75, 12.5], "texture": "#1"},
				"east": {"uv": [7, 11.5, 9, 12], "texture": "#1"},
				"south": {"uv": [2.75, 10, 0.5, 12.5], "texture": "#1"},
				"west": {"uv": [9, 11.5, 7, 12], "texture": "#1"},
				"up": {"uv": [9, 15, 7, 13], "texture": "#1"},
				"down": {"uv": [9, 13, 7, 15], "texture": "#1"}
			}
		},
		{
			"from": [6.25, 4.25, 12.25],
			"to": [15.25, 14.25, 12.25],
			"rotation": {"angle": 22.5, "axis": "z", "origin": [10.75, 9.25, 12.25]},
			"faces": {
				"north": {"uv": [2.75, 10, 0.5, 12.5], "texture": "#1"},
				"east": {"uv": [7, 11.5, 9, 12], "texture": "#1"},
				"south": {"uv": [0.5, 10, 2.75, 12.5], "texture": "#1"},
				"west": {"uv": [9, 11.5, 7, 12], "texture": "#1"},
				"up": {"uv": [7, 15, 9, 13], "texture": "#1"},
				"down": {"uv": [7, 13, 9, 15], "texture": "#1"}
			}
		},
		{
			"from": [4.40597, 18.52067, 7.8125],
			"to": [11.60597, 26.62067, 8.7125],
			"rotation": {"angle": 0, "axis": "y", "origin": [1.50597, 4.12067, 0.8125]},
			"faces": {
				"north": {"uv": [0.5, 0.25, 2.5, 2.5], "texture": "#1"},
				"east": {"uv": [0.5, 0.25, 0.75, 2.5], "texture": "#1"},
				"south": {"uv": [2.5, 0.25, 0.5, 2.5], "texture": "#1"},
				"west": {"uv": [2.5, 0.25, 2.25, 2.5], "texture": "#1"},
				"up": {"uv": [2.5, 0.5, 0.5, 0.25], "texture": "#1"},
				"down": {"uv": [2.5, 0.25, 0.5, 0.5], "texture": "#1"}
			}
		},
		{
			"from": [4.60597, 19.31067, 7.5875],
			"to": [11.65597, 26.53567, 7.5875],
			"rotation": {"angle": 0, "axis": "y", "origin": [1.50597, 4.12067, 0.8125]},
			"faces": {
				"north": {"uv": [6.25, 2.75, 9, 6], "texture": "#1"},
				"east": {"uv": [4.75, 0.25, 5, 2.5], "texture": "#1"},
				"south": {"uv": [7.25, 0.25, 5.25, 2.5], "texture": "#1"},
				"west": {"uv": [5, 0.25, 4.75, 2.5], "texture": "#1"},
				"up": {"uv": [6.75, 0.25, 4.75, 0], "texture": "#1"},
				"down": {"uv": [6.75, 0, 4.75, 0.25], "texture": "#1"}
			}
		},
		{
			"from": [5.30597, 17.62067, 7.8125],
			"to": [10.70597, 18.52067, 8.7125],
			"rotation": {"angle": 0, "axis": "y", "origin": [1.50597, 4.12067, 0.8125]},
			"faces": {
				"north": {"uv": [0.75, 2.5, 2.25, 2.75], "texture": "#1"},
				"east": {"uv": [2, 2.5, 2.25, 2.75], "texture": "#1"},
				"south": {"uv": [2.25, 2.5, 0.75, 2.75], "texture": "#1"},
				"west": {"uv": [2.25, 2.5, 2, 2.75], "texture": "#1"},
				"up": {"uv": [5, 12.25, 3, 10.25], "texture": "#1"},
				"down": {"uv": [2.25, 2.5, 0.75, 2.75], "texture": "#1"}
			}
		},
		{
			"from": [5.30597, 26.62067, 7.8125],
			"to": [10.70597, 27.52067, 8.7125],
			"rotation": {"angle": 0, "axis": "y", "origin": [1.50597, 4.12067, 0.8125]},
			"faces": {
				"north": {"uv": [0.75, 0, 2.25, 0.25], "texture": "#1"},
				"east": {"uv": [0.75, 0, 1, 0.25], "texture": "#1"},
				"south": {"uv": [2.25, 0, 0.75, 0.25], "texture": "#1"},
				"west": {"uv": [2.25, 0, 2, 0.25], "texture": "#1"},
				"up": {"uv": [2.25, 0.25, 0.75, 0], "texture": "#1"},
				"down": {"uv": [9, 13, 7, 15], "texture": "#1"}
			}
		},
		{
			"from": [2, 0, 2],
			"to": [14, 3, 14],
			"faces": {
				"north": {"uv": [12.5, 3.25, 15.5, 4], "texture": "#1"},
				"east": {"uv": [12.5, 4, 15.5, 4.75], "texture": "#1"},
				"south": {"uv": [15.5, 3.25, 12.5, 4], "texture": "#1"},
				"west": {"uv": [15.5, 4, 12.5, 4.75], "texture": "#1"},
				"up": {"uv": [6.25, 15.5, 3.25, 12.5], "texture": "#1"},
				"down": {"uv": [3, 12.5, 0, 15.5], "texture": "#1"}
			}
		},
		{
			"from": [4, 3, 4],
			"to": [12, 5, 12],
			"rotation": {"angle": 0, "axis": "y", "origin": [0, 3, 0]},
			"faces": {
				"north": {"uv": [5.25, 10.25, 7.25, 10.75], "texture": "#1"},
				"east": {"uv": [5.25, 11, 7.25, 11.5], "texture": "#1"},
				"south": {"uv": [7.25, 10.25, 5.25, 10.75], "texture": "#1"},
				"west": {"uv": [7.25, 11, 5.25, 11.5], "texture": "#1"},
				"up": {"uv": [5, 12.25, 3, 10.25], "texture": "#1"},
				"down": {"uv": [9, 13, 7, 15], "texture": "#1"}
			}
		},
		{
			"from": [6, 5, 6],
			"to": [10, 9, 10],
			"rotation": {"angle": 0, "axis": "y", "origin": [0, 5, 0]},
			"faces": {
				"north": {"uv": [5.25, 11.5, 6.25, 12.5], "texture": "#1"},
				"east": {"uv": [5.25, 11.5, 6.25, 12.5], "texture": "#1"},
				"south": {"uv": [5.25, 11.5, 6.25, 12.5], "texture": "#1"},
				"west": {"uv": [5.25, 11.5, 6.25, 12.5], "texture": "#1"},
				"up": {"uv": [9, 15, 7, 13], "texture": "#1"},
				"down": {"uv": [9, 13, 7, 15], "texture": "#1"}
			}
		},
		{
			"from": [1.75, 10, 7],
			"to": [4.75, 16, 9],
			"rotation": {"angle": 0, "axis": "y", "origin": [-5.25, 11, 0]},
			"faces": {
				"north": {"uv": [0.75, 8.5, 1.5, 10], "texture": "#1"},
				"east": {"uv": [5.25, 11.5, 6.25, 12.5], "texture": "#1"},
				"south": {"uv": [1.5, 8.5, 0.75, 10], "texture": "#1"},
				"west": {"uv": [1.5, 8.5, 2, 10], "texture": "#1"},
				"up": {"uv": [3.5, 9.25, 2.75, 8.75], "texture": "#1"},
				"down": {"uv": [3.5, 8.75, 2.75, 9.25], "texture": "#1"}
			}
		},
		{
			"from": [11.25, 10, 7],
			"to": [14.25, 16, 9],
			"rotation": {"angle": 0, "axis": "y", "origin": [21.25, 11, 0]},
			"faces": {
				"north": {"uv": [1.5, 8.5, 0.75, 10], "texture": "#1"},
				"east": {"uv": [2, 8.5, 1.5, 10], "texture": "#1"},
				"south": {"uv": [0.75, 8.5, 1.5, 10], "texture": "#1"},
				"west": {"uv": [6.25, 11.5, 5.25, 12.5], "texture": "#1"},
				"up": {"uv": [2.75, 9.25, 3.5, 8.75], "texture": "#1"},
				"down": {"uv": [3.5, 8.75, 2.75, 9.25], "texture": "#1"}
			}
		},
		{
			"from": [5, 9, 5],
			"to": [11, 14, 11],
			"rotation": {"angle": 0, "axis": "y", "origin": [0, 9, 0]},
			"faces": {
				"north": {"uv": [7, 12.25, 9, 12.75], "texture": "#1"},
				"east": {"uv": [7, 11.5, 9, 12], "texture": "#1"},
				"south": {"uv": [9, 12.25, 7, 12.75], "texture": "#1"},
				"west": {"uv": [9, 11.5, 7, 12], "texture": "#1"},
				"up": {"uv": [10.75, 13.25, 9.25, 11.75], "texture": "#1"},
				"down": {"uv": [10.75, 11.75, 9.25, 13.25], "texture": "#1"}
			}
		},
		{
			"from": [4, 9, 4],
			"to": [12, 18, 5],
			"rotation": {"angle": 0, "axis": "y", "origin": [0, 11, 0]},
			"faces": {
				"north": {"uv": [7, 12.75, 9, 15], "texture": "#1"},
				"east": {"uv": [6.75, 12.75, 7, 15], "texture": "#1"},
				"south": {"uv": [9, 13, 7, 15], "texture": "#1"},
				"west": {"uv": [7, 12.75, 6.75, 15], "texture": "#1"},
				"up": {"uv": [9, 12.75, 7, 12.5], "texture": "#1"},
				"down": {"uv": [9, 12.5, 7, 12.75], "texture": "#1"}
			}
		},
		{
			"from": [3.5, 10, 3.5],
			"to": [12.5, 18, 3.5],
			"rotation": {"angle": 0, "axis": "y", "origin": [0, 12, -0.5]},
			"faces": {
				"north": {"uv": [9.25, 13.25, 11.25, 15.25], "texture": "#1"},
				"east": {"uv": [7, 11.5, 9, 12], "texture": "#1"},
				"south": {"uv": [11.25, 13.25, 9.25, 15.25], "texture": "#1"},
				"west": {"uv": [9, 11.5, 7, 12], "texture": "#1"},
				"up": {"uv": [9, 15, 7, 13], "texture": "#1"},
				"down": {"uv": [9, 13, 7, 15], "texture": "#1"}
			}
		},
		{
			"from": [3.5, 10, 3.5],
			"to": [3.5, 18, 12.5],
			"rotation": {"angle": 0, "axis": "y", "origin": [3.5, 14, 3.5]},
			"faces": {
				"north": {"uv": [9, 11.5, 7, 12], "texture": "#1"},
				"east": {"uv": [11.5, 13, 13.5, 15], "texture": "#1"},
				"south": {"uv": [7, 11.5, 9, 12], "texture": "#1"},
				"west": {"uv": [11.5, 13, 13.5, 15], "texture": "#1"},
				"up": {"uv": [9, 15, 7, 13], "rotation": 90, "texture": "#1"},
				"down": {"uv": [9, 13, 7, 15], "rotation": 270, "texture": "#1"}
			}
		},
		{
			"from": [3.5, 18, 3.5],
			"to": [12.5, 18, 12.5],
			"rotation": {"angle": 0, "axis": "y", "origin": [3.5, 14, 3.5]},
			"faces": {
				"north": {"uv": [9, 11.5, 7, 12], "texture": "#1"},
				"east": {"uv": [11.5, 13, 13.5, 15], "texture": "#1"},
				"south": {"uv": [7, 11.5, 9, 12], "texture": "#1"},
				"west": {"uv": [11.5, 13, 13.5, 15], "texture": "#1"},
				"up": {"uv": [15.75, 13.5, 13.75, 11.5], "rotation": 90, "texture": "#1"},
				"down": {"uv": [15.75, 11.5, 13.75, 13.5], "rotation": 270, "texture": "#1"}
			}
		},
		{
			"from": [3.5, 10, 12.5],
			"to": [12.5, 18, 12.5],
			"rotation": {"angle": 0, "axis": "y", "origin": [0, 12, 16.5]},
			"faces": {
				"north": {"uv": [9.25, 13.25, 11.25, 15.25], "texture": "#1"},
				"east": {"uv": [9, 11.5, 7, 12], "texture": "#1"},
				"south": {"uv": [11.25, 13.25, 9.25, 15.25], "texture": "#1"},
				"west": {"uv": [7, 11.5, 9, 12], "texture": "#1"},
				"up": {"uv": [9, 13, 7, 15], "texture": "#1"},
				"down": {"uv": [9, 15, 7, 13], "texture": "#1"}
			}
		},
		{
			"from": [12.5, 10, 3.5],
			"to": [12.5, 18, 12.5],
			"rotation": {"angle": 0, "axis": "y", "origin": [12.5, 14, 3.5]},
			"faces": {
				"north": {"uv": [7, 11.5, 9, 12], "texture": "#1"},
				"east": {"uv": [13.5, 13, 11.5, 15], "texture": "#1"},
				"south": {"uv": [9, 11.5, 7, 12], "texture": "#1"},
				"west": {"uv": [13.5, 13, 11.5, 15], "texture": "#1"},
				"up": {"uv": [9, 13, 7, 15], "rotation": 90, "texture": "#1"},
				"down": {"uv": [9, 15, 7, 13], "rotation": 270, "texture": "#1"}
			}
		},
		{
			"from": [11, 9, 5],
			"to": [12, 18, 11],
			"rotation": {"angle": 0, "axis": "y", "origin": [0, 11, 0]},
			"faces": {
				"north": {"uv": [7, 12.25, 9, 12.75], "texture": "#1"},
				"east": {"uv": [7.25, 12.75, 8.75, 15], "texture": "#1"},
				"south": {"uv": [9, 12.25, 7, 12.75], "texture": "#1"},
				"west": {"uv": [8.75, 13, 7.25, 15], "texture": "#1"},
				"up": {"uv": [7.75, 11.25, 7.5, 9.75], "texture": "#1"},
				"down": {"uv": [8, 10, 7.75, 11.25], "texture": "#1"}
			}
		},
		{
			"from": [4, 9, 5],
			"to": [5, 18, 11],
			"rotation": {"angle": 0, "axis": "y", "origin": [-7, 11, 0]},
			"faces": {
				"north": {"uv": [7, 12.25, 9, 12.75], "texture": "#1"},
				"east": {"uv": [7.25, 13, 8.75, 15], "texture": "#1"},
				"south": {"uv": [9, 12.25, 7, 12.75], "texture": "#1"},
				"west": {"uv": [7.25, 12.75, 8.75, 15], "texture": "#1"},
				"up": {"uv": [7.75, 11.25, 7.5, 9.75], "texture": "#1"},
				"down": {"uv": [8.25, 9.75, 8, 11.25], "texture": "#1"}
			}
		},
		{
			"from": [4, 9, 11],
			"to": [12, 18, 12],
			"rotation": {"angle": 0, "axis": "y", "origin": [0, 11, 0]},
			"faces": {
				"north": {"uv": [7, 13, 9, 15], "texture": "#1"},
				"east": {"uv": [6.75, 12.75, 7, 15], "texture": "#1"},
				"south": {"uv": [9, 12.75, 7, 15], "texture": "#1"},
				"west": {"uv": [7, 12.75, 6.75, 15], "texture": "#1"},
				"up": {"uv": [7, 12.5, 9, 12.25], "texture": "#1"},
				"down": {"uv": [9, 12.25, 7, 12.5], "texture": "#1"}
			}
		}
	],
	"gui_light": "front",
	"display": {
		"thirdperson_righthand": {
			"rotation": [63.5, 0, 0],
			"translation": [0, 2.75, 2.25],
			"scale": [0.6, 0.6, 0.6]
		},
		"thirdperson_lefthand": {
			"rotation": [63.5, 0, 0],
			"translation": [0, 2.75, 2.25],
			"scale": [0.6, 0.6, 0.6]
		},
		"firstperson_righthand": {
			"rotation": [170.25, 45.05, -175.76],
			"translation": [3, 2, -0.5],
			"scale": [0.4, 0.4, 0.4]
		},
		"firstperson_lefthand": {
			"rotation": [170.25, 45.05, -175.76],
			"translation": [3, 2, -0.5],
			"scale": [0.4, 0.4, 0.4]
		},
		"ground": {
			"translation": [0, 5, 0],
			"scale": [0.8, 0.8, 0.8]
		},
		"gui": {
			"rotation": [0, -180, 0],
			"translation": [0.25, -1, 0],
			"scale": [0.9, 0.9, 0.9]
		},
		"head": {
			"translation": [0, 15.25, 0]
		},
		"fixed": {
			"rotation": [-90, 0, 0],
			"translation": [0, 0, -14.5],
			"scale": [1.8, 1.8, 1.8]
		}
	},
	"groups": [
		{
			"name": "group",
			"origin": [0, 0, 0],
			"color": 0,
			"children": [0, 1]
		},
		{
			"name": "group",
			"origin": [8, 8, 8],
			"color": 0,
			"children": [
				{
					"name": "group",
					"origin": [15.0597, 14.20671, 8.125],
					"color": 0,
					"children": [2, 3, 4, 5]
				}
			]
		},
		6,
		7,
		8,
		9,
		10,
		11,
		12,
		{
			"name": "group",
			"origin": [12.5, 12, 3.5],
			"color": 0,
			"children": [13, 14, 15, 16, 17]
		},
		18,
		19,
		20
	]
}