{
	"credit": "by Hoffen _InkGhoul",
	"textures": {
		"1": "custom:item/ranks/rank_mace_gray",
		"2": "custom:item/ranks/wind_animation_gray",
		"particle": "custom:item/ranks/wind_animation_gray"
	},
	"elements": [
		{
			"from": [2.25, 14, 3],
			"to": [12.5, 18.75, 13],
			"rotation": {"angle": 0, "axis": "z", "origin": [10.25, 14, 3]},
			"faces": {
				"north": {"uv": [0, 3, 8, 11], "texture": "#2"},
				"east": {"uv": [8, 0, 16, 8], "texture": "#2"},
				"south": {"uv": [0, 0, 8, 8], "texture": "#2"},
				"west": {"uv": [8, 3, 16, 11], "texture": "#2"},
				"up": {"uv": [0, 0, 2, 2], "texture": "#2"},
				"down": {"uv": [0, 0, 2, 2], "texture": "#2"}
			}
		},
		{
			"from": [-0.76903, 19.35247, 7.25],
			"to": [5.23097, 21.35247, 8.25],
			"rotation": {"angle": -45, "axis": "z", "origin": [5.25, 20.25, 6.375]},
			"faces": {
				"north": {"uv": [3.25, 0.75, 2.75, 2.25], "rotation": 90, "texture": "#1"},
				"east": {"uv": [2.75, 1.75, 3.25, 2.25], "rotation": 270, "texture": "#1"},
				"south": {"uv": [3.25, 0.75, 2.75, 2.25], "rotation": 270, "texture": "#1"},
				"west": {"uv": [14, 3, 14.5, 2.5], "rotation": 270, "texture": "#1"},
				"up": {"uv": [3, 0.75, 2.75, 2.25], "rotation": 270, "texture": "#1"},
				"down": {"uv": [3, 0.75, 2.75, 2.25], "rotation": 270, "texture": "#1"}
			}
		},
		{
			"from": [-0.14754, 23.26903, 6.5],
			"to": [2.35246, 25.76903, 9],
			"rotation": {"angle": 0, "axis": "z", "origin": [1.25, 23.25, 7.625]},
			"faces": {
				"north": {"uv": [5.5, 0.5, 4.75, 1.25], "texture": "#1"},
				"east": {"uv": [5.5, 0.5, 4.75, 1.25], "texture": "#1"},
				"south": {"uv": [5.5, 0.5, 4.75, 1.25], "texture": "#1"},
				"west": {"uv": [5.5, 0.5, 4.75, 1.25], "texture": "#1"},
				"up": {"uv": [4.75, 2.25, 5.5, 1.5], "texture": "#1"},
				"down": {"uv": [4.75, 1.25, 5.5, 1.5], "texture": "#1"}
			}
		},
		{
			"from": [8.85246, 13.51903, 6.75],
			"to": [11.35246, 16.01903, 9.25],
			"rotation": {"angle": 0, "axis": "z", "origin": [10.25, 13.5, 7.875]},
			"faces": {
				"north": {"uv": [5.5, 0.5, 4.75, 1.25], "texture": "#1"},
				"east": {"uv": [5.5, 0.5, 4.75, 1.25], "texture": "#1"},
				"south": {"uv": [5.5, 0.5, 4.75, 1.25], "texture": "#1"},
				"west": {"uv": [5.5, 0.5, 4.75, 1.25], "texture": "#1"},
				"up": {"uv": [4.75, 2.25, 5.5, 1.5], "texture": "#1"},
				"down": {"uv": [4.75, 1.25, 5.5, 1.5], "texture": "#1"}
			}
		},
		{
			"from": [4.76902, 16.64753, 4.5],
			"to": [11.76902, 23.64753, 11.5],
			"rotation": {"angle": -45, "axis": "z", "origin": [5.25, 20.25, 7.875]},
			"faces": {
				"north": {"uv": [11.75, 14, 13.75, 16], "texture": "#1"},
				"east": {"uv": [9.75, 14, 11.75, 16], "texture": "#1"},
				"south": {"uv": [11.75, 14, 13.75, 16], "texture": "#1"},
				"west": {"uv": [9.75, 14, 11.75, 16], "texture": "#1"},
				"up": {"uv": [13.75, 16, 11.75, 14], "texture": "#1"},
				"down": {"uv": [13.75, 14, 11.75, 16], "texture": "#1"}
			}
		},
		{
			"from": [2, 0, 2],
			"to": [14, 3, 14],
			"faces": {
				"north": {"uv": [12.5, 3.25, 15.5, 4], "texture": "#1"},
				"east": {"uv": [12.5, 4, 15.5, 4.75], "texture": "#1"},
				"south": {"uv": [15.5, 3.25, 12.5, 4], "texture": "#1"},
				"west": {"uv": [15.5, 4, 12.5, 4.75], "texture": "#1"},
				"up": {"uv": [6.25, 15.5, 3.25, 12.5], "texture": "#1"},
				"down": {"uv": [3, 12.5, 0, 15.5], "texture": "#1"}
			}
		},
		{
			"from": [3, 3, 3],
			"to": [13, 6, 13],
			"rotation": {"angle": 0, "axis": "y", "origin": [0, 3, 0]},
			"faces": {
				"north": {"uv": [7, 8.75, 9.5, 9.5], "texture": "#1"},
				"east": {"uv": [7, 8.75, 9.5, 9.5], "texture": "#1"},
				"south": {"uv": [9.5, 8.75, 7, 9.5], "texture": "#1"},
				"west": {"uv": [9.5, 8.75, 7, 9.5], "texture": "#1"},
				"up": {"uv": [9.25, 15.25, 6.75, 12.75], "texture": "#1"},
				"down": {"uv": [9, 13, 7, 15], "texture": "#1"}
			}
		},
		{
			"from": [2, 9.5, 3],
			"to": [14, 13.5, 13],
			"rotation": {"angle": 22.5, "axis": "z", "origin": [8, 11.5, 8]},
			"faces": {
				"north": {"uv": [3.75, 8.75, 7, 10], "texture": "#1"},
				"east": {"uv": [9.75, 8.75, 12.5, 10], "texture": "#1"},
				"south": {"uv": [7, 8.75, 3.75, 10], "texture": "#1"},
				"west": {"uv": [12.5, 8.75, 9.75, 10], "texture": "#1"},
				"up": {"uv": [5.25, 12.5, 2.75, 10], "texture": "#1"},
				"down": {"uv": [5.25, 10, 2.75, 12.5], "texture": "#1"}
			}
		},
		{
			"from": [4, 5, 4],
			"to": [12, 12, 12],
			"rotation": {"angle": 0, "axis": "y", "origin": [0, 5, 0]},
			"faces": {
				"north": {"uv": [5.25, 10.75, 7.25, 12.5], "texture": "#1"},
				"east": {"uv": [5.25, 10.75, 7.25, 12.5], "texture": "#1"},
				"south": {"uv": [5.25, 10.75, 7.25, 12.5], "texture": "#1"},
				"west": {"uv": [5.25, 10.75, 7.25, 12.5], "texture": "#1"},
				"up": {"uv": [9, 15, 7, 13], "texture": "#1"},
				"down": {"uv": [9, 13, 7, 15], "texture": "#1"}
			}
		}
	],
	"gui_light": "front",
	"display": {
		"thirdperson_righthand": {
			"rotation": [63.5, 0, 0],
			"translation": [0, 2.75, 2.25],
			"scale": [0.6, 0.6, 0.6]
		},
		"thirdperson_lefthand": {
			"rotation": [63.5, 0, 0],
			"translation": [0, 2.75, 2.25],
			"scale": [0.6, 0.6, 0.6]
		},
		"firstperson_righthand": {
			"rotation": [170.25, 45.05, -175.76],
			"translation": [3, 2, -0.5],
			"scale": [0.4, 0.4, 0.4]
		},
		"firstperson_lefthand": {
			"rotation": [170.25, 45.05, -175.76],
			"translation": [3, 2, -0.5],
			"scale": [0.4, 0.4, 0.4]
		},
		"ground": {
			"translation": [0, 5, 0],
			"scale": [0.8, 0.8, 0.8]
		},
		"gui": {
			"rotation": [0, -180, 0],
			"translation": [0.25, -1, 0],
			"scale": [0.9, 0.9, 0.9]
		},
		"head": {
			"translation": [0, 15.25, 0]
		},
		"fixed": {
			"rotation": [-90, 0, 0],
			"translation": [0, 0, -14.5],
			"scale": [1.8, 1.8, 1.8]
		}
	},
	"groups": [
		{
			"name": "group",
			"origin": [0, 0, 0],
			"color": 0,
			"children": [0]
		},
		{
			"name": "group",
			"origin": [8, 8, 8],
			"color": 0,
			"children": [1, 2, 3, 4]
		},
		5,
		6,
		7,
		8,
		{
			"name": "group",
			"origin": [12.5, 12, 3.5],
			"color": 0,
			"children": []
		}
	]
}