{
	"credit": "by Hoffen _InkGhoul",
	"texture_size": [64, 64],
	"textures": {
		"1": "custom:item/ranks/column_prismarine",
		"3": "custom:item/ranks/rank_guardian"
	},
	"elements": [
		{
			"from": [2, 0, 2],
			"to": [14, 3, 14],
			"faces": {
				"north": {"uv": [12.5, 3.25, 15.5, 4], "texture": "#3"},
				"east": {"uv": [12.5, 4, 15.5, 4.75], "texture": "#3"},
				"south": {"uv": [15.5, 3.25, 12.5, 4], "texture": "#3"},
				"west": {"uv": [15.5, 4, 12.5, 4.75], "texture": "#3"},
				"up": {"uv": [6.25, 15.5, 3.25, 12.5], "texture": "#3"},
				"down": {"uv": [3, 12.5, 0, 15.5], "texture": "#3"}
			}
		},
		{
			"from": [12.75, 21.95, 7],
			"to": [17, 24.45, 7],
			"rotation": {"angle": 45, "axis": "z", "origin": [14.25, 20, 7]},
			"faces": {
				"north": {"uv": [1, 8.5, 0.25, 9], "texture": "#3"},
				"east": {"uv": [2, 8.5, 1.5, 9.5], "texture": "#3"},
				"south": {"uv": [0.25, 8.5, 1, 9], "texture": "#3"},
				"west": {"uv": [6.25, 11.5, 5.25, 12.5], "texture": "#3"},
				"up": {"uv": [0.25, 10, 0.75, 9.5], "texture": "#3"},
				"down": {"uv": [0.25, 9.5, 0.75, 10], "texture": "#3"}
			}
		},
		{
			"from": [8.45, 24, 8],
			"to": [16.45, 32, 8],
			"rotation": {"angle": 22.5, "axis": "z", "origin": [14.25, 21, 8]},
			"faces": {
				"north": {"uv": [6, 4.5, 4, 6.5], "rotation": 180, "texture": "#3"},
				"east": {"uv": [6.25, 11.5, 5.25, 12.5], "rotation": 180, "texture": "#3"},
				"south": {"uv": [4, 4.5, 6, 6.5], "rotation": 180, "texture": "#3"},
				"west": {"uv": [2, 8.5, 1.5, 9.5], "rotation": 180, "texture": "#3"},
				"up": {"uv": [0.25, 9.5, 0.75, 10], "rotation": 180, "texture": "#3"},
				"down": {"uv": [0.25, 10, 0.75, 9.5], "rotation": 180, "texture": "#3"}
			}
		},
		{
			"from": [6.95, 21.75, 12],
			"to": [9.2, 26.25, 12],
			"rotation": {"angle": 45, "axis": "x", "origin": [4.75, 23, 12]},
			"faces": {
				"north": {"uv": [0.25, 8.5, 1, 9], "rotation": 270, "texture": "#3"},
				"east": {"uv": [0.75, 10, 0.25, 9.5], "rotation": 90, "texture": "#3"},
				"south": {"uv": [1, 8.5, 0.25, 9], "rotation": 90, "texture": "#3"},
				"west": {"uv": [0.75, 9.5, 0.25, 10], "rotation": 90, "texture": "#3"},
				"up": {"uv": [1.5, 8.5, 2, 9.5], "rotation": 90, "texture": "#3"},
				"down": {"uv": [5.25, 11.5, 6.25, 12.5], "rotation": 90, "texture": "#3"}
			}
		},
		{
			"from": [12.75, 13.55, 7],
			"to": [17, 16.05, 7],
			"rotation": {"angle": -22.5, "axis": "z", "origin": [14.25, 19, 7]},
			"faces": {
				"north": {"uv": [1, 9, 0.25, 8.5], "texture": "#3"},
				"east": {"uv": [2, 9.5, 1.5, 8.5], "texture": "#3"},
				"south": {"uv": [0.25, 9, 1, 8.5], "texture": "#3"},
				"west": {"uv": [6.25, 12.5, 5.25, 11.5], "texture": "#3"},
				"up": {"uv": [0.25, 10, 0.75, 9.5], "texture": "#3"},
				"down": {"uv": [0.25, 9.5, 0.75, 10], "texture": "#3"}
			}
		},
		{
			"from": [10.75, 17.05, 14.1],
			"to": [14, 19.55, 14.1],
			"rotation": {"angle": -45, "axis": "y", "origin": [14.25, 22.5, 14.1]},
			"faces": {
				"north": {"uv": [1, 9, 0.25, 8.5], "texture": "#3"},
				"east": {"uv": [5.25, 12.5, 6.25, 11.5], "texture": "#3"},
				"south": {"uv": [0.25, 9, 1, 8.5], "texture": "#3"},
				"west": {"uv": [1.5, 9.5, 2, 8.5], "texture": "#3"},
				"up": {"uv": [0.25, 9.5, 0.75, 10], "rotation": 180, "texture": "#3"},
				"down": {"uv": [0.25, 10, 0.75, 9.5], "rotation": 180, "texture": "#3"}
			}
		},
		{
			"from": [-1, 21.95, 7],
			"to": [3.25, 24.45, 7],
			"rotation": {"angle": -45, "axis": "z", "origin": [1.75, 20, 7]},
			"faces": {
				"north": {"uv": [0.25, 8.5, 1, 9], "texture": "#3"},
				"east": {"uv": [5.25, 11.5, 6.25, 12.5], "texture": "#3"},
				"south": {"uv": [1, 8.5, 0.25, 9], "texture": "#3"},
				"west": {"uv": [1.5, 8.5, 2, 9.5], "texture": "#3"},
				"up": {"uv": [0.75, 10, 0.25, 9.5], "texture": "#3"},
				"down": {"uv": [0.75, 9.5, 0.25, 10], "texture": "#3"}
			}
		},
		{
			"from": [2, 17.05, 14.1],
			"to": [5.25, 19.55, 14.1],
			"rotation": {"angle": 45, "axis": "y", "origin": [1.75, 22.5, 14.1]},
			"faces": {
				"north": {"uv": [0.25, 9, 1, 8.5], "texture": "#3"},
				"east": {"uv": [2, 9.5, 1.5, 8.5], "texture": "#3"},
				"south": {"uv": [1, 9, 0.25, 8.5], "texture": "#3"},
				"west": {"uv": [6.25, 12.5, 5.25, 11.5], "texture": "#3"},
				"up": {"uv": [0.75, 9.5, 0.25, 10], "rotation": 180, "texture": "#3"},
				"down": {"uv": [0.75, 10, 0.25, 9.5], "rotation": 180, "texture": "#3"}
			}
		},
		{
			"from": [-1, 13.55, 7],
			"to": [3.25, 16.05, 7],
			"rotation": {"angle": 22.5, "axis": "z", "origin": [1.75, 19, 7]},
			"faces": {
				"north": {"uv": [0.25, 9, 1, 8.5], "texture": "#3"},
				"east": {"uv": [5.25, 12.5, 6.25, 11.5], "texture": "#3"},
				"south": {"uv": [1, 9, 0.25, 8.5], "texture": "#3"},
				"west": {"uv": [1.5, 9.5, 2, 8.5], "texture": "#3"},
				"up": {"uv": [0.75, 10, 0.25, 9.5], "texture": "#3"},
				"down": {"uv": [0.75, 9.5, 0.25, 10], "texture": "#3"}
			}
		},
		{
			"from": [4, 15, 4],
			"to": [12, 23, 12],
			"rotation": {"angle": 0, "axis": "y", "origin": [0, 16, 0]},
			"faces": {
				"north": {"uv": [7.5, 1.75, 9.25, 3.5], "texture": "#3"},
				"east": {"uv": [5, 1.75, 6.75, 3.5], "texture": "#3"},
				"south": {"uv": [6.75, 1.75, 5, 3.5], "texture": "#3"},
				"west": {"uv": [6.75, 1.75, 5, 3.5], "texture": "#3"},
				"up": {"uv": [9.25, 6, 7.5, 4.25], "texture": "#3"},
				"down": {"uv": [9.25, 4.25, 7.5, 6], "texture": "#3"}
			}
		},
		{
			"from": [3.5, 15.5, 3.5],
			"to": [12.5, 23.5, 3.5],
			"rotation": {"angle": 0, "axis": "y", "origin": [0, 17.5, -0.5]},
			"faces": {
				"north": {"uv": [0.75, 1, 2.75, 3], "texture": "#3"},
				"east": {"uv": [7, 11.5, 9, 12], "texture": "#3"},
				"south": {"uv": [11.25, 13.25, 9.25, 15.25], "texture": "#3"},
				"west": {"uv": [9, 11.5, 7, 12], "texture": "#3"},
				"up": {"uv": [9, 15, 7, 13], "texture": "#3"},
				"down": {"uv": [9, 13, 7, 15], "texture": "#3"}
			}
		},
		{
			"from": [2, 11, 3],
			"to": [14, 15, 13],
			"rotation": {"angle": 0, "axis": "y", "origin": [0, 11, 0]},
			"faces": {
				"north": {"uv": [3.75, 8.75, 7, 10], "texture": "#1"},
				"east": {"uv": [9.75, 8.75, 12.5, 10], "texture": "#1"},
				"south": {"uv": [7, 8.75, 3.75, 10], "texture": "#1"},
				"west": {"uv": [12.5, 8.75, 9.75, 10], "texture": "#1"},
				"up": {"uv": [5.25, 12.5, 2.75, 10], "texture": "#1"},
				"down": {"uv": [5.25, 10, 2.75, 12.5], "texture": "#1"}
			}
		},
		{
			"from": [4, 5, 4],
			"to": [12, 12, 12],
			"rotation": {"angle": 0, "axis": "y", "origin": [0, 5, 0]},
			"faces": {
				"north": {"uv": [5.25, 10.75, 7.25, 12.5], "texture": "#1"},
				"east": {"uv": [5.25, 10.75, 7.25, 12.5], "texture": "#1"},
				"south": {"uv": [5.25, 10.75, 7.25, 12.5], "texture": "#1"},
				"west": {"uv": [5.25, 10.75, 7.25, 12.5], "texture": "#1"},
				"up": {"uv": [9, 15, 7, 13], "texture": "#1"},
				"down": {"uv": [9, 13, 7, 15], "texture": "#1"}
			}
		},
		{
			"from": [3, 3, 3],
			"to": [13, 6, 13],
			"rotation": {"angle": 0, "axis": "y", "origin": [0, 3, 0]},
			"faces": {
				"north": {"uv": [7, 8.75, 9.5, 9.5], "texture": "#1"},
				"east": {"uv": [7, 8.75, 9.5, 9.5], "texture": "#1"},
				"south": {"uv": [9.5, 8.75, 7, 9.5], "texture": "#1"},
				"west": {"uv": [9.5, 8.75, 7, 9.5], "texture": "#1"},
				"up": {"uv": [9.25, 15.25, 6.75, 12.75], "texture": "#1"},
				"down": {"uv": [9, 13, 7, 15], "texture": "#1"}
			}
		}
	],
	"gui_light": "front",
	"display": {
		"thirdperson_righthand": {
			"rotation": [63.5, 0, 0],
			"translation": [0, 2.75, 2.25],
			"scale": [0.6, 0.6, 0.6]
		},
		"thirdperson_lefthand": {
			"rotation": [63.5, 0, 0],
			"translation": [0, 2.75, 2.25],
			"scale": [0.6, 0.6, 0.6]
		},
		"firstperson_righthand": {
			"rotation": [170.25, 45.05, -175.76],
			"translation": [3, 2, -0.5],
			"scale": [0.4, 0.4, 0.4]
		},
		"firstperson_lefthand": {
			"rotation": [170.25, 45.05, -175.76],
			"translation": [3, 2, -0.5],
			"scale": [0.4, 0.4, 0.4]
		},
		"ground": {
			"translation": [0, 5, 0],
			"scale": [0.8, 0.8, 0.8]
		},
		"gui": {
			"rotation": [0, -180, 0],
			"translation": [0.25, -1, 0],
			"scale": [0.9, 0.9, 0.9]
		},
		"head": {
			"translation": [0, 15.25, 0]
		},
		"fixed": {
			"rotation": [-90, 0, 0],
			"translation": [0, 0, -14.5],
			"scale": [1.8, 1.8, 1.8]
		}
	},
	"groups": [
		{
			"name": "group",
			"origin": [0, 0, 0],
			"color": 0,
			"children": []
		},
		{
			"name": "group",
			"origin": [8, 8, 8],
			"color": 0,
			"children": []
		},
		0,
		1,
		2,
		3,
		4,
		5,
		6,
		7,
		8,
		9,
		{
			"name": "group",
			"origin": [12.5, 12, 3.5],
			"color": 0,
			"children": [10]
		},
		{
			"name": "group",
			"origin": [0, 3, 0],
			"color": 0,
			"children": [11, 12, 13]
		}
	]
}