{
	"credit": "by Hoffen _InkGhoul",
	"texture_size": [64, 64],
	"textures": {
		"1": "custom:item/ranks/rank_ender"
	},
	"elements": [
		{
			"from": [5.99999, 17.75, 7],
			"to": [9.99999, 21.75, 9],
			"rotation": {"angle": 22.5, "axis": "x", "origin": [7.99999, 19.75, 8]},
			"faces": {
				"north": {"uv": [3.25, 0.75, 1.25, 2.75], "texture": "#1"},
				"east": {"uv": [14.75, 0.25, 15.25, 2.25], "texture": "#1"},
				"south": {"uv": [1.25, 0.75, 3.25, 2.75], "texture": "#1"},
				"west": {"uv": [15.25, 0.25, 14.75, 2.25], "texture": "#1"},
				"up": {"uv": [12.5, 3, 14.5, 2.5], "texture": "#1"},
				"down": {"uv": [12.5, 2.5, 14.5, 3], "texture": "#1"}
			}
		},
		{
			"from": [9.99999, 17.75, 7],
			"to": [10.99999, 21.75, 9],
			"rotation": {"angle": 22.5, "axis": "x", "origin": [7.99999, 19.75, 8]},
			"faces": {
				"north": {"uv": [1.25, 0.75, 0.75, 2.75], "texture": "#1"},
				"east": {"uv": [14.75, 0.25, 15.25, 2.25], "texture": "#1"},
				"south": {"uv": [3.75, 0.75, 3.25, 2.75], "texture": "#1"},
				"west": {"uv": [15.25, 0.25, 14.75, 2.25], "texture": "#1"},
				"up": {"uv": [4, 2, 4.25, 1.5], "texture": "#1"},
				"down": {"uv": [4, 1.5, 4.25, 1.75], "texture": "#1"}
			}
		},
		{
			"from": [4.99999, 17.75, 7],
			"to": [5.99999, 21.75, 9],
			"rotation": {"angle": 22.5, "axis": "x", "origin": [7.99999, 19.75, 8]},
			"faces": {
				"north": {"uv": [3.75, 0.75, 3.25, 2.75], "texture": "#1"},
				"east": {"uv": [14.75, 0.25, 15.25, 2.25], "texture": "#1"},
				"south": {"uv": [1.25, 0.75, 0.75, 2.75], "texture": "#1"},
				"west": {"uv": [15.25, 0.25, 14.75, 2.25], "texture": "#1"},
				"up": {"uv": [4, 2, 4.25, 1.5], "texture": "#1"},
				"down": {"uv": [4, 1.5, 4, 1.75], "texture": "#1"}
			}
		},
		{
			"from": [5.99999, 21.75, 7],
			"to": [9.99999, 22.75, 9],
			"rotation": {"angle": 22.5, "axis": "x", "origin": [7.99999, 19.75, 8]},
			"faces": {
				"north": {"uv": [3.25, 0.25, 1.25, 0.75], "texture": "#1"},
				"east": {"uv": [14.75, 0.25, 15.25, 0.75], "texture": "#1"},
				"south": {"uv": [1.25, 0.25, 3.25, 0.75], "texture": "#1"},
				"west": {"uv": [15.25, 0.25, 14.75, 0.75], "texture": "#1"},
				"up": {"uv": [12.5, 3, 14.5, 2.5], "texture": "#1"},
				"down": {"uv": [12.5, 2.5, 14.5, 3], "texture": "#1"}
			}
		},
		{
			"from": [5.99999, 16.75, 7],
			"to": [9.99999, 17.75, 9],
			"rotation": {"angle": 22.5, "axis": "x", "origin": [7.99999, 19.75, 8]},
			"faces": {
				"north": {"uv": [3.25, 2.75, 1.25, 3.25], "texture": "#1"},
				"east": {"uv": [14.75, 0.25, 15.25, 2.25], "texture": "#1"},
				"south": {"uv": [1.25, 2.75, 3.25, 3.25], "texture": "#1"},
				"west": {"uv": [15.25, 0.25, 14.75, 2.25], "texture": "#1"},
				"up": {"uv": [12.5, 3, 14.5, 2.5], "texture": "#1"},
				"down": {"uv": [12.5, 2.5, 14.5, 3], "texture": "#1"}
			}
		},
		{
			"from": [2, 0, 2],
			"to": [14, 3, 14],
			"faces": {
				"north": {"uv": [12.5, 3.25, 15.5, 4], "texture": "#1"},
				"east": {"uv": [12.5, 4, 15.5, 4.75], "texture": "#1"},
				"south": {"uv": [15.5, 3.25, 12.5, 4], "texture": "#1"},
				"west": {"uv": [15.5, 4, 12.5, 4.75], "texture": "#1"},
				"up": {"uv": [6.25, 15.5, 3.25, 12.5], "texture": "#1"},
				"down": {"uv": [3, 12.5, 0, 15.5], "texture": "#1"}
			}
		},
		{
			"from": [3, 3, 3],
			"to": [13, 6, 13],
			"rotation": {"angle": 0, "axis": "y", "origin": [0, 3, 0]},
			"faces": {
				"north": {"uv": [7, 8.75, 9.5, 9.5], "texture": "#1"},
				"east": {"uv": [7, 8.75, 9.5, 9.5], "texture": "#1"},
				"south": {"uv": [9.5, 8.75, 7, 9.5], "texture": "#1"},
				"west": {"uv": [9.5, 8.75, 7, 9.5], "texture": "#1"},
				"up": {"uv": [9.25, 15.25, 6.75, 12.75], "texture": "#1"},
				"down": {"uv": [9, 13, 7, 15], "texture": "#1"}
			}
		},
		{
			"from": [2, 11, 3],
			"to": [14, 15, 13],
			"rotation": {"angle": 0, "axis": "y", "origin": [0, 11, 0]},
			"faces": {
				"north": {"uv": [3.75, 8.75, 7, 10], "texture": "#1"},
				"east": {"uv": [9.75, 8.75, 12.5, 10], "texture": "#1"},
				"south": {"uv": [7, 8.75, 3.75, 10], "texture": "#1"},
				"west": {"uv": [12.5, 8.75, 9.75, 10], "texture": "#1"},
				"up": {"uv": [5.25, 12.5, 2.75, 10], "texture": "#1"},
				"down": {"uv": [5.25, 10, 2.75, 12.5], "texture": "#1"}
			}
		},
		{
			"from": [3, 15, 3],
			"to": [13, 25, 13],
			"rotation": {"angle": 0, "axis": "y", "origin": [0, 15, 0]},
			"faces": {
				"north": {"uv": [10.75, 13, 13.75, 16], "texture": "#1"},
				"east": {"uv": [10.75, 13, 13.75, 16], "texture": "#1"},
				"south": {"uv": [10.75, 13, 13.75, 16], "texture": "#1"},
				"west": {"uv": [10.75, 13, 13.75, 16], "texture": "#1"},
				"up": {"uv": [13.75, 16, 10.75, 13], "texture": "#1"},
				"down": {"uv": [9, 13, 7, 15], "texture": "#1"}
			}
		},
		{
			"from": [4, 5, 4],
			"to": [12, 12, 12],
			"rotation": {"angle": 0, "axis": "y", "origin": [0, 5, 0]},
			"faces": {
				"north": {"uv": [5.25, 10.75, 7.25, 12.5], "texture": "#1"},
				"east": {"uv": [5.25, 10.75, 7.25, 12.5], "texture": "#1"},
				"south": {"uv": [5.25, 10.75, 7.25, 12.5], "texture": "#1"},
				"west": {"uv": [5.25, 10.75, 7.25, 12.5], "texture": "#1"},
				"up": {"uv": [9, 15, 7, 13], "texture": "#1"},
				"down": {"uv": [9, 13, 7, 15], "texture": "#1"}
			}
		},
		{
			"from": [4.5, 14, 4.5],
			"to": [11.5, 17, 11.5],
			"rotation": {"angle": 0, "axis": "y", "origin": [0, 10, 0]},
			"faces": {
				"north": {"uv": [0.5, 7.5, 2.5, 8.25], "texture": "#1"},
				"east": {"uv": [0.5, 7.5, 2.5, 8.25], "texture": "#1"},
				"south": {"uv": [0.5, 7.5, 2.5, 8.25], "texture": "#1"},
				"west": {"uv": [0.5, 7.5, 2.5, 8.25], "texture": "#1"},
				"up": {"uv": [15, 10.75, 13, 8.75], "texture": "#1"},
				"down": {"uv": [9, 13, 7, 15], "texture": "#1"}
			}
		},
		{
			"from": [5.5, 17, 4],
			"to": [5.5, 21, 12],
			"rotation": {"angle": 0, "axis": "y", "origin": [2.5, 13, 1]},
			"faces": {
				"north": {"uv": [5.25, 11, 6.75, 12.5], "texture": "#1"},
				"east": {"uv": [9.75, 7.5, 11.75, 8.5], "texture": "#1"},
				"south": {"uv": [5.25, 11.5, 6.25, 12.5], "texture": "#1"},
				"west": {"uv": [11.75, 7.5, 9.75, 8.5], "texture": "#1"},
				"up": {"uv": [9, 15, 7, 13], "texture": "#1"},
				"down": {"uv": [9, 13, 7, 15], "texture": "#1"}
			}
		},
		{
			"from": [10.5, 17, 4],
			"to": [10.5, 21, 12],
			"rotation": {"angle": 0, "axis": "y", "origin": [7.5, 13, 1]},
			"faces": {
				"north": {"uv": [5.25, 11, 6.75, 12.5], "texture": "#1"},
				"east": {"uv": [9.75, 7.5, 11.75, 8.5], "texture": "#1"},
				"south": {"uv": [5.25, 11.5, 6.25, 12.5], "texture": "#1"},
				"west": {"uv": [11.75, 7.5, 9.75, 8.5], "texture": "#1"},
				"up": {"uv": [9, 15, 7, 13], "texture": "#1"},
				"down": {"uv": [9, 13, 7, 15], "texture": "#1"}
			}
		},
		{
			"from": [3.5, 6.25, 2.5],
			"to": [12.5, 15.25, 2.5],
			"rotation": {"angle": 0, "axis": "y", "origin": [0, 9.25, -1.5]},
			"faces": {
				"north": {"uv": [13.25, 5, 15.5, 7.25], "texture": "#1"},
				"east": {"uv": [7, 11.5, 9, 12], "texture": "#1"},
				"south": {"uv": [15.5, 5, 13.25, 7.25], "texture": "#1"},
				"west": {"uv": [9, 11.5, 7, 12], "texture": "#1"},
				"up": {"uv": [9, 15, 7, 13], "texture": "#1"},
				"down": {"uv": [9, 13, 7, 15], "texture": "#1"}
			}
		},
		{
			"from": [3.5, 6.25, 13.5],
			"to": [12.5, 15.25, 13.5],
			"rotation": {"angle": 0, "axis": "y", "origin": [0, 9.25, 17.5]},
			"faces": {
				"north": {"uv": [13.25, 5, 15.5, 7.25], "texture": "#1"},
				"east": {"uv": [9, 11.5, 7, 12], "texture": "#1"},
				"south": {"uv": [15.5, 5, 13.25, 7.25], "texture": "#1"},
				"west": {"uv": [7, 11.5, 9, 12], "texture": "#1"},
				"up": {"uv": [9, 13, 7, 15], "texture": "#1"},
				"down": {"uv": [9, 15, 7, 13], "texture": "#1"}
			}
		},
		{
			"from": [3.5, 15.25, 2.5],
			"to": [12.5, 15.25, 13.5],
			"rotation": {"angle": 0, "axis": "y", "origin": [3.5, 11.25, 1.5]},
			"faces": {
				"north": {"uv": [9, 11.5, 7, 12], "texture": "#1"},
				"east": {"uv": [13.5, 10.75, 13.5, 12.75], "texture": "#1"},
				"south": {"uv": [7, 11.5, 9, 12], "texture": "#1"},
				"west": {"uv": [13.5, 10.75, 13.5, 12.75], "texture": "#1"},
				"up": {"uv": [16, 13, 13.25, 10.75], "rotation": 90, "texture": "#1"},
				"down": {"uv": [16, 10.75, 13.25, 13], "rotation": 270, "texture": "#1"}
			}
		}
	],
	"gui_light": "front",
	"display": {
		"thirdperson_righthand": {
			"rotation": [63.5, 0, 0],
			"translation": [0, 2.75, 2.25],
			"scale": [0.6, 0.6, 0.6]
		},
		"thirdperson_lefthand": {
			"rotation": [63.5, 0, 0],
			"translation": [0, 2.75, 2.25],
			"scale": [0.6, 0.6, 0.6]
		},
		"firstperson_righthand": {
			"rotation": [170.25, 45.05, -175.76],
			"translation": [3, 2, -0.5],
			"scale": [0.4, 0.4, 0.4]
		},
		"firstperson_lefthand": {
			"rotation": [170.25, 45.05, -175.76],
			"translation": [3, 2, -0.5],
			"scale": [0.4, 0.4, 0.4]
		},
		"ground": {
			"translation": [0, 5, 0],
			"scale": [0.8, 0.8, 0.8]
		},
		"gui": {
			"rotation": [0, -180, 0],
			"translation": [0.25, -1, 0],
			"scale": [0.9, 0.9, 0.9]
		},
		"head": {
			"translation": [0, 15.25, 0]
		},
		"fixed": {
			"rotation": [-90, 0, 0],
			"translation": [0, 0, -14.5],
			"scale": [1.8, 1.8, 1.8]
		}
	},
	"groups": [
		{
			"name": "group",
			"origin": [0, 0, 0],
			"color": 0,
			"children": []
		},
		{
			"name": "group",
			"origin": [8, 8, 8],
			"color": 0,
			"children": [0, 1, 2, 3, 4]
		},
		5,
		6,
		7,
		8,
		9,
		10,
		11,
		12,
		{
			"name": "group",
			"origin": [12.5, 12, 3.5],
			"color": 0,
			"children": [13, 14, 15]
		}
	]
}