{
	"credit": "by Hoffen _InkGhoul",
	"texture_size": [64, 64],
	"textures": {
		"3": "custom:item/ranks/rank_stone"
	},
	"elements": [
		{
			"from": [2, 0, 2],
			"to": [14, 3, 14],
			"faces": {
				"north": {"uv": [12.5, 3.25, 15.5, 4], "texture": "#3"},
				"east": {"uv": [12.5, 4, 15.5, 4.75], "texture": "#3"},
				"south": {"uv": [15.5, 3.25, 12.5, 4], "texture": "#3"},
				"west": {"uv": [15.5, 4, 12.5, 4.75], "texture": "#3"},
				"up": {"uv": [6.25, 15.5, 3.25, 12.5], "texture": "#3"},
				"down": {"uv": [3, 12.5, 0, 15.5], "texture": "#3"}
			}
		},
		{
			"from": [8.45, 24, 8],
			"to": [16.45, 32, 8],
			"rotation": {"angle": 22.5, "axis": "z", "origin": [14.25, 21, 8]},
			"faces": {
				"north": {"uv": [11.5, 13.5, 9.5, 15.5], "rotation": 180, "texture": "#3"},
				"east": {"uv": [0, 0, 1, 0], "rotation": 270, "texture": "#3"},
				"south": {"uv": [9.5, 13.5, 11.5, 15.5], "rotation": 180, "texture": "#3"},
				"west": {"uv": [0.5, 0, 0, 0], "rotation": 180, "texture": "#3"},
				"up": {"uv": [0, 0, 0.5, 0], "rotation": 180, "texture": "#3"},
				"down": {"uv": [0, 0, 0.5, 0], "rotation": 180, "texture": "#3"}
			}
		},
		{
			"from": [4, 15, 4],
			"to": [12, 23, 12],
			"rotation": {"angle": 0, "axis": "y", "origin": [0, 16, 0]},
			"faces": {
				"north": {"uv": [11, 11.5, 12.75, 13.25], "texture": "#3"},
				"east": {"uv": [11, 11.5, 12.75, 13.25], "texture": "#3"},
				"south": {"uv": [11, 11.5, 12.75, 13.25], "texture": "#3"},
				"west": {"uv": [11, 11.5, 12.75, 13.25], "texture": "#3"},
				"up": {"uv": [12.75, 13.25, 11, 11.5], "texture": "#3"},
				"down": {"uv": [12.75, 11.5, 11, 13.25], "texture": "#3"}
			}
		},
		{
			"from": [-1.85, 13, 3],
			"to": [18.15, 20, 3],
			"rotation": {"angle": 0, "axis": "y", "origin": [0, 16, 0]},
			"faces": {
				"north": {"uv": [0, 0, 10.25, 3.75], "texture": "#3"},
				"east": {"uv": [0, 0, 1.75, 0], "texture": "#3"},
				"south": {"uv": [10.25, 0, 0, 3.75], "texture": "#3"},
				"west": {"uv": [0, 0, 1.75, 0], "texture": "#3"},
				"up": {"uv": [1.75, 0, 0, 0], "texture": "#3"},
				"down": {"uv": [1.75, 0, 0, 0], "texture": "#3"}
			}
		},
		{
			"from": [-2.1, 12.75, 3.25],
			"to": [17.9, 19.75, 3.25],
			"rotation": {"angle": 0, "axis": "y", "origin": [0, 16, 0]},
			"faces": {
				"north": {"uv": [0, 4, 10.25, 7.75], "texture": "#3"},
				"east": {"uv": [0, 0, 1.75, 0], "texture": "#3"},
				"south": {"uv": [10.25, 4, 0, 7.75], "texture": "#3"},
				"west": {"uv": [0, 0, 1.75, 0], "texture": "#3"},
				"up": {"uv": [1.75, 0, 0, 0], "texture": "#3"},
				"down": {"uv": [1.75, 0, 0, 0], "texture": "#3"}
			}
		},
		{
			"from": [2, 11, 3],
			"to": [14, 15, 13],
			"rotation": {"angle": 0, "axis": "y", "origin": [0, 11, 0]},
			"faces": {
				"north": {"uv": [3.75, 8.75, 7, 10], "texture": "#3"},
				"east": {"uv": [9.75, 8.75, 12.5, 10], "texture": "#3"},
				"south": {"uv": [7, 8.75, 3.75, 10], "texture": "#3"},
				"west": {"uv": [12.5, 8.75, 9.75, 10], "texture": "#3"},
				"up": {"uv": [5.25, 12.5, 2.25, 10], "texture": "#3"},
				"down": {"uv": [6, 12.75, 3.5, 15.25], "texture": "#3"}
			}
		},
		{
			"from": [4, 5, 4],
			"to": [12, 12, 12],
			"rotation": {"angle": 0, "axis": "y", "origin": [0, 5, 0]},
			"faces": {
				"north": {"uv": [5.25, 10.75, 7.25, 12.5], "texture": "#3"},
				"east": {"uv": [5.25, 10.75, 7.25, 12.5], "texture": "#3"},
				"south": {"uv": [5.25, 10.75, 7.25, 12.5], "texture": "#3"},
				"west": {"uv": [5.25, 10.75, 7.25, 12.5], "texture": "#3"},
				"up": {"uv": [9, 15, 7, 13], "texture": "#3"},
				"down": {"uv": [9, 13, 7, 15], "texture": "#3"}
			}
		},
		{
			"from": [3, 3, 3],
			"to": [13, 6, 13],
			"rotation": {"angle": 0, "axis": "y", "origin": [0, 3, 0]},
			"faces": {
				"north": {"uv": [7, 8.75, 9.5, 9.5], "texture": "#3"},
				"east": {"uv": [7, 8.75, 9.5, 9.5], "texture": "#3"},
				"south": {"uv": [9.5, 8.75, 7, 9.5], "texture": "#3"},
				"west": {"uv": [9.5, 8.75, 7, 9.5], "texture": "#3"},
				"up": {"uv": [9.25, 15.25, 6.75, 12.75], "texture": "#3"},
				"down": {"uv": [9, 13, 7, 15], "texture": "#3"}
			}
		}
	],
	"gui_light": "front",
	"display": {
		"thirdperson_righthand": {
			"rotation": [63.5, 0, 0],
			"translation": [0, 2.75, 2.25],
			"scale": [0.6, 0.6, 0.6]
		},
		"thirdperson_lefthand": {
			"rotation": [63.5, 0, 0],
			"translation": [0, 2.75, 2.25],
			"scale": [0.6, 0.6, 0.6]
		},
		"firstperson_righthand": {
			"rotation": [170.25, 45.05, -175.76],
			"translation": [3, 2, -0.5],
			"scale": [0.4, 0.4, 0.4]
		},
		"firstperson_lefthand": {
			"rotation": [170.25, 45.05, -175.76],
			"translation": [3, 2, -0.5],
			"scale": [0.4, 0.4, 0.4]
		},
		"ground": {
			"translation": [0, 5, 0],
			"scale": [0.8, 0.8, 0.8]
		},
		"gui": {
			"rotation": [0, -180, 0],
			"translation": [0.25, -1, 0],
			"scale": [0.9, 0.9, 0.9]
		},
		"head": {
			"translation": [0, 15.25, 0]
		},
		"fixed": {
			"rotation": [-90, 0, 0],
			"translation": [0, 0, -14.5],
			"scale": [1.8, 1.8, 1.8]
		}
	},
	"groups": [
		{
			"name": "group",
			"origin": [0, 0, 0],
			"color": 0,
			"children": []
		},
		{
			"name": "group",
			"origin": [8, 8, 8],
			"color": 0,
			"children": []
		},
		0,
		1,
		2,
		3,
		4,
		{
			"name": "group",
			"origin": [12.5, 12, 3.5],
			"color": 0,
			"children": []
		},
		{
			"name": "group",
			"origin": [0, 3, 0],
			"color": 0,
			"children": [5, 6, 7]
		}
	]
}