{
	"credit": "by Hoffen _InkGhoul",
	"texture_size": [64, 64],
	"textures": {
		"1": "custom:item/ranks/rank5_clone"
	},
	"elements": [
		{
			"from": [-4.45, -2.35, 1.75],
			"to": [17.05, 5.15, 1.75],
			"rotation": {"angle": 0, "axis": "y", "origin": [-1, 0, 0]},
			"faces": {
				"north": {"uv": [0, 0, 10.25, 3.75], "texture": "#1"},
				"east": {"uv": [0, 0, 0, 4.75], "texture": "#1"},
				"south": {"uv": [10.25, 0, 0, 3.75], "texture": "#1"},
				"west": {"uv": [0, 0, 0, 4.75], "texture": "#1"},
				"up": {"uv": [12, 0, 0, 0], "texture": "#1"},
				"down": {"uv": [12, 0, 0, 0], "texture": "#1"}
			}
		},
		{
			"from": [-4, -2, 1.6],
			"to": [17, 5, 1.6],
			"rotation": {"angle": 0, "axis": "y", "origin": [-1, 0, 0]},
			"faces": {
				"north": {"uv": [0, 3.75, 10.25, 7.5], "texture": "#1"},
				"east": {"uv": [0, 0, 0, 4.75], "texture": "#1"},
				"south": {"uv": [10.25, 0, 0, 3.75], "texture": "#1"},
				"west": {"uv": [0, 0, 0, 4.75], "texture": "#1"},
				"up": {"uv": [12, 0, 0, 0], "texture": "#1"},
				"down": {"uv": [12, 0, 0, 0], "texture": "#1"}
			}
		},
		{
			"from": [3.5, 6.25, 3.25],
			"to": [12.5, 16.25, 3.25],
			"rotation": {"angle": 0, "axis": "y", "origin": [0, 10.25, -0.75]},
			"faces": {
				"north": {"uv": [0.5, 10, 2.75, 12.5], "texture": "#1"},
				"east": {"uv": [7, 11.5, 9, 12], "texture": "#1"},
				"south": {"uv": [2.75, 10, 0.5, 12.5], "texture": "#1"},
				"west": {"uv": [9, 11.5, 7, 12], "texture": "#1"},
				"up": {"uv": [9, 15, 7, 13], "texture": "#1"},
				"down": {"uv": [9, 13, 7, 15], "texture": "#1"}
			}
		},
		{
			"from": [4.06934, 12.35581, 7],
			"to": [10.06934, 18.35581, 9],
			"rotation": {"angle": -22.5, "axis": "z", "origin": [15.0597, 13.20671, 8.125]},
			"faces": {
				"north": {"uv": [14.5, 0.25, 12.5, 2.25], "texture": "#1"},
				"east": {"uv": [14.75, 0.25, 15.25, 2.25], "texture": "#1"},
				"south": {"uv": [12.5, 0.25, 14.5, 2.25], "texture": "#1"},
				"west": {"uv": [15.25, 0.25, 14.75, 2.25], "texture": "#1"},
				"up": {"uv": [12.5, 3, 14.5, 2.5], "texture": "#1"},
				"down": {"uv": [12.5, 2.5, 14.5, 3], "texture": "#1"}
			}
		},
		{
			"from": [2, 0, 2],
			"to": [14, 3, 14],
			"faces": {
				"north": {"uv": [12.5, 3.25, 15.5, 4], "texture": "#1"},
				"east": {"uv": [12.5, 4, 15.5, 4.75], "texture": "#1"},
				"south": {"uv": [15.5, 3.25, 12.5, 4], "texture": "#1"},
				"west": {"uv": [15.5, 4, 12.5, 4.75], "texture": "#1"},
				"up": {"uv": [6.25, 15.5, 3.25, 12.5], "texture": "#1"},
				"down": {"uv": [3, 12.5, 0, 15.5], "texture": "#1"}
			}
		},
		{
			"from": [4, 3, 4],
			"to": [12, 5, 12],
			"rotation": {"angle": 0, "axis": "y", "origin": [0, 3, 0]},
			"faces": {
				"north": {"uv": [5.25, 10.25, 7.25, 10.75], "texture": "#1"},
				"east": {"uv": [5.25, 11, 7.25, 11.5], "texture": "#1"},
				"south": {"uv": [7.25, 10.25, 5.25, 10.75], "texture": "#1"},
				"west": {"uv": [7.25, 11, 5.25, 11.5], "texture": "#1"},
				"up": {"uv": [5, 12.25, 3, 10.25], "texture": "#1"},
				"down": {"uv": [9, 13, 7, 15], "texture": "#1"}
			}
		},
		{
			"from": [6, 5, 6],
			"to": [10, 9, 10],
			"rotation": {"angle": 0, "axis": "y", "origin": [0, 5, 0]},
			"faces": {
				"north": {"uv": [5.25, 11.5, 6.25, 12.5], "texture": "#1"},
				"east": {"uv": [5.25, 11.5, 6.25, 12.5], "texture": "#1"},
				"south": {"uv": [5.25, 11.5, 6.25, 12.5], "texture": "#1"},
				"west": {"uv": [5.25, 11.5, 6.25, 12.5], "texture": "#1"},
				"up": {"uv": [9, 15, 7, 13], "texture": "#1"},
				"down": {"uv": [9, 13, 7, 15], "texture": "#1"}
			}
		},
		{
			"from": [5, 9, 5],
			"to": [11, 14, 11],
			"rotation": {"angle": 0, "axis": "y", "origin": [0, 9, 0]},
			"faces": {
				"north": {"uv": [7, 12.25, 9, 12.75], "texture": "#1"},
				"east": {"uv": [7, 11.5, 9, 12], "texture": "#1"},
				"south": {"uv": [9, 12.25, 7, 12.75], "texture": "#1"},
				"west": {"uv": [9, 11.5, 7, 12], "texture": "#1"},
				"up": {"uv": [10.75, 13.25, 9.25, 11.75], "texture": "#1"},
				"down": {"uv": [10.75, 11.75, 9.25, 13.25], "texture": "#1"}
			}
		},
		{
			"from": [4, 9, 4],
			"to": [12, 17, 5],
			"rotation": {"angle": 0, "axis": "y", "origin": [0, 11, 0]},
			"faces": {
				"north": {"uv": [7, 13, 9, 15], "texture": "#1"},
				"east": {"uv": [6.75, 13, 7, 15], "texture": "#1"},
				"south": {"uv": [9, 13, 7, 15], "texture": "#1"},
				"west": {"uv": [7, 13, 6.75, 15], "texture": "#1"},
				"up": {"uv": [9, 12.75, 7, 12.5], "texture": "#1"},
				"down": {"uv": [9, 12.5, 7, 12.75], "texture": "#1"}
			}
		},
		{
			"from": [3.5, 9.1, 3.5],
			"to": [12.5, 17.1, 3.5],
			"rotation": {"angle": 0, "axis": "y", "origin": [0, 11, -0.5]},
			"faces": {
				"north": {"uv": [9.25, 13.25, 11.25, 15.25], "texture": "#1"},
				"east": {"uv": [7, 11.5, 9, 12], "texture": "#1"},
				"south": {"uv": [11.25, 13.25, 9.25, 15.25], "texture": "#1"},
				"west": {"uv": [9, 11.5, 7, 12], "texture": "#1"},
				"up": {"uv": [9, 15, 7, 13], "texture": "#1"},
				"down": {"uv": [9, 13, 7, 15], "texture": "#1"}
			}
		},
		{
			"from": [3.5, 9.1, 3.5],
			"to": [3.5, 17.1, 12.5],
			"rotation": {"angle": 0, "axis": "y", "origin": [3.5, 13, 3.5]},
			"faces": {
				"north": {"uv": [9, 11.5, 7, 12], "texture": "#1"},
				"east": {"uv": [11.5, 13, 13.5, 15], "texture": "#1"},
				"south": {"uv": [7, 11.5, 9, 12], "texture": "#1"},
				"west": {"uv": [11.5, 13, 13.5, 15], "texture": "#1"},
				"up": {"uv": [9, 15, 7, 13], "rotation": 90, "texture": "#1"},
				"down": {"uv": [9, 13, 7, 15], "rotation": 270, "texture": "#1"}
			}
		},
		{
			"from": [3.5, 17.1, 3.5],
			"to": [12.5, 17.1, 12.5],
			"rotation": {"angle": 0, "axis": "y", "origin": [3.5, 13, 3.5]},
			"faces": {
				"north": {"uv": [9, 11.5, 7, 12], "texture": "#1"},
				"east": {"uv": [11.5, 13, 13.5, 15], "texture": "#1"},
				"south": {"uv": [7, 11.5, 9, 12], "texture": "#1"},
				"west": {"uv": [11.5, 13, 13.5, 15], "texture": "#1"},
				"up": {"uv": [15.75, 13.5, 13.75, 11.5], "rotation": 90, "texture": "#1"},
				"down": {"uv": [15.75, 11.5, 13.75, 13.5], "rotation": 270, "texture": "#1"}
			}
		},
		{
			"from": [3.5, 9.1, 12.5],
			"to": [12.5, 17.1, 12.5],
			"rotation": {"angle": 0, "axis": "y", "origin": [0, 11, 16.5]},
			"faces": {
				"north": {"uv": [9.25, 13.25, 11.25, 15.25], "texture": "#1"},
				"east": {"uv": [9, 11.5, 7, 12], "texture": "#1"},
				"south": {"uv": [11.25, 13.25, 9.25, 15.25], "texture": "#1"},
				"west": {"uv": [7, 11.5, 9, 12], "texture": "#1"},
				"up": {"uv": [9, 13, 7, 15], "texture": "#1"},
				"down": {"uv": [9, 15, 7, 13], "texture": "#1"}
			}
		},
		{
			"from": [12.5, 9.1, 3.5],
			"to": [12.5, 17.1, 12.5],
			"rotation": {"angle": 0, "axis": "y", "origin": [12.5, 13, 3.5]},
			"faces": {
				"north": {"uv": [7, 11.5, 9, 12], "texture": "#1"},
				"east": {"uv": [13.5, 13, 11.5, 15], "texture": "#1"},
				"south": {"uv": [9, 11.5, 7, 12], "texture": "#1"},
				"west": {"uv": [13.5, 13, 11.5, 15], "texture": "#1"},
				"up": {"uv": [9, 13, 7, 15], "rotation": 90, "texture": "#1"},
				"down": {"uv": [9, 15, 7, 13], "rotation": 270, "texture": "#1"}
			}
		},
		{
			"from": [11, 9, 5],
			"to": [12, 17, 11],
			"rotation": {"angle": 0, "axis": "y", "origin": [0, 11, 0]},
			"faces": {
				"north": {"uv": [7, 12.25, 9, 12.75], "texture": "#1"},
				"east": {"uv": [7.25, 13, 8.75, 15], "texture": "#1"},
				"south": {"uv": [9, 12.25, 7, 12.75], "texture": "#1"},
				"west": {"uv": [8.75, 13, 7.25, 15], "texture": "#1"},
				"up": {"uv": [7.75, 11.25, 7.5, 9.75], "texture": "#1"},
				"down": {"uv": [8, 10, 7.75, 11.25], "texture": "#1"}
			}
		},
		{
			"from": [4, 9, 5],
			"to": [5, 17, 11],
			"rotation": {"angle": 0, "axis": "y", "origin": [-7, 11, 0]},
			"faces": {
				"north": {"uv": [7, 12.25, 9, 12.75], "texture": "#1"},
				"east": {"uv": [7.25, 13, 8.75, 15], "texture": "#1"},
				"south": {"uv": [9, 12.25, 7, 12.75], "texture": "#1"},
				"west": {"uv": [7.25, 13, 8.75, 15], "texture": "#1"},
				"up": {"uv": [7.75, 11.25, 7.5, 9.75], "texture": "#1"},
				"down": {"uv": [8.25, 9.75, 8, 11.25], "texture": "#1"}
			}
		},
		{
			"from": [4, 9, 11],
			"to": [12, 17, 12],
			"rotation": {"angle": 0, "axis": "y", "origin": [0, 11, 0]},
			"faces": {
				"north": {"uv": [7, 13, 9, 15], "texture": "#1"},
				"east": {"uv": [6.75, 13, 7, 15], "texture": "#1"},
				"south": {"uv": [9, 13, 7, 15], "texture": "#1"},
				"west": {"uv": [7, 13, 6.75, 15], "texture": "#1"},
				"up": {"uv": [7, 12.5, 9, 12.25], "texture": "#1"},
				"down": {"uv": [9, 12.25, 7, 12.5], "texture": "#1"}
			}
		}
	],
	"gui_light": "front",
	"display": {
		"thirdperson_righthand": {
			"rotation": [63.5, 0, 0],
			"translation": [0, 2.75, 2.25],
			"scale": [0.6, 0.6, 0.6]
		},
		"thirdperson_lefthand": {
			"rotation": [63.5, 0, 0],
			"translation": [0, 2.75, 2.25],
			"scale": [0.6, 0.6, 0.6]
		},
		"firstperson_righthand": {
			"rotation": [170.25, 45.05, -175.76],
			"translation": [3, 2, -0.5],
			"scale": [0.4, 0.4, 0.4]
		},
		"firstperson_lefthand": {
			"rotation": [170.25, 45.05, -175.76],
			"translation": [3, 2, -0.5],
			"scale": [0.4, 0.4, 0.4]
		},
		"ground": {
			"translation": [0, 5, 0],
			"scale": [0.8, 0.8, 0.8]
		},
		"gui": {
			"rotation": [0, -180, 0],
			"translation": [0.25, -1, 0],
			"scale": [0.9, 0.9, 0.9]
		},
		"head": {
			"translation": [0, 15.25, 0]
		},
		"fixed": {
			"rotation": [-90, 0, 0],
			"translation": [0, 0, -14.5],
			"scale": [1.8, 1.8, 1.8]
		}
	},
	"groups": [
		{
			"name": "group",
			"origin": [0, 0, 0],
			"color": 0,
			"children": [0, 1, 2]
		},
		{
			"name": "group",
			"origin": [8, 8, 8],
			"color": 0,
			"children": [3]
		},
		4,
		5,
		6,
		7,
		8,
		{
			"name": "group",
			"origin": [12.5, 12, 3.5],
			"color": 0,
			"children": [9, 10, 11, 12, 13]
		},
		14,
		15,
		16
	]
}