{
	"credit": "by Hoffen _InkGhoul",
	"texture_size": [32, 32],
	"textures": {
		"0": "custom:item/bundle/bouquet_model",
		"particle": "custom:item/bundle/bouquet_model"
	},
	"elements": [
		{
			"from": [4, 4, 4],
			"to": [12, 13, 12],
			"rotation": {"angle": 0, "axis": "y", "origin": [7, 0, 8]},
			"faces": {
				"north": {"uv": [0.5, 9.5, 4.5, 14], "texture": "#0"},
				"east": {"uv": [0.5, 9.5, 4.5, 14], "texture": "#0"},
				"south": {"uv": [0.5, 9.5, 4.5, 14], "texture": "#0"},
				"west": {"uv": [0.5, 9.5, 4.5, 14], "texture": "#0"},
				"up": {"uv": [6, 4, 9, 7], "texture": "#0"},
				"down": {"uv": [0.5, 9.5, 4.5, 13.5], "texture": "#0"}
			}
		},
		{
			"from": [5, 2, 5],
			"to": [11, 4, 11],
			"rotation": {"angle": 0, "axis": "y", "origin": [7, -9, 8]},
			"faces": {
				"north": {"uv": [6, 0.5, 9, 1.5], "texture": "#0"},
				"east": {"uv": [6, 0.5, 9, 1.5], "texture": "#0"},
				"south": {"uv": [6, 0.5, 9, 1.5], "texture": "#0"},
				"west": {"uv": [6, 0.5, 9, 1.5], "texture": "#0"},
				"up": {"uv": [6, 4, 9, 7], "texture": "#0"},
				"down": {"uv": [6, 4, 9, 7], "texture": "#0"}
			}
		},
		{
			"from": [3, -2.5, 11],
			"to": [13, 4.5, 11],
			"rotation": {"angle": -22.5, "axis": "x", "origin": [8, 4, 11]},
			"faces": {
				"north": {"uv": [5, 12.5, 10, 16], "texture": "#0"},
				"east": {"uv": [0, 0, 0, 1.75], "texture": "#0"},
				"south": {"uv": [10, 12.5, 5, 16], "texture": "#0"},
				"west": {"uv": [0, 0, 0, 1.75], "texture": "#0"},
				"up": {"uv": [2.5, 0, 0, 0], "texture": "#0"},
				"down": {"uv": [2.5, 0, 0, 0], "texture": "#0"}
			}
		},
		{
			"from": [5, -1, 11],
			"to": [11, 2, 11],
			"rotation": {"angle": 0, "axis": "y", "origin": [7, -11, 8]},
			"faces": {
				"north": {"uv": [6, 2, 9, 3.5], "texture": "#0"},
				"east": {"uv": [0, 0, 0, 0.75], "texture": "#0"},
				"south": {"uv": [6, 2, 9, 3.5], "texture": "#0"},
				"west": {"uv": [0, 0, 0, 0.75], "texture": "#0"},
				"up": {"uv": [1.5, 0, 0, 0], "texture": "#0"},
				"down": {"uv": [1.5, 0, 0, 0], "texture": "#0"}
			}
		},
		{
			"from": [5, -1, 5],
			"to": [11, 2, 5],
			"rotation": {"angle": 0, "axis": "y", "origin": [7, -11, 2]},
			"faces": {
				"north": {"uv": [6, 2, 9, 3.5], "texture": "#0"},
				"east": {"uv": [0, 0, 0, 0.75], "texture": "#0"},
				"south": {"uv": [6, 2, 9, 3.5], "texture": "#0"},
				"west": {"uv": [0, 0, 0, 0.75], "texture": "#0"},
				"up": {"uv": [1.5, 0, 0, 0], "texture": "#0"},
				"down": {"uv": [1.5, 0, 0, 0], "texture": "#0"}
			}
		},
		{
			"from": [5, -1, 5],
			"to": [5, 2, 11],
			"rotation": {"angle": 0, "axis": "y", "origin": [7, -11, 2]},
			"faces": {
				"north": {"uv": [0, 0, 0, 0.75], "texture": "#0"},
				"east": {"uv": [6, 2, 9, 3.5], "texture": "#0"},
				"south": {"uv": [0, 0, 0, 0.75], "texture": "#0"},
				"west": {"uv": [6, 2, 9, 3.5], "texture": "#0"},
				"up": {"uv": [0, 1.5, 0, 0], "texture": "#0"},
				"down": {"uv": [0, 0, 0, 1.5], "texture": "#0"}
			}
		},
		{
			"from": [11, -1, 5],
			"to": [11, 2, 11],
			"rotation": {"angle": 0, "axis": "y", "origin": [13, -11, 2]},
			"faces": {
				"north": {"uv": [0, 0, 0, 0.75], "texture": "#0"},
				"east": {"uv": [6, 2, 9, 3.5], "texture": "#0"},
				"south": {"uv": [0, 0, 0, 0.75], "texture": "#0"},
				"west": {"uv": [6, 2, 9, 3.5], "texture": "#0"},
				"up": {"uv": [0, 1.5, 0, 0], "texture": "#0"},
				"down": {"uv": [0, 0, 0, 1.5], "texture": "#0"}
			}
		},
		{
			"from": [12.75, 6, 3.25],
			"to": [12.75, 14, 12.75],
			"rotation": {"angle": 0, "axis": "z", "origin": [12.75, 14, 8]},
			"faces": {
				"north": {"uv": [0, 0, 0, 2], "texture": "#0"},
				"east": {"uv": [0.5, 5, 5, 9], "texture": "#0"},
				"south": {"uv": [0, 0, 0, 2], "texture": "#0"},
				"west": {"uv": [0.5, 5, 5, 9], "texture": "#0"},
				"up": {"uv": [0, 2.5, 0, 0], "texture": "#0"},
				"down": {"uv": [0, 0, 0, 2.5], "texture": "#0"}
			}
		},
		{
			"from": [3.25, 6, 3.25],
			"to": [12.75, 14, 3.25],
			"rotation": {"angle": 0, "axis": "x", "origin": [8, 14, 3.25]},
			"faces": {
				"north": {"uv": [0.5, 5, 5, 9], "texture": "#0"},
				"east": {"uv": [0, 0, 0, 2], "texture": "#0"},
				"south": {"uv": [0.5, 5, 5, 9], "texture": "#0"},
				"west": {"uv": [0, 0, 0, 2], "texture": "#0"},
				"up": {"uv": [2.5, 0, 0, 0], "texture": "#0"},
				"down": {"uv": [2.5, 0, 0, 0], "texture": "#0"}
			}
		},
		{
			"from": [3.25, 14, 3.25],
			"to": [12.75, 14, 12.75],
			"rotation": {"angle": 0, "axis": "y", "origin": [7, -3, 8]},
			"faces": {
				"north": {"uv": [0, 0, 2.5, 0], "texture": "#0"},
				"east": {"uv": [0, 0, 2.5, 0], "texture": "#0"},
				"south": {"uv": [0, 0, 2.5, 0], "texture": "#0"},
				"west": {"uv": [0, 0, 2.5, 0], "texture": "#0"},
				"up": {"uv": [0.5, 0.5, 5, 5], "texture": "#0"},
				"down": {"uv": [5, 0.5, 0.5, 5], "texture": "#0"}
			}
		},
		{
			"from": [3.25, 6, 12.75],
			"to": [12.75, 14, 12.75],
			"rotation": {"angle": 0, "axis": "x", "origin": [8, 14, 12.75]},
			"faces": {
				"north": {"uv": [0.5, 5, 5, 9], "texture": "#0"},
				"east": {"uv": [0, 0, 0, 2], "texture": "#0"},
				"south": {"uv": [0.5, 5, 5, 9], "texture": "#0"},
				"west": {"uv": [0, 0, 0, 2], "texture": "#0"},
				"up": {"uv": [2.5, 0, 0, 0], "texture": "#0"},
				"down": {"uv": [2.5, 0, 0, 0], "texture": "#0"}
			}
		},
		{
			"from": [3.25, 6, 3.25],
			"to": [3.25, 14, 12.75],
			"rotation": {"angle": 0, "axis": "z", "origin": [3.25, 14, 8]},
			"faces": {
				"north": {"uv": [0, 0, 0, 2], "texture": "#0"},
				"east": {"uv": [0.5, 5, 5, 9], "texture": "#0"},
				"south": {"uv": [0, 0, 0, 2], "texture": "#0"},
				"west": {"uv": [0.5, 5, 5, 9], "texture": "#0"},
				"up": {"uv": [0, 2.5, 0, 0], "texture": "#0"},
				"down": {"uv": [0, 0, 0, 2.5], "texture": "#0"}
			}
		}
	],
	"gui_light": "front",
	"display": {
		"thirdperson_righthand": {
			"rotation": [38, 102, 0],
			"translation": [1.5, 1.75, -0.25],
			"scale": [0.8, 0.8, 0.8]
		},
		"thirdperson_lefthand": {
			"rotation": [38, 102, 0],
			"translation": [1.5, 1.75, -0.25],
			"scale": [0.8, 0.8, 0.8]
		},
		"firstperson_righthand": {
			"rotation": [0, 22, 26.75],
			"translation": [2.25, 0, 0],
			"scale": [0.6, 0.6, 0.6]
		},
		"firstperson_lefthand": {
			"rotation": [0, 22, 26.75],
			"translation": [2.25, 0, 0],
			"scale": [0.6, 0.6, 0.6]
		},
		"ground": {
			"rotation": [10.82, 7.52, 69.74],
			"translation": [0, 2, 0],
			"scale": [0.8, 0.8, 0.8]
		},
		"gui": {
			"rotation": [-48.85, -60.84, -87.27],
			"translation": [0, -1, 0],
			"scale": [0.9, 0.9, 0.9]
		},
		"head": {
			"translation": [0, 15.75, 0]
		},
		"fixed": {
			"rotation": [-17.5, 0, 0],
			"translation": [0.25, 0.25, -6.75],
			"scale": [1.7, 1.7, 1.7]
		}
	},
	"groups": [
		{
			"name": "group",
			"origin": [8, 8, 8],
			"color": 0,
			"children": [
				{
					"name": "group",
					"origin": [8, 14.5, 8.5],
					"color": 0,
					"children": [
						0,
						1,
						2,
						3,
						4,
						5,
						6,
						{
							"name": "group",
							"origin": [3.25, 14, 8],
							"color": 0,
							"children": [7, 8, 9, 10, 11]
						}
					]
				}
			]
		},
		{
			"name": "group",
			"origin": [8, 14.5, 8.5],
			"color": 0,
			"children": []
		}
	]
}