{
	"credit": "by Hoffen _InkGhoul",
	"texture_size": [32, 32],
	"textures": {
		"0": "custom:item/bundle/bouquet_model",
		"particle": "custom:item/bundle/bouquet_model"
	},
	"elements": [
		{
			"from": [4, 4, 4],
			"to": [12, 13, 12],
			"rotation": {"angle": 0, "axis": "y", "origin": [7, 0, 8]},
			"faces": {
				"north": {"uv": [0.5, 9.5, 4.5, 14], "texture": "#0"},
				"east": {"uv": [0.5, 9.5, 4.5, 14], "texture": "#0"},
				"south": {"uv": [0.5, 9.5, 4.5, 14], "texture": "#0"},
				"west": {"uv": [0.5, 9.5, 4.5, 14], "texture": "#0"},
				"up": {"uv": [6, 4, 9, 7], "texture": "#0"},
				"down": {"uv": [0.5, 9.5, 4.5, 13.5], "texture": "#0"}
			}
		},
		{
			"from": [5, 2, 5],
			"to": [11, 4, 11],
			"rotation": {"angle": 0, "axis": "y", "origin": [7, -9, 8]},
			"faces": {
				"north": {"uv": [6, 0.5, 9, 1.5], "texture": "#0"},
				"east": {"uv": [6, 0.5, 9, 1.5], "texture": "#0"},
				"south": {"uv": [6, 0.5, 9, 1.5], "texture": "#0"},
				"west": {"uv": [6, 0.5, 9, 1.5], "texture": "#0"},
				"up": {"uv": [6, 4, 9, 7], "texture": "#0"},
				"down": {"uv": [6, 4, 9, 7], "texture": "#0"}
			}
		},
		{
			"from": [3, -2.5, 11],
			"to": [13, 4.5, 11],
			"rotation": {"angle": -22.5, "axis": "x", "origin": [8, 4, 11]},
			"faces": {
				"north": {"uv": [5, 12.5, 10, 16], "texture": "#0"},
				"east": {"uv": [0, 0, 0, 1.75], "texture": "#0"},
				"south": {"uv": [10, 12.5, 5, 16], "texture": "#0"},
				"west": {"uv": [0, 0, 0, 1.75], "texture": "#0"},
				"up": {"uv": [2.5, 0, 0, 0], "texture": "#0"},
				"down": {"uv": [2.5, 0, 0, 0], "texture": "#0"}
			}
		},
		{
			"from": [5, -1, 11],
			"to": [11, 2, 11],
			"rotation": {"angle": 0, "axis": "y", "origin": [7, -11, 8]},
			"faces": {
				"north": {"uv": [6, 2, 9, 3.5], "texture": "#0"},
				"east": {"uv": [0, 0, 0, 0.75], "texture": "#0"},
				"south": {"uv": [6, 2, 9, 3.5], "texture": "#0"},
				"west": {"uv": [0, 0, 0, 0.75], "texture": "#0"},
				"up": {"uv": [1.5, 0, 0, 0], "texture": "#0"},
				"down": {"uv": [1.5, 0, 0, 0], "texture": "#0"}
			}
		},
		{
			"from": [5, -1, 5],
			"to": [11, 2, 5],
			"rotation": {"angle": 0, "axis": "y", "origin": [7, -11, 2]},
			"faces": {
				"north": {"uv": [6, 2, 9, 3.5], "texture": "#0"},
				"east": {"uv": [0, 0, 0, 0.75], "texture": "#0"},
				"south": {"uv": [6, 2, 9, 3.5], "texture": "#0"},
				"west": {"uv": [0, 0, 0, 0.75], "texture": "#0"},
				"up": {"uv": [1.5, 0, 0, 0], "texture": "#0"},
				"down": {"uv": [1.5, 0, 0, 0], "texture": "#0"}
			}
		},
		{
			"from": [5, -1, 5],
			"to": [5, 2, 11],
			"rotation": {"angle": 0, "axis": "y", "origin": [7, -11, 2]},
			"faces": {
				"north": {"uv": [0, 0, 0, 0.75], "texture": "#0"},
				"east": {"uv": [6, 2, 9, 3.5], "texture": "#0"},
				"south": {"uv": [0, 0, 0, 0.75], "texture": "#0"},
				"west": {"uv": [6, 2, 9, 3.5], "texture": "#0"},
				"up": {"uv": [0, 1.5, 0, 0], "texture": "#0"},
				"down": {"uv": [0, 0, 0, 1.5], "texture": "#0"}
			}
		},
		{
			"from": [11, -1, 5],
			"to": [11, 2, 11],
			"rotation": {"angle": 0, "axis": "y", "origin": [13, -11, 2]},
			"faces": {
				"north": {"uv": [0, 0, 0, 0.75], "texture": "#0"},
				"east": {"uv": [6, 2, 9, 3.5], "texture": "#0"},
				"south": {"uv": [0, 0, 0, 0.75], "texture": "#0"},
				"west": {"uv": [6, 2, 9, 3.5], "texture": "#0"},
				"up": {"uv": [0, 1.5, 0, 0], "texture": "#0"},
				"down": {"uv": [0, 0, 0, 1.5], "texture": "#0"}
			}
		},
		{
			"from": [12.75, 6, 3.25],
			"to": [12.75, 14, 12.75],
			"rotation": {"angle": 0, "axis": "z", "origin": [12.75, 14, 8]},
			"faces": {
				"north": {"uv": [0, 0, 0, 2], "texture": "#0"},
				"east": {"uv": [0.5, 5, 5, 9], "texture": "#0"},
				"south": {"uv": [0, 0, 0, 2], "texture": "#0"},
				"west": {"uv": [0.5, 5, 5, 9], "texture": "#0"},
				"up": {"uv": [0, 2.5, 0, 0], "texture": "#0"},
				"down": {"uv": [0, 0, 0, 2.5], "texture": "#0"}
			}
		},
		{
			"from": [3.25, 6, 3.25],
			"to": [12.75, 14, 3.25],
			"rotation": {"angle": 0, "axis": "x", "origin": [8, 14, 3.25]},
			"faces": {
				"north": {"uv": [0.5, 5, 5, 9], "texture": "#0"},
				"east": {"uv": [0, 0, 0, 2], "texture": "#0"},
				"south": {"uv": [0.5, 5, 5, 9], "texture": "#0"},
				"west": {"uv": [0, 0, 0, 2], "texture": "#0"},
				"up": {"uv": [2.5, 0, 0, 0], "texture": "#0"},
				"down": {"uv": [2.5, 0, 0, 0], "texture": "#0"}
			}
		},
		{
			"from": [3.25, 14, 3.25],
			"to": [12.75, 14, 12.75],
			"rotation": {"angle": 0, "axis": "y", "origin": [7, -3, 8]},
			"faces": {
				"north": {"uv": [0, 0, 2.5, 0], "texture": "#0"},
				"east": {"uv": [0, 0, 2.5, 0], "texture": "#0"},
				"south": {"uv": [0, 0, 2.5, 0], "texture": "#0"},
				"west": {"uv": [0, 0, 2.5, 0], "texture": "#0"},
				"up": {"uv": [0.5, 0.5, 5, 5], "texture": "#0"},
				"down": {"uv": [5, 0.5, 0.5, 5], "texture": "#0"}
			}
		},
		{
			"from": [3.25, 6, 12.75],
			"to": [12.75, 14, 12.75],
			"rotation": {"angle": 0, "axis": "x", "origin": [8, 14, 12.75]},
			"faces": {
				"north": {"uv": [0.5, 5, 5, 9], "texture": "#0"},
				"east": {"uv": [0, 0, 0, 2], "texture": "#0"},
				"south": {"uv": [0.5, 5, 5, 9], "texture": "#0"},
				"west": {"uv": [0, 0, 0, 2], "texture": "#0"},
				"up": {"uv": [2.5, 0, 0, 0], "texture": "#0"},
				"down": {"uv": [2.5, 0, 0, 0], "texture": "#0"}
			}
		},
		{
			"from": [3.25, 6, 3.25],
			"to": [3.25, 14, 12.75],
			"rotation": {"angle": 0, "axis": "z", "origin": [3.25, 14, 8]},
			"faces": {
				"north": {"uv": [0, 0, 0, 2], "texture": "#0"},
				"east": {"uv": [0.5, 5, 5, 9], "texture": "#0"},
				"south": {"uv": [0, 0, 0, 2], "texture": "#0"},
				"west": {"uv": [0.5, 5, 5, 9], "texture": "#0"},
				"up": {"uv": [0, 2.5, 0, 0], "texture": "#0"},
				"down": {"uv": [0, 0, 0, 2.5], "texture": "#0"}
			}
		},
		{
			"from": [3, 13, 9],
			"to": [6, 16, 12],
			"rotation": {"angle": 0, "axis": "y", "origin": [1, 13, 13]},
			"faces": {
				"north": {"uv": [12.5, 14, 11, 15.5], "texture": "#0"},
				"east": {"uv": [11, 14, 12.5, 15.5], "texture": "#0"},
				"south": {"uv": [12.5, 14, 11, 15.5], "texture": "#0"},
				"west": {"uv": [11, 14, 12.5, 15.5], "texture": "#0"},
				"up": {"uv": [11, 12.5, 12.5, 14], "texture": "#0"},
				"down": {"uv": [11, 14, 12.5, 15.5], "texture": "#0"}
			}
		},
		{
			"from": [3, 16, 8],
			"to": [3, 19, 13],
			"rotation": {"angle": 0, "axis": "y", "origin": [-0.5, 13, 13]},
			"faces": {
				"north": {"uv": [0, 0, 0, 1.5], "texture": "#0"},
				"east": {"uv": [10.5, 10.5, 13, 12], "texture": "#0"},
				"south": {"uv": [0, 0, 0, 1.5], "texture": "#0"},
				"west": {"uv": [10.5, 10.5, 13, 12], "texture": "#0"},
				"up": {"uv": [0, 1.25, 0, 0], "texture": "#0"},
				"down": {"uv": [0, 0, 0, 1.25], "texture": "#0"}
			}
		},
		{
			"from": [2, 16, 12],
			"to": [7, 19, 12],
			"rotation": {"angle": 0, "axis": "y", "origin": [4.5, 16, 12]},
			"faces": {
				"north": {"uv": [10.5, 10.5, 13, 12], "texture": "#0"},
				"east": {"uv": [0, 0, 0, 1.5], "texture": "#0"},
				"south": {"uv": [10.5, 10.5, 13, 12], "texture": "#0"},
				"west": {"uv": [0, 0, 0, 1.5], "texture": "#0"},
				"up": {"uv": [1.25, 0, 0, 0], "texture": "#0"},
				"down": {"uv": [1.25, 0, 0, 0], "texture": "#0"}
			}
		},
		{
			"from": [2, 16, 9],
			"to": [7, 19, 9],
			"rotation": {"angle": 0, "axis": "y", "origin": [4.5, 16, 9]},
			"faces": {
				"north": {"uv": [10.5, 10.5, 13, 12], "texture": "#0"},
				"east": {"uv": [0, 0, 0, 1.5], "texture": "#0"},
				"south": {"uv": [10.5, 10.5, 13, 12], "texture": "#0"},
				"west": {"uv": [0, 0, 0, 1.5], "texture": "#0"},
				"up": {"uv": [1.25, 0, 0, 0], "texture": "#0"},
				"down": {"uv": [1.25, 0, 0, 0], "texture": "#0"}
			}
		},
		{
			"from": [6, 16, 8],
			"to": [6, 19, 13],
			"rotation": {"angle": 0, "axis": "y", "origin": [2.5, 13, 13]},
			"faces": {
				"north": {"uv": [0, 0, 0, 1.5], "texture": "#0"},
				"east": {"uv": [10.5, 10.5, 13, 12], "texture": "#0"},
				"south": {"uv": [0, 0, 0, 1.5], "texture": "#0"},
				"west": {"uv": [10.5, 10.5, 13, 12], "texture": "#0"},
				"up": {"uv": [0, 1.25, 0, 0], "texture": "#0"},
				"down": {"uv": [0, 0, 0, 1.25], "texture": "#0"}
			}
		},
		{
			"from": [4, 13.25, 4],
			"to": [12, 13.25, 12],
			"rotation": {"angle": 0, "axis": "y", "origin": [7, 0.25, 8]},
			"faces": {
				"north": {"uv": [0.5, 9.5, 4.5, 14], "texture": "#0"},
				"east": {"uv": [0.5, 9.5, 4.5, 14], "texture": "#0"},
				"south": {"uv": [0.5, 9.5, 4.5, 14], "texture": "#0"},
				"west": {"uv": [0.5, 9.5, 4.5, 14], "texture": "#0"},
				"up": {"uv": [5.5, 8, 9.5, 12], "texture": "#0"},
				"down": {"uv": [0.5, 9.5, 4.5, 13.5], "texture": "#0"}
			}
		},
		{
			"from": [11.5, 13, 9],
			"to": [11.5, 19, 14],
			"rotation": {"angle": 0, "axis": "y", "origin": [8, 13, 14]},
			"faces": {
				"north": {"uv": [0, 0, 0, 1.5], "texture": "#0"},
				"east": {"uv": [13.5, 13, 16, 16], "texture": "#0"},
				"south": {"uv": [0, 0, 0, 1.5], "texture": "#0"},
				"west": {"uv": [13.5, 13, 16, 16], "texture": "#0"},
				"up": {"uv": [0, 1.25, 0, 0], "texture": "#0"},
				"down": {"uv": [0, 0, 0, 1.25], "texture": "#0"}
			}
		},
		{
			"from": [9, 13, 11.5],
			"to": [14, 19, 11.5],
			"rotation": {"angle": 0, "axis": "y", "origin": [11.5, 16, 11.5]},
			"faces": {
				"north": {"uv": [13.5, 13, 16, 16], "texture": "#0"},
				"east": {"uv": [0, 0, 0, 1.5], "texture": "#0"},
				"south": {"uv": [13.5, 13, 16, 16], "texture": "#0"},
				"west": {"uv": [0, 0, 0, 1.5], "texture": "#0"},
				"up": {"uv": [0, 1.25, 0, 0], "rotation": 270, "texture": "#0"},
				"down": {"uv": [0, 0, 0, 1.25], "rotation": 90, "texture": "#0"}
			}
		},
		{
			"from": [3, 13, 4],
			"to": [6, 16, 7],
			"rotation": {"angle": 0, "axis": "y", "origin": [1, 13, 8]},
			"faces": {
				"north": {"uv": [10, 4, 11.5, 5.5], "texture": "#0"},
				"east": {"uv": [10, 4, 11.5, 5.5], "texture": "#0"},
				"south": {"uv": [10, 4, 11.5, 5.5], "texture": "#0"},
				"west": {"uv": [10, 4, 11.5, 5.5], "texture": "#0"},
				"up": {"uv": [10, 2.5, 11.5, 4], "texture": "#0"},
				"down": {"uv": [10, 2.5, 11.5, 4], "texture": "#0"}
			}
		},
		{
			"from": [7, 13, 4],
			"to": [12, 17, 9],
			"rotation": {"angle": 0, "axis": "y", "origin": [5, 13, 7]},
			"faces": {
				"north": {"uv": [9.5, 0, 12, 2], "texture": "#0"},
				"east": {"uv": [9.5, 0, 12, 2], "texture": "#0"},
				"south": {"uv": [9.5, 0, 12, 2], "texture": "#0"},
				"west": {"uv": [9.5, 0, 12, 2], "texture": "#0"},
				"up": {"uv": [13, 0.5, 15.5, 3], "texture": "#0"},
				"down": {"uv": [13, 3.5, 15.5, 6], "texture": "#0"}
			}
		},
		{
			"from": [6, 15.9, 3],
			"to": [13, 15.9, 10],
			"rotation": {"angle": 0, "axis": "y", "origin": [5, 11.9, 7]},
			"faces": {
				"north": {"uv": [0, 0, 1.75, 0], "texture": "#0"},
				"east": {"uv": [0, 0, 1.75, 0], "texture": "#0"},
				"south": {"uv": [0, 0, 1.75, 0], "texture": "#0"},
				"west": {"uv": [0, 0, 1.75, 0], "texture": "#0"},
				"up": {"uv": [12.5, 0, 16, 3.5], "texture": "#0"},
				"down": {"uv": [12.5, 0, 16, 3.5], "texture": "#0"}
			}
		},
		{
			"from": [9, 9.75, 10.5],
			"to": [16, 16.75, 10.5],
			"rotation": {"angle": 0, "axis": "z", "origin": [12.5, 13.25, 10.5]},
			"faces": {
				"north": {"uv": [12.5, 7.5, 16, 4], "rotation": 270, "texture": "#0"},
				"east": {"uv": [0, 0, 1.75, 0], "rotation": 270, "texture": "#0"},
				"south": {"uv": [12.5, 4, 16, 7.5], "rotation": 270, "texture": "#0"},
				"west": {"uv": [0, 0, 1.75, 0], "rotation": 90, "texture": "#0"},
				"up": {"uv": [0, 0, 1.75, 0], "rotation": 180, "texture": "#0"},
				"down": {"uv": [0, 0, 1.75, 0], "texture": "#0"}
			}
		},
		{
			"from": [0.25, 10.75, 7.6],
			"to": [7.25, 17.75, 7.6],
			"rotation": {"angle": 0, "axis": "x", "origin": [3.75, 14.25, 7.6]},
			"faces": {
				"north": {"uv": [12.5, 4, 16, 7.5], "rotation": 270, "texture": "#0"},
				"east": {"uv": [0, 0, 1.75, 0], "rotation": 90, "texture": "#0"},
				"south": {"uv": [12.5, 7.5, 16, 4], "rotation": 270, "texture": "#0"},
				"west": {"uv": [0, 0, 1.75, 0], "rotation": 270, "texture": "#0"},
				"up": {"uv": [0, 0, 1.75, 0], "texture": "#0"},
				"down": {"uv": [0, 0, 1.75, 0], "rotation": 180, "texture": "#0"}
			}
		}
	],
	"gui_light": "front",
	"display": {
		"thirdperson_righthand": {
			"rotation": [38, 102, 0],
			"translation": [1.5, 1.75, -0.25],
			"scale": [0.8, 0.8, 0.8]
		},
		"thirdperson_lefthand": {
			"rotation": [38, 102, 0],
			"translation": [1.5, 1.75, -0.25],
			"scale": [0.8, 0.8, 0.8]
		},
		"firstperson_righthand": {
			"rotation": [0, 22, 26.75],
			"translation": [2.25, 0, 0],
			"scale": [0.6, 0.6, 0.6]
		},
		"firstperson_lefthand": {
			"rotation": [0, 22, 26.75],
			"translation": [2.25, 0, 0],
			"scale": [0.6, 0.6, 0.6]
		},
		"ground": {
			"rotation": [10.82, 7.52, 69.74],
			"translation": [0, 2, 0],
			"scale": [0.8, 0.8, 0.8]
		},
		"gui": {
			"rotation": [-48.85, -60.84, -87.27],
			"translation": [0, -1, 0],
			"scale": [0.9, 0.9, 0.9]
		},
		"head": {
			"translation": [0, 15.75, 0]
		},
		"fixed": {
			"rotation": [-17.5, 0, 0],
			"translation": [0.25, 0.25, -6.75],
			"scale": [1.7, 1.7, 1.7]
		}
	},
	"groups": [
		{
			"name": "group",
			"origin": [8, 8, 8],
			"color": 0,
			"children": [
				{
					"name": "group",
					"origin": [8, 14.5, 8.5],
					"color": 0,
					"children": [
						0,
						1,
						2,
						3,
						4,
						5,
						6,
						{
							"name": "group",
							"origin": [3.25, 14, 8],
							"color": 0,
							"children": [7, 8, 9, 10, 11]
						}
					]
				},
				{
					"name": "group",
					"origin": [8, 14.5, 8.5],
					"color": 0,
					"children": [
						{
							"name": "group",
							"origin": [3.5, 13, 13],
							"color": 0,
							"children": [12, 13, 14, 15, 16, 17]
						},
						18,
						19,
						20,
						{
							"name": "group",
							"origin": [5, 11.9, 7],
							"color": 0,
							"children": [21, 22, 23, 24]
						}
					]
				}
			]
		},
		{
			"name": "group",
			"origin": [8, 14.5, 8.5],
			"color": 0,
			"children": []
		}
	]
}