{
	"credit": "by Hoffen _InkGhoul",
	"texture_size": [32, 32],
	"textures": {
		"0": "custom:item/bdubs_fish",
		"1": "custom:item/bdubs_fish_animation",
		"particle": "custom:item/bdubs_fish"
	},
	"elements": [
		{
			"from": [3, 3, 10],
			"to": [14, 9, 14],
			"rotation": {"angle": 0, "axis": "y", "origin": [1, 5, 10]},
			"faces": {
				"north": {"uv": [14.5, 0, 9, 3], "texture": "#0"},
				"east": {"uv": [9, 3, 11, 6], "texture": "#0"},
				"south": {"uv": [9, 0, 14.5, 3], "texture": "#0"},
				"west": {"uv": [12.5, 3, 14.5, 6], "texture": "#0"},
				"up": {"uv": [9, 6, 14.5, 8], "texture": "#0"},
				"down": {"uv": [9, 8, 14.5, 10], "texture": "#0"}
			}
		},
		{
			"from": [13, 2.25, 12],
			"to": [20, 11.25, 12],
			"rotation": {"angle": 0, "axis": "y", "origin": [1, 5.25, 10]},
			"faces": {
				"north": {"uv": [14.5, 10, 11, 14.5], "texture": "#0"},
				"east": {"uv": [0, 0, 0.5, 4], "texture": "#0"},
				"south": {"uv": [11, 10, 14.5, 14.5], "texture": "#0"},
				"west": {"uv": [0, 0, 3, 3], "texture": "#0"},
				"up": {"uv": [0, 0, 3, 0.5], "texture": "#0"},
				"down": {"uv": [0, 0, 2, 2], "texture": "#0"}
			}
		},
		{
			"from": [3, 9, 12],
			"to": [13, 12, 12],
			"rotation": {"angle": 0, "axis": "y", "origin": [1, 5, 10]},
			"faces": {
				"north": {"uv": [11, 10, 6, 11.5], "texture": "#0"},
				"east": {"uv": [0, 0, 1, 2], "texture": "#0"},
				"south": {"uv": [6, 10, 11, 11.5], "texture": "#0"},
				"west": {"uv": [0, 0, 1, 2], "texture": "#0"},
				"up": {"uv": [0, 0, 2, 2], "texture": "#0"},
				"down": {"uv": [0, 0, 2, 2], "texture": "#0"}
			}
		},
		{
			"from": [3, 0, 12],
			"to": [13, 3, 12],
			"rotation": {"angle": 0, "axis": "y", "origin": [1, -4, 10]},
			"faces": {
				"north": {"uv": [11, 13, 6, 14.5], "texture": "#0"},
				"east": {"uv": [0, 0, 1, 2], "texture": "#0"},
				"south": {"uv": [6, 13, 11, 14.5], "texture": "#0"},
				"west": {"uv": [0, 0, 1, 2], "texture": "#0"},
				"up": {"uv": [0, 0, 2, 2], "texture": "#0"},
				"down": {"uv": [0, 0, 2, 2], "texture": "#0"}
			}
		},
		{
			"name": "fin1",
			"from": [4.5, 2.75, 14.5],
			"to": [10.5, 5.75, 14.5],
			"rotation": {"angle": 0, "axis": "y", "origin": [4.5, 4.25, 14.5]},
			"faces": {
				"north": {"uv": [10, 1.5, 7, 3], "texture": "#1"},
				"east": {"uv": [0, 0, 1, 2], "texture": "#1"},
				"south": {"uv": [7, 1.5, 10, 3], "texture": "#1"},
				"west": {"uv": [0, 0, 1, 2], "texture": "#1"},
				"up": {"uv": [0, 0, 2, 2], "texture": "#1"},
				"down": {"uv": [0, 0, 2, 2], "texture": "#1"}
			}
		},
		{
			"name": "fin2",
			"from": [4.5, 2.75, 14.5],
			"to": [10.5, 5.75, 14.5],
			"rotation": {"angle": -22.5, "axis": "y", "origin": [4.5, 4.25, 14.5]},
			"faces": {
				"north": {"uv": [10, 0, 7, 1.5], "texture": "#1"},
				"east": {"uv": [0, 0, 1, 2], "texture": "#1"},
				"south": {"uv": [7, 0, 10, 1.5], "texture": "#1"},
				"west": {"uv": [0, 0, 1, 2], "texture": "#1"},
				"up": {"uv": [0, 0, 2, 2], "texture": "#1"},
				"down": {"uv": [0, 0, 2, 2], "texture": "#1"}
			}
		},
		{
			"name": "head1",
			"from": [-1, 4, 10],
			"to": [3, 8, 14],
			"rotation": {"angle": 0, "axis": "y", "origin": [3, 6, 12]},
			"faces": {
				"north": {"uv": [2, 0, 0, 2], "texture": "#1"},
				"east": {"uv": [4, 2, 2, 0], "rotation": 270, "texture": "#1"},
				"south": {"uv": [0, 0, 2, 2], "texture": "#1"},
				"west": {"uv": [0, 2, 2, 4], "texture": "#1"},
				"up": {"uv": [2, 0, 4, 2], "texture": "#1"},
				"down": {"uv": [2, 2, 4, 4], "texture": "#1"}
			}
		},
		{
			"name": "head2",
			"from": [1, 4, 12],
			"to": [5, 8, 16],
			"rotation": {"angle": -22.5, "axis": "y", "origin": [3, 6, 12]},
			"faces": {
				"north": {"uv": [2, 4, 4, 6], "rotation": 90, "texture": "#1"},
				"east": {"uv": [0, 4, 2, 6], "texture": "#1"},
				"south": {"uv": [0, 6, 2, 8], "texture": "#1"},
				"west": {"uv": [2, 4, 0, 6], "texture": "#1"},
				"up": {"uv": [2, 4, 4, 6], "rotation": 270, "texture": "#1"},
				"down": {"uv": [2, 6, 4, 8], "rotation": 90, "texture": "#1"}
			}
		},
		{
			"from": [0.15, 3, 12],
			"to": [0.15, 5, 16],
			"rotation": {"angle": -22.5, "axis": "y", "origin": [2, 5, 12.5]},
			"faces": {
				"north": {"uv": [4, 9, 8, 11], "texture": "#1"},
				"east": {"uv": [4, 10, 6, 11], "texture": "#1"},
				"south": {"uv": [4, 9, 7, 10], "texture": "#1"},
				"west": {"uv": [6, 10, 4, 11], "texture": "#1"},
				"up": {"uv": [4, 9, 8, 14], "rotation": 270, "texture": "#1"},
				"down": {"uv": [4, 9, 8, 14], "rotation": 90, "texture": "#1"}
			}
		},
		{
			"from": [0.15, 3, 16],
			"to": [5.15, 5, 16],
			"rotation": {"angle": -22.5, "axis": "y", "origin": [2, 5, 12.5]},
			"faces": {
				"north": {"uv": [7, 9, 4, 10], "texture": "#1"},
				"east": {"uv": [4, 9, 6, 10], "texture": "#1"},
				"south": {"uv": [4, 9, 7, 10], "texture": "#1"},
				"west": {"uv": [4, 9, 6, 10], "texture": "#1"},
				"up": {"uv": [4, 9, 8, 14], "rotation": 270, "texture": "#1"},
				"down": {"uv": [4, 9, 8, 14], "rotation": 90, "texture": "#1"}
			}
		},
		{
			"from": [5.15, 3, 12],
			"to": [5.15, 5, 16],
			"rotation": {"angle": -22.5, "axis": "y", "origin": [2, 5, 12.5]},
			"faces": {
				"north": {"uv": [4, 9, 8, 11], "texture": "#1"},
				"east": {"uv": [4, 10, 6, 11], "texture": "#1"},
				"south": {"uv": [4, 9, 7, 10], "texture": "#1"},
				"west": {"uv": [6, 10, 4, 11], "texture": "#1"},
				"up": {"uv": [4, 9, 8, 14], "rotation": 270, "texture": "#1"},
				"down": {"uv": [4, 9, 8, 14], "rotation": 90, "texture": "#1"}
			}
		},
		{
			"from": [0.15, 3, 12],
			"to": [5.15, 3, 16],
			"rotation": {"angle": -22.5, "axis": "y", "origin": [2, 5, 12.5]},
			"faces": {
				"north": {"uv": [4, 9, 8, 11], "texture": "#1"},
				"east": {"uv": [4, 9, 6, 10], "texture": "#1"},
				"south": {"uv": [4, 9, 7, 10], "texture": "#1"},
				"west": {"uv": [4, 9, 6, 10], "texture": "#1"},
				"up": {"uv": [4, 11, 6, 13.5], "rotation": 270, "texture": "#1"},
				"down": {"uv": [4, 13.5, 6, 11], "rotation": 90, "texture": "#1"}
			}
		},
		{
			"from": [-1.5, 3, 9.5],
			"to": [2.5, 5, 9.5],
			"rotation": {"angle": 0, "axis": "y", "origin": [2, 5.5, 12.5]},
			"faces": {
				"north": {"uv": [6, 1, 4, 2], "texture": "#1"},
				"east": {"uv": [0, 0, 4, 2], "texture": "#1"},
				"south": {"uv": [4, 1, 6, 2], "texture": "#1"},
				"west": {"uv": [0, 0, 3, 1], "texture": "#1"},
				"up": {"uv": [0, 0, 4, 5], "texture": "#1"},
				"down": {"uv": [0, 0, 4, 5], "texture": "#1"}
			}
		},
		{
			"from": [-1.5, 3, 9.5],
			"to": [-1.5, 5, 14.5],
			"rotation": {"angle": 0, "axis": "y", "origin": [2, 5.5, 12.5]},
			"faces": {
				"north": {"uv": [0, 0, 2, 1], "texture": "#1"},
				"east": {"uv": [7, 0, 4, 1], "texture": "#1"},
				"south": {"uv": [0, 0, 2, 1], "texture": "#1"},
				"west": {"uv": [4, 0, 7, 1], "texture": "#1"},
				"up": {"uv": [0, 0, 4, 5], "texture": "#1"},
				"down": {"uv": [0, 0, 4, 5], "texture": "#1"}
			}
		},
		{
			"from": [-1.5, 3, 14.5],
			"to": [2.5, 5, 14.5],
			"rotation": {"angle": 0, "axis": "y", "origin": [2, 5.5, 12.5]},
			"faces": {
				"north": {"uv": [6, 1, 4, 2], "texture": "#1"},
				"east": {"uv": [0, 0, 4, 2], "texture": "#1"},
				"south": {"uv": [4, 1, 6, 2], "texture": "#1"},
				"west": {"uv": [0, 0, 3, 1], "texture": "#1"},
				"up": {"uv": [0, 0, 4, 5], "texture": "#1"},
				"down": {"uv": [0, 0, 4, 5], "texture": "#1"}
			}
		},
		{
			"from": [-1.5, 3, 9.5],
			"to": [2.5, 3, 14.5],
			"rotation": {"angle": 0, "axis": "y", "origin": [2, 5.5, 12.5]},
			"faces": {
				"north": {"uv": [0, 0, 2, 1], "texture": "#1"},
				"east": {"uv": [0, 0, 4, 2], "texture": "#1"},
				"south": {"uv": [0, 0, 2, 1], "texture": "#1"},
				"west": {"uv": [0, 0, 3, 1], "texture": "#1"},
				"up": {"uv": [4, 2, 6, 4.5], "texture": "#1"},
				"down": {"uv": [4, 4.5, 6, 2], "texture": "#1"}
			}
		},
		{
			"from": [-1.5, 3, 9.5],
			"to": [2.5, 5, 9.5],
			"rotation": {"angle": 45, "axis": "z", "origin": [2, 5, 12.5]},
			"faces": {
				"north": {"uv": [6, 5.5, 4, 6.5], "texture": "#1"},
				"east": {"uv": [4, 4.5, 8, 6.5], "texture": "#1"},
				"south": {"uv": [4, 5.5, 6, 6.5], "texture": "#1"},
				"west": {"uv": [4, 4.5, 7, 5.5], "texture": "#1"},
				"up": {"uv": [4, 4.5, 8, 9.5], "texture": "#1"},
				"down": {"uv": [4, 4.5, 8, 9.5], "texture": "#1"}
			}
		},
		{
			"from": [-1.5, 3, 9.5],
			"to": [-1.5, 5, 14.5],
			"rotation": {"angle": 45, "axis": "z", "origin": [2, 5, 12.5]},
			"faces": {
				"north": {"uv": [4, 4.5, 6, 5.5], "texture": "#1"},
				"east": {"uv": [7, 4.5, 4, 5.5], "texture": "#1"},
				"south": {"uv": [4, 4.5, 6, 5.5], "texture": "#1"},
				"west": {"uv": [4, 4.5, 7, 5.5], "texture": "#1"},
				"up": {"uv": [4, 4.5, 8, 9.5], "texture": "#1"},
				"down": {"uv": [4, 4.5, 8, 9.5], "texture": "#1"}
			}
		},
		{
			"from": [-1.5, 3, 14.5],
			"to": [2.5, 5, 14.5],
			"rotation": {"angle": 45, "axis": "z", "origin": [2, 5, 12.5]},
			"faces": {
				"north": {"uv": [6, 5.5, 4, 6.5], "texture": "#1"},
				"east": {"uv": [4, 4.5, 8, 6.5], "texture": "#1"},
				"south": {"uv": [4, 5.5, 6, 6.5], "texture": "#1"},
				"west": {"uv": [4, 4.5, 7, 5.5], "texture": "#1"},
				"up": {"uv": [4, 4.5, 8, 9.5], "texture": "#1"},
				"down": {"uv": [4, 4.5, 8, 9.5], "texture": "#1"}
			}
		},
		{
			"from": [-1.5, 3, 9.5],
			"to": [2.5, 3, 14.5],
			"rotation": {"angle": 45, "axis": "z", "origin": [2, 5, 12.5]},
			"faces": {
				"north": {"uv": [4, 4.5, 6, 5.5], "texture": "#1"},
				"east": {"uv": [4, 4.5, 8, 6.5], "texture": "#1"},
				"south": {"uv": [4, 4.5, 6, 5.5], "texture": "#1"},
				"west": {"uv": [4, 4.5, 7, 5.5], "texture": "#1"},
				"up": {"uv": [4, 6.5, 6, 9], "texture": "#1"},
				"down": {"uv": [4, 9, 6, 6.5], "texture": "#1"}
			}
		},
		{
			"from": [1, 0, 8],
			"to": [15, 12, 10],
			"rotation": {"angle": 0, "axis": "y", "origin": [0, 0, 8]},
			"faces": {
				"north": {"uv": [7, 0, 0, 6], "texture": "#0"},
				"east": {"uv": [0, 8, 6, 7], "rotation": 90, "texture": "#0"},
				"south": {"uv": [0, 0, 7, 6], "texture": "#0"},
				"west": {"uv": [0, 7, 6, 8], "rotation": 90, "texture": "#0"},
				"up": {"uv": [0, 6, 7, 7], "texture": "#0"},
				"down": {"uv": [0, 7, 7, 6], "texture": "#0"}
			}
		},
		{
			"from": [15, 2, 8],
			"to": [18, 10, 10],
			"rotation": {"angle": 0, "axis": "y", "origin": [0, 0, 8]},
			"faces": {
				"north": {"uv": [8.5, 0, 7, 4], "texture": "#0"},
				"east": {"uv": [1, 8, 5, 7], "rotation": 90, "texture": "#0"},
				"south": {"uv": [7, 0, 8.5, 4], "texture": "#0"},
				"west": {"uv": [1, 7, 5, 8], "rotation": 90, "texture": "#0"},
				"up": {"uv": [8.5, 4, 7, 5], "texture": "#0"},
				"down": {"uv": [8.5, 5, 7, 4], "texture": "#0"}
			}
		},
		{
			"from": [-2, 2, 8],
			"to": [1, 10, 10],
			"rotation": {"angle": 0, "axis": "y", "origin": [-18, 0, 8]},
			"faces": {
				"north": {"uv": [7, 0, 8.5, 4], "texture": "#0"},
				"east": {"uv": [1, 8, 5, 7], "rotation": 90, "texture": "#0"},
				"south": {"uv": [8.5, 0, 7, 4], "texture": "#0"},
				"west": {"uv": [1, 7, 5, 8], "rotation": 90, "texture": "#0"},
				"up": {"uv": [7, 4, 8.5, 5], "texture": "#0"},
				"down": {"uv": [7, 5, 8.5, 4], "texture": "#0"}
			}
		}
	],
	"gui_light": "front",
	"display": {
		"thirdperson_righthand": {
			"rotation": [72, 0, 0],
			"translation": [-5.5, 2, 3],
			"scale": [0.9, 0.9, 0.9]
		},
		"thirdperson_lefthand": {
			"rotation": [72, 0, 0],
			"translation": [-5.5, 2, 3],
			"scale": [0.9, 0.9, 0.9]
		},
		"firstperson_righthand": {
			"rotation": [-13.21, -36.75, -21.41],
			"translation": [2, 3.25, 1],
			"scale": [0.6, 0.6, 0.6]
		},
		"firstperson_lefthand": {
			"rotation": [-13.21, -36.75, -21.41],
			"translation": [2, 3.25, 1],
			"scale": [0.6, 0.6, 0.6]
		},
		"ground": {
			"translation": [0, 7, 0],
			"scale": [1.1, 1.1, 1.1]
		},
		"gui": {
			"rotation": [0, 35, 0],
			"translation": [-1.25, 2, 0]
		},
		"head": {
			"translation": [0, 17.75, -1.75],
			"scale": [1.4, 1.4, 1.4]
		},
		"fixed": {
			"rotation": [0, 180, 0],
			"translation": [0, 4, 0],
			"scale": [2, 2, 2]
		}
	},
	"groups": [
		{
			"name": "group",
			"origin": [8, 8, 8],
			"color": 0,
			"children": [
				0,
				1,
				2,
				3,
				{
					"name": "group",
					"origin": [5, 5.5, 14.5],
					"color": 0,
					"children": [
						4,
						5,
						6,
						{
							"name": "group",
							"origin": [3, 7, 12],
							"color": 0,
							"children": [
								7,
								{
									"name": "jaw3",
									"origin": [1, 5.5, 11.5],
									"color": 0,
									"children": [8, 9, 10, 11]
								}
							]
						},
						{
							"name": "jaw1",
							"origin": [1, 5.5, 11.5],
							"color": 0,
							"children": [12, 13, 14, 15]
						},
						{
							"name": "jaw2",
							"origin": [1, 5.5, 11.5],
							"color": 0,
							"children": [16, 17, 18, 19]
						}
					]
				}
			]
		},
		{
			"name": "group",
			"origin": [8, 8, 8],
			"color": 0,
			"children": [20, 21, 22]
		}
	]
}