{
	"credit": "by Hoffen _InkGhoul",
	"parent": "minecraft:carved_pumpkin",
	"texture_size": [64, 64],
	"textures": {
		"2": "custom:item/bouncepad_target",
		"particle": "custom:item/bouncepad_target"
	},
	"elements": [
		{
			"from": [4, 0, 4],
			"to": [12, 31.5, 12],
			"rotation": {"angle": 0, "axis": "y", "origin": [6, 0, 7]},
			"faces": {
				"north": {"uv": [0, 0, 4, 16], "texture": "#2"},
				"east": {"uv": [0, 0, 4, 16], "texture": "#2"},
				"south": {"uv": [0, 0, 4, 16], "texture": "#2"},
				"west": {"uv": [0, 0, 4, 16], "texture": "#2"},
				"up": {"uv": [4, 4, 0, 0], "texture": "#2"},
				"down": {"uv": [4, 12, 0, 16], "texture": "#2"}
			}
		},
		{
			"from": [5, 24, 5],
			"to": [11, 30.5, 11],
			"rotation": {"angle": 0, "axis": "y", "origin": [0, 24, 4]},
			"faces": {
				"north": {"uv": [12.5, 0.5, 15.5, 3.5], "texture": "#2"},
				"east": {"uv": [12.5, 0.5, 15.5, 3.5], "texture": "#2"},
				"south": {"uv": [12.5, 0.5, 15.5, 3.5], "texture": "#2"},
				"west": {"uv": [12.5, 0.5, 15.5, 3.5], "texture": "#2"},
				"up": {"uv": [12.5, 0.5, 15.5, 3.5], "texture": "#2"},
				"down": {"uv": [12.5, 0.5, 15.5, 3.5], "texture": "#2"}
			}
		},
		{
			"from": [5, 30.6, 5],
			"to": [11, 30.6, 11],
			"rotation": {"angle": 0, "axis": "y", "origin": [0, 24.1, 4]},
			"faces": {
				"north": {"uv": [12.5, 0.5, 15.5, 12], "texture": "#2"},
				"east": {"uv": [12.5, 0.5, 15.5, 12], "texture": "#2"},
				"south": {"uv": [12.5, 0.5, 15.5, 12], "texture": "#2"},
				"west": {"uv": [12.5, 0.5, 15.5, 12], "texture": "#2"},
				"up": {"uv": [12.5, 0.5, 15.5, 3.5], "texture": "#2"},
				"down": {"uv": [4.5, 0.5, 7.5, 3.5], "texture": "#2"}
			}
		},
		{
			"from": [4, 7.85, 4],
			"to": [12, 7.85, 12],
			"rotation": {"angle": 0, "axis": "y", "origin": [1, -1.15, 5]},
			"faces": {
				"north": {"uv": [5, 12.5, 8, 15.5], "texture": "#2"},
				"east": {"uv": [5, 13, 8, 16], "texture": "#2"},
				"south": {"uv": [5, 12.5, 8, 15.5], "texture": "#2"},
				"west": {"uv": [4, 12, 8, 16], "texture": "#2"},
				"up": {"uv": [0, 12, 4, 16], "texture": "#2"},
				"down": {"uv": [5, 13, 8, 16], "texture": "#2"}
			}
		}
	],
	"gui_light": "front",
	"display": {
		"thirdperson_righthand": {
			"rotation": [74.5, 0, 0],
			"translation": [1.5, 0.5, 0],
			"scale": [0.5, 0.5, 0.5]
		},
		"thirdperson_lefthand": {
			"rotation": [74.5, 0, 0],
			"translation": [1.5, 0.5, 0],
			"scale": [0.5, 0.5, 0.5]
		},
		"firstperson_righthand": {
			"translation": [3.25, 0, 0],
			"scale": [0.5, 0.5, 0.5]
		},
		"firstperson_lefthand": {
			"translation": [3.25, 0, 0],
			"scale": [0.5, 0.5, 0.5]
		},
		"gui": {
			"rotation": [8.88, 27.1, 31.53],
			"translation": [1.75, -3.25, 0],
			"scale": [0.5, 0.5, 0.5]
		},
		"head": {
			"translation": [0, -30.4, 0],
			"scale": [1.6, 1.6, 1.6]
		},
		"fixed": {
			"translation": [0, -4.25, -1.75],
			"scale": [0.5, 0.5, 0.5]
		}
	},
	"groups": [
		{
			"name": "group",
			"origin": [8, 8, 8],
			"color": 0,
			"children": [0, 1, 2, 3]
		}
	]
}