{
	"credit": "by Hoffen _InkGhoul",
	"textures": {
		"0": "custom:item/briefcase_filled_texture",
		"1": "custom:item/briefcase_animated_texture",
		"particle": "custom:item/briefcase_filled_texture"
	},
	"elements": [
		{
			"from": [1, 3, 7],
			"to": [14, 12, 10.5],
			"faces": {
				"north": {"uv": [0, 0, 3.25, 2.25], "texture": "#0"},
				"east": {"uv": [2, 5.5, 1, 7.75], "texture": "#0"},
				"south": {"uv": [0, 2.25, 3.25, 4.5], "texture": "#0"},
				"west": {"uv": [1, 5.5, 2, 7.75], "texture": "#0"},
				"up": {"uv": [3.25, 5.5, 0, 4.5], "texture": "#0"},
				"down": {"uv": [6.5, 5, 3.25, 6], "texture": "#0"}
			}
		},
		{
			"from": [4, 12, 8],
			"to": [11, 14, 10],
			"faces": {
				"north": {"uv": [6, 6, 7.75, 6.5], "texture": "#0"},
				"east": {"uv": [7.25, 0, 6.75, 0.5], "texture": "#0"},
				"south": {"uv": [6, 6, 7.75, 6.5], "texture": "#0"},
				"west": {"uv": [6.75, 0, 7.25, 0.5], "texture": "#0"},
				"up": {"uv": [8.25, 6, 6.5, 5.5], "texture": "#0"},
				"down": {"uv": [8.25, 5.5, 6.5, 6], "texture": "#0"}
			}
		},
		{
			"from": [0.75, 5.75, 6.5],
			"to": [14.25, 12.25, 6.5],
			"faces": {
				"north": {"uv": [3.25, 0, 6.75, 1.75], "texture": "#0"},
				"east": {"uv": [0, 0, 0, 1.5], "texture": "#0"},
				"south": {"uv": [3.25, 0, 6.75, 1.75], "texture": "#0"},
				"west": {"uv": [0, 0, 0, 1.5], "texture": "#0"},
				"up": {"uv": [3.5, 0, 0, 0], "texture": "#0"},
				"down": {"uv": [3.5, 0, 0, 0], "texture": "#0"}
			}
		},
		{
			"from": [0.75, 6.75, 6.5],
			"to": [0.75, 12.25, 9.25],
			"rotation": {"angle": 0, "axis": "y", "origin": [2, 8, 6.5]},
			"faces": {
				"north": {"uv": [0, 0, 0, 1.5], "texture": "#0"},
				"east": {"uv": [5, 6, 6, 7.5], "texture": "#0"},
				"south": {"uv": [0, 0, 0, 1.5], "texture": "#0"},
				"west": {"uv": [5, 6, 5.75, 7.5], "texture": "#0"},
				"up": {"uv": [0, 1, 0, 0], "texture": "#0"},
				"down": {"uv": [0, 0, 0, 1], "texture": "#0"}
			}
		},
		{
			"from": [0.75, 12.25, 6.5],
			"to": [14.25, 12.25, 9.25],
			"faces": {
				"north": {"uv": [0, 0, 3.5, 0], "texture": "#0"},
				"east": {"uv": [0, 0, 1, 0], "texture": "#0"},
				"south": {"uv": [0, 0, 3.5, 0], "texture": "#0"},
				"west": {"uv": [0, 0, 1, 0], "texture": "#0"},
				"up": {"uv": [6.75, 3.75, 3.25, 3], "texture": "#0"},
				"down": {"uv": [6.75, 3, 3.25, 4], "texture": "#0"}
			}
		},
		{
			"from": [14.25, 6.75, 6.5],
			"to": [14.25, 12.25, 9.25],
			"rotation": {"angle": 0, "axis": "y", "origin": [14, 8, 6.5]},
			"faces": {
				"north": {"uv": [0, 0, 0, 1.5], "texture": "#0"},
				"east": {"uv": [5.75, 6, 5, 7.5], "texture": "#0"},
				"south": {"uv": [0, 0, 0, 1.5], "texture": "#0"},
				"west": {"uv": [2, 5.5, 3, 7], "texture": "#0"},
				"up": {"uv": [0, 1, 0, 0], "texture": "#0"},
				"down": {"uv": [0, 0, 0, 1], "texture": "#0"}
			}
		},
		{
			"name": "drop1",
			"from": [1.75, 0, 8.25],
			"to": [5.75, 4, 8.25],
			"rotation": {"angle": 22.5, "axis": "y", "origin": [1.75, 0, 6.25]},
			"faces": {
				"north": {"uv": [0, 0, 16, 16], "texture": "#1"},
				"east": {"uv": [0, 0, 0, 4.25], "texture": "#missing"},
				"south": {"uv": [16, 0, 0, 16], "texture": "#1"},
				"west": {"uv": [0, 0, 0, 4.25], "texture": "#missing"},
				"up": {"uv": [0, 0, 4, 0], "texture": "#missing"},
				"down": {"uv": [0, 0, 4, 0], "texture": "#missing"}
			}
		}
	],
	"gui_light": "front",
	"display": {
		"thirdperson_righthand": {
			"rotation": [96.76, -76.05, 27.58],
			"translation": [1.75, -4.5, -4.25],
			"scale": [0.9, 0.9, 0.9]
		},
		"thirdperson_lefthand": {
			"rotation": [74.64, -18.12, 1.28],
			"translation": [0, -2.5, -4.75],
			"scale": [0.9, 0.9, 0.9]
		},
		"firstperson_righthand": {
			"rotation": [-16.02, 1.34, -0.78],
			"translation": [2.25, -0.5, -1],
			"scale": [0.8, 0.8, 0.8]
		},
		"firstperson_lefthand": {
			"rotation": [-16.02, 1.34, -0.78],
			"translation": [2.25, -0.5, -1],
			"scale": [0.8, 0.8, 0.8]
		},
		"ground": {
			"translation": [0, 1.75, 0]
		},
		"gui": {
			"rotation": [162.4, -23.91, 159.86],
			"scale": [1.4, 1.4, 1.4]
		},
		"head": {
			"rotation": [90, -0.8, 125.69],
			"translation": [-1, 10, 0.25],
			"scale": [1.6, 1.6, 1.6]
		},
		"fixed": {
			"rotation": [-90, 0, 0],
			"translation": [0, -3.75, -8.5],
			"scale": [1.6, 1.6, 1.6]
		}
	},
	"groups": [
		{
			"name": "group",
			"origin": [8, 8, 8],
			"color": 0,
			"children": [
				0,
				1,
				{
					"name": "group",
					"origin": [14, 8, 6.5],
					"color": 0,
					"children": [2, 3, 4, 5]
				},
				6
			]
		}
	]
}