{
	"credit": "Made by Phssthpok for Zombie Cleo",
	"texture_size": [128, 128],
	"textures": {
		"0": "custom:item/cleo_saucer",
		"1": "custom:item/cleo_cup",
		"2": "custom:item/cleo_tea"
	},
	"elements": [
		{
			"from": [1, 2, -9],
			"to": [15, 3, -8],
			"faces": {
				"north": {"uv": [10.5, 4.5, 14, 4.75], "texture": "#0"},
				"east": {"uv": [7.5, 4, 7.75, 4.25], "texture": "#0"},
				"south": {"uv": [10.5, 4.75, 14, 5], "texture": "#0"},
				"west": {"uv": [7.5, 4.25, 7.75, 4.5], "texture": "#0"},
				"up": {"uv": [14, 5.25, 10.5, 5], "texture": "#0"},
				"down": {"uv": [14, 5.25, 10.5, 5.5], "texture": "#0"}
			}
		},
		{
			"from": [1, 2, 24],
			"to": [15, 3, 25],
			"rotation": {"angle": 0, "axis": "y", "origin": [0, 0, 16]},
			"faces": {
				"north": {"uv": [5.5, 10.5, 9, 10.75], "texture": "#0"},
				"east": {"uv": [7.5, 4.5, 7.75, 4.75], "texture": "#0"},
				"south": {"uv": [10.5, 5.5, 14, 5.75], "texture": "#0"},
				"west": {"uv": [7.5, 4.75, 7.75, 5], "texture": "#0"},
				"up": {"uv": [14, 6, 10.5, 5.75], "texture": "#0"},
				"down": {"uv": [14, 6, 10.5, 6.25], "texture": "#0"}
			}
		},
		{
			"from": [-9, 2, 1],
			"to": [-8, 3, 15],
			"faces": {
				"north": {"uv": [2.25, 9.25, 2.5, 9.5], "texture": "#0"},
				"east": {"uv": [10.5, 6.25, 14, 6.5], "texture": "#0"},
				"south": {"uv": [2.5, 9.25, 2.75, 9.5], "texture": "#0"},
				"west": {"uv": [10.5, 6.5, 14, 6.75], "texture": "#0"},
				"up": {"uv": [9.25, 13.25, 9, 9.75], "texture": "#0"},
				"down": {"uv": [5.75, 10.75, 5.5, 14.25], "texture": "#0"}
			}
		},
		{
			"from": [24, 2, 1],
			"to": [25, 3, 15],
			"rotation": {"angle": 0, "axis": "y", "origin": [16, 0, 0]},
			"faces": {
				"north": {"uv": [2.25, 9.5, 2.5, 9.75], "texture": "#0"},
				"east": {"uv": [10.5, 6.75, 14, 7], "texture": "#0"},
				"south": {"uv": [2.5, 9.5, 2.75, 9.75], "texture": "#0"},
				"west": {"uv": [10.5, 7, 14, 7.25], "texture": "#0"},
				"up": {"uv": [6, 14.25, 5.75, 10.75], "texture": "#0"},
				"down": {"uv": [6.25, 10.75, 6, 14.25], "texture": "#0"}
			}
		},
		{
			"from": [-7, 2, -5.75],
			"to": [7, 3, -4.75],
			"rotation": {"angle": 45, "axis": "y", "origin": [0, 0, 0]},
			"faces": {
				"north": {"uv": [10.5, 7.25, 14, 7.5], "texture": "#0"},
				"east": {"uv": [9.5, 8.5, 9.75, 8.75], "texture": "#0"},
				"south": {"uv": [10.5, 7.5, 14, 7.75], "texture": "#0"},
				"west": {"uv": [9.5, 8.75, 9.75, 9], "texture": "#0"},
				"up": {"uv": [14.25, 0.25, 10.75, 0], "texture": "#0"},
				"down": {"uv": [14.25, 0.25, 10.75, 0.5], "texture": "#0"}
			}
		},
		{
			"from": [9, 2, -5.75],
			"to": [23, 3, -4.75],
			"rotation": {"angle": -45, "axis": "y", "origin": [16, 0, 0]},
			"faces": {
				"north": {"uv": [10.75, 0.5, 14.25, 0.75], "texture": "#0"},
				"east": {"uv": [9.75, 8.5, 10, 8.75], "texture": "#0"},
				"south": {"uv": [10.75, 0.75, 14.25, 1], "texture": "#0"},
				"west": {"uv": [8.75, 9.75, 9, 10], "texture": "#0"},
				"up": {"uv": [14.25, 1.25, 10.75, 1], "texture": "#0"},
				"down": {"uv": [13.5, 10.75, 10, 11], "texture": "#0"}
			}
		},
		{
			"from": [9, 2, 20.75],
			"to": [23, 3, 21.75],
			"rotation": {"angle": 45, "axis": "y", "origin": [16, 0, 16]},
			"faces": {
				"north": {"uv": [10, 11, 13.5, 11.25], "texture": "#0"},
				"east": {"uv": [9.75, 8.75, 10, 9], "texture": "#0"},
				"south": {"uv": [11.25, 1.25, 14.75, 1.5], "texture": "#0"},
				"west": {"uv": [8.75, 10, 9, 10.25], "texture": "#0"},
				"up": {"uv": [14.75, 1.75, 11.25, 1.5], "texture": "#0"},
				"down": {"uv": [14.75, 1.75, 11.25, 2], "texture": "#0"}
			}
		},
		{
			"from": [-7, 2, 20.75],
			"to": [7, 3, 21.75],
			"rotation": {"angle": -45, "axis": "y", "origin": [0, 0, 16]},
			"faces": {
				"north": {"uv": [11.25, 2, 14.75, 2.25], "texture": "#0"},
				"east": {"uv": [8.75, 10.25, 9, 10.5], "texture": "#0"},
				"south": {"uv": [11.25, 2.25, 14.75, 2.5], "texture": "#0"},
				"west": {"uv": [5.25, 12.5, 5.5, 12.75], "texture": "#0"},
				"up": {"uv": [14.75, 2.75, 11.25, 2.5], "texture": "#0"},
				"down": {"uv": [13.5, 11.25, 10, 11.5], "texture": "#0"}
			}
		},
		{
			"from": [1.4, 1, -8],
			"to": [14.6, 2, -5],
			"rotation": {"angle": 0, "axis": "y", "origin": [1.5, 1, -8]},
			"faces": {
				"north": {"uv": [2.25, 11.25, 5.5, 11.5], "texture": "#0"},
				"east": {"uv": [6.75, 4, 7.5, 4.25], "texture": "#0"},
				"south": {"uv": [2.25, 11.5, 5.5, 11.75], "texture": "#0"},
				"west": {"uv": [6.75, 4.25, 7.5, 4.5], "texture": "#0"},
				"up": {"uv": [11.25, 2, 8, 1.25], "texture": "#0"},
				"down": {"uv": [11.25, 2, 8, 2.75], "texture": "#0"}
			}
		},
		{
			"from": [1.4, 1, 21],
			"to": [14.6, 2, 24],
			"rotation": {"angle": 0, "axis": "y", "origin": [1.5, 1, 24]},
			"faces": {
				"north": {"uv": [10, 11.5, 13.25, 11.75], "texture": "#0"},
				"east": {"uv": [6.75, 4.5, 7.5, 4.75], "texture": "#0"},
				"south": {"uv": [2.25, 11.75, 5.5, 12], "texture": "#0"},
				"west": {"uv": [6.75, 4.75, 7.5, 5], "texture": "#0"},
				"up": {"uv": [6, 9.75, 2.75, 9], "texture": "#0"},
				"down": {"uv": [9.25, 9, 6, 9.75], "texture": "#0"}
			}
		},
		{
			"from": [-8, 1, 1.4],
			"to": [-5, 2, 14.6],
			"rotation": {"angle": 0, "axis": "y", "origin": [-8, 1, 1.5]},
			"faces": {
				"north": {"uv": [4.5, 12.5, 5.25, 12.75], "texture": "#0"},
				"east": {"uv": [10, 11.75, 13.25, 12], "texture": "#0"},
				"south": {"uv": [4.5, 12.75, 5.25, 13], "texture": "#0"},
				"west": {"uv": [2.25, 12, 5.5, 12.25], "texture": "#0"},
				"up": {"uv": [0.75, 12.5, 0, 9.25], "texture": "#0"},
				"down": {"uv": [1.5, 9.25, 0.75, 12.5], "texture": "#0"}
			}
		},
		{
			"from": [21, 1, 1.4],
			"to": [24, 2, 14.6],
			"rotation": {"angle": 0, "axis": "y", "origin": [24, 1, 1.5]},
			"faces": {
				"north": {"uv": [2.5, 13.25, 3.25, 13.5], "texture": "#0"},
				"east": {"uv": [10, 12, 13.25, 12.25], "texture": "#0"},
				"south": {"uv": [3.25, 13.25, 4, 13.5], "texture": "#0"},
				"west": {"uv": [2.25, 12.25, 5.5, 12.5], "texture": "#0"},
				"up": {"uv": [2.25, 12.5, 1.5, 9.25], "texture": "#0"},
				"down": {"uv": [10, 9, 9.25, 12.25], "texture": "#0"}
			}
		},
		{
			"from": [-6.6, 1, -4.75],
			"to": [6.7, 2, -1.75],
			"rotation": {"angle": 45, "axis": "y", "origin": [0, 0, 0]},
			"faces": {
				"north": {"uv": [9.25, 12.25, 12.5, 12.5], "texture": "#0"},
				"east": {"uv": [4, 13.25, 4.75, 13.5], "texture": "#0"},
				"south": {"uv": [0, 12.5, 3.25, 12.75], "texture": "#0"},
				"west": {"uv": [4.75, 13.25, 5.5, 13.5], "texture": "#0"},
				"up": {"uv": [12.75, 3.5, 9.5, 2.75], "texture": "#0"},
				"down": {"uv": [12.75, 7.75, 9.5, 8.5], "texture": "#0"}
			}
		},
		{
			"from": [9.3, 1, -4.75],
			"to": [22.6, 2, -1.75],
			"rotation": {"angle": -45, "axis": "y", "origin": [16, 0, 0]},
			"faces": {
				"north": {"uv": [9.25, 12.5, 12.5, 12.75], "texture": "#0"},
				"east": {"uv": [6.25, 13.25, 7, 13.5], "texture": "#0"},
				"south": {"uv": [12.5, 12.25, 15.75, 12.5], "texture": "#0"},
				"west": {"uv": [7, 13.25, 7.75, 13.5], "texture": "#0"},
				"up": {"uv": [5.5, 10.5, 2.25, 9.75], "texture": "#0"},
				"down": {"uv": [8.75, 9.75, 5.5, 10.5], "texture": "#0"}
			}
		},
		{
			"from": [9.3, 1, 17.75],
			"to": [22.6, 2, 20.75],
			"rotation": {"angle": 45, "axis": "y", "origin": [16, 0, 16]},
			"faces": {
				"north": {"uv": [12.5, 12.5, 15.75, 12.75], "texture": "#0"},
				"east": {"uv": [7.75, 13.25, 8.5, 13.5], "texture": "#0"},
				"south": {"uv": [0, 12.75, 3.25, 13], "texture": "#0"},
				"west": {"uv": [8.5, 13.25, 9.25, 13.5], "texture": "#0"},
				"up": {"uv": [13.25, 9.25, 10, 8.5], "texture": "#0"},
				"down": {"uv": [13.25, 9.25, 10, 10], "texture": "#0"}
			}
		},
		{
			"from": [-6.6, 1, 17.75],
			"to": [6.7, 2, 20.75],
			"rotation": {"angle": -45, "axis": "y", "origin": [0, 0, 16]},
			"faces": {
				"north": {"uv": [12.75, 2.75, 16, 3], "texture": "#0"},
				"east": {"uv": [13.25, 8.5, 14, 8.75], "texture": "#0"},
				"south": {"uv": [12.75, 3, 16, 3.25], "texture": "#0"},
				"west": {"uv": [13.25, 8.75, 14, 9], "texture": "#0"},
				"up": {"uv": [13.25, 10.75, 10, 10], "texture": "#0"},
				"down": {"uv": [5.5, 10.5, 2.25, 11.25], "texture": "#0"}
			}
		},
		{
			"from": [2.5, 0.5, -5],
			"to": [13.5, 1.5, 0],
			"faces": {
				"north": {"uv": [6.25, 10.75, 9, 11], "texture": "#0"},
				"east": {"uv": [2.75, 8, 4, 8.25], "texture": "#0"},
				"south": {"uv": [6.25, 11, 9, 11.25], "texture": "#0"},
				"west": {"uv": [2.75, 8.25, 4, 8.5], "texture": "#0"},
				"up": {"uv": [6.75, 1.25, 4, 0], "texture": "#0"},
				"down": {"uv": [6.75, 1.25, 4, 2.5], "texture": "#0"}
			}
		},
		{
			"from": [2.5, 0.5, 16],
			"to": [13.5, 1.5, 21],
			"rotation": {"angle": 0, "axis": "y", "origin": [0, 0, 16]},
			"faces": {
				"north": {"uv": [6.25, 11.25, 9, 11.5], "texture": "#0"},
				"east": {"uv": [2.75, 8.5, 4, 8.75], "texture": "#0"},
				"south": {"uv": [6.25, 11.5, 9, 11.75], "texture": "#0"},
				"west": {"uv": [2.75, 8.75, 4, 9], "texture": "#0"},
				"up": {"uv": [6.75, 3.75, 4, 2.5], "texture": "#0"},
				"down": {"uv": [6.75, 3.75, 4, 5], "texture": "#0"}
			}
		},
		{
			"from": [-5, 0.5, 2.5],
			"to": [0, 1.5, 13.5],
			"faces": {
				"north": {"uv": [3.25, 12.5, 4.5, 12.75], "texture": "#0"},
				"east": {"uv": [6.25, 11.75, 9, 12], "texture": "#0"},
				"south": {"uv": [3.25, 12.75, 4.5, 13], "texture": "#0"},
				"west": {"uv": [6.25, 12, 9, 12.25], "texture": "#0"},
				"up": {"uv": [5.25, 7.75, 4, 5], "texture": "#0"},
				"down": {"uv": [6.5, 5, 5.25, 7.75], "texture": "#0"}
			}
		},
		{
			"from": [16, 0.5, 2.5],
			"to": [21, 1.5, 13.5],
			"rotation": {"angle": 0, "axis": "y", "origin": [16, 0, 0]},
			"faces": {
				"north": {"uv": [2.75, 13, 4, 13.25], "texture": "#0"},
				"east": {"uv": [6.25, 12.25, 9, 12.5], "texture": "#0"},
				"south": {"uv": [4, 13, 5.25, 13.25], "texture": "#0"},
				"west": {"uv": [6.25, 12.5, 9, 12.75], "texture": "#0"},
				"up": {"uv": [7.75, 7.75, 6.5, 5], "texture": "#0"},
				"down": {"uv": [8, 0, 6.75, 2.75], "texture": "#0"}
			}
		},
		{
			"from": [-5.3, 0.5, -1.75],
			"to": [5.3, 1.5, 3.25],
			"rotation": {"angle": 45, "axis": "y", "origin": [0, 0, 0]},
			"faces": {
				"north": {"uv": [12.75, 3.25, 15.5, 3.5], "texture": "#0"},
				"east": {"uv": [6.25, 13, 7.5, 13.25], "texture": "#0"},
				"south": {"uv": [6.25, 12.75, 9, 13], "texture": "#0"},
				"west": {"uv": [7.5, 13, 8.75, 13.25], "texture": "#0"},
				"up": {"uv": [9.5, 4, 6.75, 2.75], "texture": "#0"},
				"down": {"uv": [6.75, 7.75, 4, 9], "texture": "#0"}
			}
		},
		{
			"from": [10.7, 0.5, -1.75],
			"to": [21.3, 1.5, 3.25],
			"rotation": {"angle": -45, "axis": "y", "origin": [16, 0, 0]},
			"faces": {
				"north": {"uv": [12.75, 7.75, 15.5, 8], "texture": "#0"},
				"east": {"uv": [9.25, 13, 10.5, 13.25], "texture": "#0"},
				"south": {"uv": [12.75, 8, 15.5, 8.25], "texture": "#0"},
				"west": {"uv": [10.5, 13, 11.75, 13.25], "texture": "#0"},
				"up": {"uv": [10.5, 5.25, 7.75, 4], "texture": "#0"},
				"down": {"uv": [10.5, 5.25, 7.75, 6.5], "texture": "#0"}
			}
		},
		{
			"from": [10.7, 0.5, 12.75],
			"to": [21.3, 1.5, 17.75],
			"rotation": {"angle": 45, "axis": "y", "origin": [16, 0, 16]},
			"faces": {
				"north": {"uv": [12.75, 8.25, 15.5, 8.5], "texture": "#0"},
				"east": {"uv": [11.75, 13, 13, 13.25], "texture": "#0"},
				"south": {"uv": [9.25, 12.75, 12, 13], "texture": "#0"},
				"west": {"uv": [13, 13, 14.25, 13.25], "texture": "#0"},
				"up": {"uv": [10.5, 7.75, 7.75, 6.5], "texture": "#0"},
				"down": {"uv": [9.5, 7.75, 6.75, 9], "texture": "#0"}
			}
		},
		{
			"from": [-5.3, 0.5, 12.75],
			"to": [5.3, 1.5, 17.75],
			"rotation": {"angle": -45, "axis": "y", "origin": [0, 0, 16]},
			"faces": {
				"north": {"uv": [12, 12.75, 14.75, 13], "texture": "#0"},
				"east": {"uv": [0, 13.25, 1.25, 13.5], "texture": "#0"},
				"south": {"uv": [0, 13, 2.75, 13.25], "texture": "#0"},
				"west": {"uv": [1.25, 13.25, 2.5, 13.5], "texture": "#0"},
				"up": {"uv": [2.75, 9.25, 0, 8], "texture": "#0"},
				"down": {"uv": [10.75, 0, 8, 1.25], "texture": "#0"}
			}
		},
		{
			"from": [0, 0, 0],
			"to": [16, 1, 16],
			"faces": {
				"north": {"uv": [9.5, 3.5, 13.5, 3.75], "texture": "#0"},
				"east": {"uv": [9.5, 3.75, 13.5, 4], "texture": "#0"},
				"south": {"uv": [10.5, 4, 14.5, 4.25], "texture": "#0"},
				"west": {"uv": [10.5, 4.25, 14.5, 4.5], "texture": "#0"},
				"up": {"uv": [4, 4, 0, 0], "texture": "#0"},
				"down": {"uv": [4, 4, 0, 8], "texture": "#0"}
			}
		},
		{
			"from": [2.5, 8, -5],
			"to": [13.5, 18, -3],
			"faces": {
				"north": {"uv": [0, 0, 1.375, 1.25], "texture": "#1"},
				"east": {"uv": [7, 10, 7.4, 12], "texture": "#1"},
				"south": {"uv": [0.125, 0, 1.125, 1], "texture": "#1"},
				"west": {"uv": [7.4, 10, 7.8, 12], "texture": "#1"},
				"up": {"uv": [1.5, 0, 2.75, 0.125], "texture": "#1"},
				"down": {"uv": [11, 8.4, 8.8, 8.8], "texture": "#1"}
			}
		},
		{
			"from": [2.5, 8, 19],
			"to": [13.5, 18, 21],
			"rotation": {"angle": 0, "axis": "y", "origin": [0, 0, 16]},
			"faces": {
				"north": {"uv": [0.125, 0, 1.125, 1], "texture": "#1"},
				"east": {"uv": [7.8, 10, 8.2, 12], "texture": "#1"},
				"south": {"uv": [0, 0, 1.375, 1.25], "texture": "#1"},
				"west": {"uv": [8.2, 10, 8.6, 12], "texture": "#1"},
				"up": {"uv": [1.375, 0, 2.625, 0.125], "texture": "#1"},
				"down": {"uv": [11, 9.2, 8.8, 9.6], "texture": "#1"}
			}
		},
		{
			"from": [-5, 8, 2.5],
			"to": [-3, 18, 13.5],
			"faces": {
				"north": {"uv": [10, 10.4, 10.4, 12.4], "texture": "#1"},
				"east": {"uv": [0.125, 0, 1.125, 1], "texture": "#1"},
				"south": {"uv": [10.4, 10.4, 10.8, 12.4], "texture": "#1"},
				"west": {"uv": [0, 0, 1.375, 1.25], "texture": "#1"},
				"up": {"uv": [1.5, 0, 2.75, 0.125], "texture": "#1"},
				"down": {"uv": [9.6, 9.6, 9.2, 11.8], "texture": "#1"}
			}
		},
		{
			"from": [19, 8, 2.5],
			"to": [21, 18, 13.5],
			"rotation": {"angle": 0, "axis": "y", "origin": [16, 0, 0]},
			"faces": {
				"north": {"uv": [0.4, 10.8, 0.8, 12.8], "texture": "#1"},
				"east": {"uv": [0, 0, 1.375, 1.25], "texture": "#1"},
				"south": {"uv": [0.8, 10.8, 1.2, 12.8], "texture": "#1"},
				"west": {"uv": [0.125, 0, 1.125, 1], "texture": "#1"},
				"up": {"uv": [1.625, 0, 2.625, 0.125], "texture": "#1"},
				"down": {"uv": [0.4, 10, 0, 12.2], "texture": "#1"}
			}
		},
		{
			"from": [-5.3, 8, -1.75],
			"to": [5.3, 18, 0.25],
			"rotation": {"angle": 45, "axis": "y", "origin": [0, 0, 0]},
			"faces": {
				"north": {"uv": [0, 0, 1.375, 1.25], "texture": "#1"},
				"east": {"uv": [1.2, 10.8, 1.6, 12.8], "texture": "#1"},
				"south": {"uv": [0.25, 0, 1.25, 1], "texture": "#1"},
				"west": {"uv": [1.6, 10.8, 2, 12.8], "texture": "#1"},
				"up": {"uv": [1.375, 0, 2.625, 0.125], "texture": "#1"},
				"down": {"uv": [0, 0, 1.375, 0.25], "texture": "#1"}
			}
		},
		{
			"from": [10.7, 8, -1.75],
			"to": [21.3, 18, 0.25],
			"rotation": {"angle": -45, "axis": "y", "origin": [16, 0, 0]},
			"faces": {
				"north": {"uv": [0, 0, 1.375, 1.25], "texture": "#1"},
				"east": {"uv": [2, 10.8, 2.4, 12.8], "texture": "#1"},
				"south": {"uv": [0.25, 0, 1.25, 1], "texture": "#1"},
				"west": {"uv": [2.4, 10.8, 2.8, 12.8], "texture": "#1"},
				"up": {"uv": [1.375, 0, 2.625, 0.125], "texture": "#1"},
				"down": {"uv": [0, 0, 1.375, 0.25], "texture": "#1"}
			}
		},
		{
			"from": [10.7, 8, 15.75],
			"to": [21.3, 18, 17.75],
			"rotation": {"angle": 45, "axis": "y", "origin": [16, 0, 16]},
			"faces": {
				"north": {"uv": [0.125, 0, 1.125, 1], "texture": "#1"},
				"east": {"uv": [2.8, 10.8, 3.2, 12.8], "texture": "#1"},
				"south": {"uv": [0, 0, 1.375, 1.25], "texture": "#1"},
				"west": {"uv": [3.2, 10.8, 3.6, 12.8], "texture": "#1"},
				"up": {"uv": [1.5, 0, 2.75, 0.125], "texture": "#1"},
				"down": {"uv": [0, 0, 1.375, 0.25], "texture": "#1"}
			}
		},
		{
			"from": [-5.3, 8, 15.75],
			"to": [5.3, 18, 17.75],
			"rotation": {"angle": -45, "axis": "y", "origin": [0, 0, 16]},
			"faces": {
				"north": {"uv": [0.125, 0, 1.125, 1], "texture": "#1"},
				"east": {"uv": [3.6, 10.8, 4, 12.8], "texture": "#1"},
				"south": {"uv": [0, 0, 1.375, 1.25], "texture": "#1"},
				"west": {"uv": [4, 10.8, 4.4, 12.8], "texture": "#1"},
				"up": {"uv": [1.375, 0, 2.625, 0.125], "texture": "#1"},
				"down": {"uv": [2.625, 0.375, 4, 0.625], "texture": "#1"}
			}
		},
		{
			"from": [2.5, 0.92893, 2.07107],
			"to": [13.5, 10.92893, 3.07107],
			"rotation": {"angle": -45, "axis": "x", "origin": [2.5, 0.92893, 2.07107]},
			"faces": {
				"north": {"uv": [6.125, 1, 7.125, 2], "texture": "#1"},
				"east": {"uv": [2, 0.75, 2.125, 2.125], "texture": "#1"},
				"south": {"uv": [2.2, 8, 4.4, 10], "texture": "#1"},
				"west": {"uv": [2, 0.5, 2.125, 1.875], "texture": "#1"},
				"up": {"uv": [13.2, 0.6, 11, 0.4], "texture": "#1"},
				"down": {"uv": [13.2, 0.6, 11, 0.8], "texture": "#1"}
			}
		},
		{
			"from": [2.5, 0.92893, 12.92893],
			"to": [13.5, 10.92893, 13.92893],
			"rotation": {"angle": 45, "axis": "x", "origin": [2.5, 0.92893, 13.92893]},
			"faces": {
				"north": {"uv": [4.4, 8, 6.6, 10], "texture": "#1"},
				"east": {"uv": [3.25, 1.575, 3.375, 2.95], "texture": "#1"},
				"south": {"uv": [6, 1, 7, 2], "texture": "#1"},
				"west": {"uv": [3.375, 1.625, 3.5, 3], "texture": "#1"},
				"up": {"uv": [13.2, 1, 11, 0.8], "texture": "#1"},
				"down": {"uv": [13.2, 1, 11, 1.2], "texture": "#1"}
			}
		},
		{
			"from": [12.92893, 0.92893, 2.5],
			"to": [13.92893, 10.92893, 13.5],
			"rotation": {"angle": -45, "axis": "z", "origin": [13.92893, 0.92893, 2.5]},
			"faces": {
				"north": {"uv": [3.25, 1.7, 3.375, 3.075], "texture": "#1"},
				"east": {"uv": [5.75, 0.625, 6.75, 1.625], "texture": "#1"},
				"south": {"uv": [3.125, 1.625, 3.25, 3], "texture": "#1"},
				"west": {"uv": [8.8, 2, 11, 4], "texture": "#1"},
				"up": {"uv": [8.8, 12.2, 8.6, 10], "texture": "#1"},
				"down": {"uv": [6.2, 10.8, 6, 13], "texture": "#1"}
			}
		},
		{
			"from": [2.07107, 0.92893, 2.5],
			"to": [3.07107, 10.92893, 13.5],
			"rotation": {"angle": 45, "axis": "z", "origin": [2.07107, 0.92893, 2.5]},
			"faces": {
				"north": {"uv": [2, 0.375, 2.125, 1.75], "texture": "#1"},
				"east": {"uv": [8.8, 4, 11, 6], "texture": "#1"},
				"south": {"uv": [4.7, 2.825, 4.825, 4.075], "texture": "#1"},
				"west": {"uv": [6.25, 1, 7.25, 2], "texture": "#1"},
				"up": {"uv": [6.4, 13, 6.2, 10.8], "texture": "#1"},
				"down": {"uv": [6.6, 10.8, 6.4, 13], "texture": "#1"}
			}
		},
		{
			"from": [-4.5, 7, -1],
			"to": [4.5, 8, 0],
			"rotation": {"angle": 45, "axis": "y", "origin": [0, 7, 0]},
			"faces": {
				"north": {"uv": [11.2, 9, 13, 9.2], "texture": "#1"},
				"east": {"uv": [5.8, 11.2, 6, 11.4], "texture": "#1"},
				"south": {"uv": [10.8, 11.2, 12.6, 11.4], "texture": "#1"},
				"west": {"uv": [5.8, 11.4, 6, 11.6], "texture": "#1"},
				"up": {"uv": [13.2, 1.4, 11.4, 1.2], "texture": "#1"},
				"down": {"uv": [13.2, 1.4, 11.4, 1.6], "texture": "#1"}
			}
		},
		{
			"from": [-3.75, 6, -0.25],
			"to": [3.75, 7, 0.75],
			"rotation": {"angle": 45, "axis": "y", "origin": [0, 7, 0]},
			"faces": {
				"north": {"uv": [11.4, 4, 13, 4.2], "texture": "#1"},
				"east": {"uv": [5.8, 11.6, 6, 11.8], "texture": "#1"},
				"south": {"uv": [11.4, 4.2, 13, 4.4], "texture": "#1"},
				"west": {"uv": [5.8, 11.8, 6, 12], "texture": "#1"},
				"up": {"uv": [13, 4.6, 11.4, 4.4], "texture": "#1"},
				"down": {"uv": [13, 4.6, 11.4, 4.8], "texture": "#1"}
			}
		},
		{
			"from": [-3, 5, 0.5],
			"to": [3, 6, 1.5],
			"rotation": {"angle": 45, "axis": "y", "origin": [0, 7, 0]},
			"faces": {
				"north": {"uv": [11.6, 7.8, 12.8, 8], "texture": "#1"},
				"east": {"uv": [5.8, 12, 6, 12.2], "texture": "#1"},
				"south": {"uv": [11.6, 8, 12.8, 8.2], "texture": "#1"},
				"west": {"uv": [5.8, 12.2, 6, 12.4], "texture": "#1"},
				"up": {"uv": [12.8, 8.4, 11.6, 8.2], "texture": "#1"},
				"down": {"uv": [12.8, 8.4, 11.6, 8.6], "texture": "#1"}
			}
		},
		{
			"from": [-2.25, 4, 1.25],
			"to": [2.25, 5, 2.25],
			"rotation": {"angle": 45, "axis": "y", "origin": [0, 7, 0]},
			"faces": {
				"north": {"uv": [4.4, 11.6, 5.4, 11.8], "texture": "#1"},
				"east": {"uv": [5.2, 12.4, 5.4, 12.6], "texture": "#1"},
				"south": {"uv": [4.4, 11.8, 5.4, 12], "texture": "#1"},
				"west": {"uv": [5.8, 12.4, 6, 12.6], "texture": "#1"},
				"up": {"uv": [5.4, 12.2, 4.4, 12], "texture": "#1"},
				"down": {"uv": [13, 12, 12, 12.2], "texture": "#1"}
			}
		},
		{
			"from": [-1.75, 3, 2],
			"to": [1.75, 4, 3],
			"rotation": {"angle": 45, "axis": "y", "origin": [0, 7, 0]},
			"faces": {
				"north": {"uv": [10.8, 12.2, 11.6, 12.4], "texture": "#1"},
				"east": {"uv": [4, 12.8, 4.2, 13], "texture": "#1"},
				"south": {"uv": [11.6, 12.2, 12.4, 12.4], "texture": "#1"},
				"west": {"uv": [4.2, 12.8, 4.4, 13], "texture": "#1"},
				"up": {"uv": [5.2, 12.6, 4.4, 12.4], "texture": "#1"},
				"down": {"uv": [7.8, 12.4, 7, 12.6], "texture": "#1"}
			}
		},
		{
			"from": [-1.25, 2, 2.75],
			"to": [1.25, 3, 3.75],
			"rotation": {"angle": 45, "axis": "y", "origin": [0, 7, 0]},
			"faces": {
				"north": {"uv": [7, 12.6, 7.6, 12.8], "texture": "#1"},
				"east": {"uv": [6.6, 12.8, 6.8, 13], "texture": "#1"},
				"south": {"uv": [7.6, 12.6, 8.2, 12.8], "texture": "#1"},
				"west": {"uv": [6.8, 12.8, 7, 13], "texture": "#1"},
				"up": {"uv": [8.8, 12.8, 8.2, 12.6], "texture": "#1"},
				"down": {"uv": [9.4, 12.6, 8.8, 12.8], "texture": "#1"}
			}
		},
		{
			"from": [11.5, 7, -1],
			"to": [20.5, 8, 0],
			"rotation": {"angle": -45, "axis": "y", "origin": [16, 7, 0]},
			"faces": {
				"north": {"uv": [11.4, 1.6, 13.2, 1.8], "texture": "#1"},
				"east": {"uv": [7, 12.8, 7.2, 13], "texture": "#1"},
				"south": {"uv": [11.4, 1.8, 13.2, 2], "texture": "#1"},
				"west": {"uv": [7.2, 12.8, 7.4, 13], "texture": "#1"},
				"up": {"uv": [13.2, 2.2, 11.4, 2], "texture": "#1"},
				"down": {"uv": [13.2, 2.2, 11.4, 2.4], "texture": "#1"}
			}
		},
		{
			"from": [12.25, 6, -0.25],
			"to": [19.75, 7, 0.75],
			"rotation": {"angle": -45, "axis": "y", "origin": [16, 7, 0]},
			"faces": {
				"north": {"uv": [11.4, 4.8, 13, 5], "texture": "#1"},
				"east": {"uv": [7.4, 12.8, 7.6, 13], "texture": "#1"},
				"south": {"uv": [11.4, 5, 13, 5.2], "texture": "#1"},
				"west": {"uv": [7.6, 12.8, 7.8, 13], "texture": "#1"},
				"up": {"uv": [12.4, 11.6, 10.8, 11.4], "texture": "#1"},
				"down": {"uv": [13.2, 6, 11.6, 6.2], "texture": "#1"}
			}
		},
		{
			"from": [13, 5, 0.5],
			"to": [19, 6, 1.5],
			"rotation": {"angle": -45, "axis": "y", "origin": [16, 7, 0]},
			"faces": {
				"north": {"uv": [11.6, 8.6, 12.8, 8.8], "texture": "#1"},
				"east": {"uv": [7.8, 12.8, 8, 13], "texture": "#1"},
				"south": {"uv": [11.6, 8.8, 12.8, 9], "texture": "#1"},
				"west": {"uv": [12.8, 7.8, 13, 8], "texture": "#1"},
				"up": {"uv": [12, 11.8, 10.8, 11.6], "texture": "#1"},
				"down": {"uv": [10, 11.8, 8.8, 12], "texture": "#1"}
			}
		},
		{
			"from": [13.75, 4, 1.25],
			"to": [18.25, 5, 2.25],
			"rotation": {"angle": -45, "axis": "y", "origin": [16, 7, 0]},
			"faces": {
				"north": {"uv": [4.4, 12.2, 5.4, 12.4], "texture": "#1"},
				"east": {"uv": [8, 12.8, 8.2, 13], "texture": "#1"},
				"south": {"uv": [12.2, 5.2, 13.2, 5.4], "texture": "#1"},
				"west": {"uv": [12.8, 8, 13, 8.2], "texture": "#1"},
				"up": {"uv": [13.2, 5.6, 12.2, 5.4], "texture": "#1"},
				"down": {"uv": [13.2, 5.6, 12.2, 5.8], "texture": "#1"}
			}
		},
		{
			"from": [14.25, 3, 2],
			"to": [17.75, 4, 3],
			"rotation": {"angle": -45, "axis": "y", "origin": [16, 7, 0]},
			"faces": {
				"north": {"uv": [7.8, 12.4, 8.6, 12.6], "texture": "#1"},
				"east": {"uv": [8.2, 12.8, 8.4, 13], "texture": "#1"},
				"south": {"uv": [8.6, 12.4, 9.4, 12.6], "texture": "#1"},
				"west": {"uv": [12.8, 8.2, 13, 8.4], "texture": "#1"},
				"up": {"uv": [10.2, 12.6, 9.4, 12.4], "texture": "#1"},
				"down": {"uv": [11, 12.4, 10.2, 12.6], "texture": "#1"}
			}
		},
		{
			"from": [14.75, 2, 2.75],
			"to": [17.25, 3, 3.75],
			"rotation": {"angle": -45, "axis": "y", "origin": [16, 7, 0]},
			"faces": {
				"north": {"uv": [9.4, 12.6, 10, 12.8], "texture": "#1"},
				"east": {"uv": [8.4, 12.8, 8.6, 13], "texture": "#1"},
				"south": {"uv": [10, 12.6, 10.6, 12.8], "texture": "#1"},
				"west": {"uv": [12.8, 8.4, 13, 8.6], "texture": "#1"},
				"up": {"uv": [11.2, 12.8, 10.6, 12.6], "texture": "#1"},
				"down": {"uv": [11.8, 12.6, 11.2, 12.8], "texture": "#1"}
			}
		},
		{
			"from": [11.5, 7, 16],
			"to": [20.5, 8, 17],
			"rotation": {"angle": 45, "axis": "y", "origin": [16, 7, 16]},
			"faces": {
				"north": {"uv": [11.4, 2.4, 13.2, 2.6], "texture": "#1"},
				"east": {"uv": [8.6, 12.8, 8.8, 13], "texture": "#1"},
				"south": {"uv": [11.4, 2.6, 13.2, 2.8], "texture": "#1"},
				"west": {"uv": [12.8, 8.6, 13, 8.8], "texture": "#1"},
				"up": {"uv": [13.2, 3, 11.4, 2.8], "texture": "#1"},
				"down": {"uv": [13.2, 3, 11.4, 3.2], "texture": "#1"}
			}
		},
		{
			"from": [12.25, 6, 15.25],
			"to": [19.75, 7, 16.25],
			"rotation": {"angle": 45, "axis": "y", "origin": [16, 7, 16]},
			"faces": {
				"north": {"uv": [11.6, 6.2, 13.2, 6.4], "texture": "#1"},
				"east": {"uv": [8.8, 12.8, 9, 13], "texture": "#1"},
				"south": {"uv": [11.6, 6.4, 13.2, 6.6], "texture": "#1"},
				"west": {"uv": [12.8, 8.8, 13, 9], "texture": "#1"},
				"up": {"uv": [13.2, 6.8, 11.6, 6.6], "texture": "#1"},
				"down": {"uv": [13.2, 6.8, 11.6, 7], "texture": "#1"}
			}
		},
		{
			"from": [13, 5, 14.5],
			"to": [19, 6, 15.5],
			"rotation": {"angle": 45, "axis": "y", "origin": [16, 7, 16]},
			"faces": {
				"north": {"uv": [10.8, 11.8, 12, 12], "texture": "#1"},
				"east": {"uv": [9, 12.8, 9.2, 13], "texture": "#1"},
				"south": {"uv": [7, 12, 8.2, 12.2], "texture": "#1"},
				"west": {"uv": [9.2, 12.8, 9.4, 13], "texture": "#1"},
				"up": {"uv": [10, 12.2, 8.8, 12], "texture": "#1"},
				"down": {"uv": [13.2, 9.2, 12, 9.4], "texture": "#1"}
			}
		},
		{
			"from": [13.75, 4, 13.75],
			"to": [18.25, 5, 14.75],
			"rotation": {"angle": 45, "axis": "y", "origin": [16, 7, 16]},
			"faces": {
				"north": {"uv": [12.2, 5.8, 13.2, 6], "texture": "#1"},
				"east": {"uv": [9.4, 12.8, 9.6, 13], "texture": "#1"},
				"south": {"uv": [7, 12.2, 8, 12.4], "texture": "#1"},
				"west": {"uv": [9.6, 12.8, 9.8, 13], "texture": "#1"},
				"up": {"uv": [9, 12.4, 8, 12.2], "texture": "#1"},
				"down": {"uv": [10, 12.2, 9, 12.4], "texture": "#1"}
			}
		},
		{
			"from": [14.25, 3, 13],
			"to": [17.75, 4, 14],
			"rotation": {"angle": 45, "axis": "y", "origin": [16, 7, 16]},
			"faces": {
				"north": {"uv": [12.4, 10.4, 13.2, 10.6], "texture": "#1"},
				"east": {"uv": [9.8, 12.8, 10, 13], "texture": "#1"},
				"south": {"uv": [12.4, 10.6, 13.2, 10.8], "texture": "#1"},
				"west": {"uv": [10, 12.8, 10.2, 13], "texture": "#1"},
				"up": {"uv": [13.2, 11, 12.4, 10.8], "texture": "#1"},
				"down": {"uv": [11.8, 12.4, 11, 12.6], "texture": "#1"}
			}
		},
		{
			"from": [14.75, 2, 12.25],
			"to": [17.25, 3, 13.25],
			"rotation": {"angle": 45, "axis": "y", "origin": [16, 7, 16]},
			"faces": {
				"north": {"uv": [12.6, 11.2, 13.2, 11.4], "texture": "#1"},
				"east": {"uv": [10.2, 12.8, 10.4, 13], "texture": "#1"},
				"south": {"uv": [11.8, 12.6, 12.4, 12.8], "texture": "#1"},
				"west": {"uv": [10.4, 12.8, 10.6, 13], "texture": "#1"},
				"up": {"uv": [13, 12.8, 12.4, 12.6], "texture": "#1"},
				"down": {"uv": [13.2, 12.4, 12.6, 12.6], "texture": "#1"}
			}
		},
		{
			"from": [-4.5, 7, 16],
			"to": [4.5, 8, 17],
			"rotation": {"angle": -45, "axis": "y", "origin": [0, 7, 16]},
			"faces": {
				"north": {"uv": [11.4, 3.2, 13.2, 3.4], "texture": "#1"},
				"east": {"uv": [10.6, 12.8, 10.8, 13], "texture": "#1"},
				"south": {"uv": [11.4, 3.4, 13.2, 3.6], "texture": "#1"},
				"west": {"uv": [10.8, 12.8, 11, 13], "texture": "#1"},
				"up": {"uv": [13.2, 3.8, 11.4, 3.6], "texture": "#1"},
				"down": {"uv": [13.2, 3.8, 11.4, 4], "texture": "#1"}
			}
		},
		{
			"from": [-3.75, 6, 15.25],
			"to": [3.75, 7, 16.25],
			"rotation": {"angle": -45, "axis": "y", "origin": [0, 7, 16]},
			"faces": {
				"north": {"uv": [11.6, 7, 13.2, 7.2], "texture": "#1"},
				"east": {"uv": [11, 12.8, 11.2, 13], "texture": "#1"},
				"south": {"uv": [11.6, 7.2, 13.2, 7.4], "texture": "#1"},
				"west": {"uv": [11.2, 12.8, 11.4, 13], "texture": "#1"},
				"up": {"uv": [13.2, 7.6, 11.6, 7.4], "texture": "#1"},
				"down": {"uv": [13.2, 7.6, 11.6, 7.8], "texture": "#1"}
			}
		},
		{
			"from": [-3, 5, 14.5],
			"to": [3, 6, 15.5],
			"rotation": {"angle": -45, "axis": "y", "origin": [0, 7, 16]},
			"faces": {
				"north": {"uv": [12, 9.4, 13.2, 9.6], "texture": "#1"},
				"east": {"uv": [11.4, 12.8, 11.6, 13], "texture": "#1"},
				"south": {"uv": [10.8, 12, 12, 12.2], "texture": "#1"},
				"west": {"uv": [11.6, 12.8, 11.8, 13], "texture": "#1"},
				"up": {"uv": [13.2, 11.8, 12, 11.6], "texture": "#1"},
				"down": {"uv": [13.2, 11.8, 12, 12], "texture": "#1"}
			}
		},
		{
			"from": [-2.25, 4, 13.75],
			"to": [2.25, 5, 14.75],
			"rotation": {"angle": -45, "axis": "y", "origin": [0, 7, 16]},
			"faces": {
				"north": {"uv": [12.2, 9.6, 13.2, 9.8], "texture": "#1"},
				"east": {"uv": [11.8, 12.8, 12, 13], "texture": "#1"},
				"south": {"uv": [12.2, 9.8, 13.2, 10], "texture": "#1"},
				"west": {"uv": [12, 12.8, 12.2, 13], "texture": "#1"},
				"up": {"uv": [13.2, 10.2, 12.2, 10], "texture": "#1"},
				"down": {"uv": [13.2, 10.2, 12.2, 10.4], "texture": "#1"}
			}
		},
		{
			"from": [-1.75, 3, 13],
			"to": [1.75, 4, 14],
			"rotation": {"angle": -45, "axis": "y", "origin": [0, 7, 16]},
			"faces": {
				"north": {"uv": [12.4, 11, 13.2, 11.2], "texture": "#1"},
				"east": {"uv": [12.2, 12.8, 12.4, 13], "texture": "#1"},
				"south": {"uv": [12.4, 11.4, 13.2, 11.6], "texture": "#1"},
				"west": {"uv": [12.4, 12.8, 12.6, 13], "texture": "#1"},
				"up": {"uv": [12.6, 12.6, 11.8, 12.4], "texture": "#1"},
				"down": {"uv": [13.2, 12.2, 12.4, 12.4], "texture": "#1"}
			}
		},
		{
			"from": [-1.25, 2, 12.25],
			"to": [1.25, 3, 13.25],
			"rotation": {"angle": -45, "axis": "y", "origin": [0, 7, 16]},
			"faces": {
				"north": {"uv": [0.4, 12.8, 1, 13], "texture": "#1"},
				"east": {"uv": [12.6, 12.8, 12.8, 13], "texture": "#1"},
				"south": {"uv": [1, 12.8, 1.6, 13], "texture": "#1"},
				"west": {"uv": [12.8, 12.8, 13, 13], "texture": "#1"},
				"up": {"uv": [2.2, 13, 1.6, 12.8], "texture": "#1"},
				"down": {"uv": [2.8, 12.8, 2.2, 13], "texture": "#1"}
			}
		},
		{
			"from": [-10, 14, 7],
			"to": [-5, 16, 9],
			"faces": {
				"north": {"uv": [0, 0, 0.625, 0.25], "texture": "#1"},
				"east": {"uv": [0, 12.6, 0.4, 13], "texture": "#1"},
				"south": {"uv": [0, 0, 0.625, 0.25], "texture": "#1"},
				"west": {"uv": [12.6, 0, 13, 0.4], "texture": "#1"},
				"up": {"uv": [0, 0, 0.625, 0.25], "texture": "#1"},
				"down": {"uv": [5.875, 5, 6.5, 5.25], "texture": "#1"}
			}
		},
		{
			"from": [-11, 10, 7],
			"to": [-9, 15, 9],
			"rotation": {"angle": 0, "axis": "y", "origin": [-0.5, 0.5, 0]},
			"faces": {
				"north": {"uv": [0, 0, 0.25, 0.625], "texture": "#1"},
				"east": {"uv": [5.5, 6.25, 5.75, 6.875], "texture": "#1"},
				"south": {"uv": [0, 0, 0.25, 0.625], "texture": "#1"},
				"west": {"uv": [0, 0, 0.25, 0.625], "texture": "#1"},
				"up": {"uv": [4.8, 13, 4.4, 12.6], "texture": "#1"},
				"down": {"uv": [5.2, 12.6, 4.8, 13], "texture": "#1"}
			}
		},
		{
			"from": [-11.07612, 9.61732, 7],
			"to": [-3.07612, 11.61732, 9],
			"rotation": {"angle": -22.5, "axis": "z", "origin": [-10.07612, 9.61732, 7]},
			"faces": {
				"north": {"uv": [0, 0, 1, 0.25], "texture": "#1"},
				"east": {"uv": [5.2, 12.6, 5.6, 13], "texture": "#1"},
				"south": {"uv": [0, 0, 1, 0.25], "texture": "#1"},
				"west": {"uv": [5.6, 12.6, 6, 13], "texture": "#1"},
				"up": {"uv": [5.625, 5, 6.625, 5.25], "texture": "#1"},
				"down": {"uv": [0, 0, 1, 0.25], "texture": "#1"}
			}
		},
		{
			"from": [-11, 15, 7],
			"to": [-9, 16.4, 9],
			"rotation": {"angle": -45, "axis": "z", "origin": [-11, 15, 7]},
			"faces": {
				"north": {"uv": [0, 0, 0.25, 0.25], "texture": "#1"},
				"east": {"uv": [2.8, 12.8, 3.2, 13], "texture": "#1"},
				"south": {"uv": [0, 0, 0.25, 0.25], "texture": "#1"},
				"west": {"uv": [0, 0, 0.25, 0.25], "texture": "#1"},
				"up": {"uv": [0.4, 12.6, 0, 12.2], "texture": "#1"},
				"down": {"uv": [5.8, 12.2, 5.4, 12.6], "texture": "#1"}
			}
		},
		{
			"name": "latte_art",
			"from": [-3, 15, -3],
			"to": [19, 15, 19],
			"rotation": {"angle": 0, "axis": "y", "origin": [0, 14, 0]},
			"faces": {
				"north": {"uv": [0, 0, 11, 0], "texture": "#2"},
				"east": {"uv": [0, 0, 11, 0], "texture": "#2"},
				"south": {"uv": [0, 0, 11, 0], "texture": "#2"},
				"west": {"uv": [0, 0, 11, 0], "texture": "#2"},
				"up": {"uv": [11, 11, 0, 0], "texture": "#2"}
			}
		}
	],
	"gui_light": "front",
	"display": {
		"thirdperson_righthand": {
			"rotation": [68, 0, 0],
			"translation": [0, 2, 0],
			"scale": [0.15, 0.15, 0.15]
		},
		"thirdperson_lefthand": {
			"rotation": [68, -180, 0],
			"translation": [0, 2, 0],
			"scale": [0.15, 0.15, 0.15]
		},
		"firstperson_righthand": {
			"rotation": [-6, 0, 6],
			"scale": [0.2, 0.2, 0.2]
		},
		"firstperson_lefthand": {
			"rotation": [-6, -180, -6],
			"scale": [0.2, 0.2, 0.2]
		},
		"ground": {
			"scale": [0.25, 0.25, 0.25]
		},
		"gui": {
			"rotation": [30, 30, 0],
			"scale": [0.4, 0.4, 0.4]
		},
		"head": {
			"translation": [0, 9, 0],
			"scale": [0.25, 0.25, 0.25]
		},
		"fixed": {
			"rotation": [-90, 0, 0],
			"translation": [0, 0, -3.75],
			"scale": [0.35, 0.35, 0.35]
		}
	},
	"groups": [
		{
			"name": "saucer",
			"origin": [8, 8, 8],
			"color": 0,
			"children": [0, 1, 2, 3, 4, 5, 6, 7, 8, 9, 10, 11, 12, 13, 14, 15, 16, 17, 18, 19, 20, 21, 22, 23, 24]
		},
		{
			"name": "latte_cup",
			"origin": [8, 8, 8],
			"color": 0,
			"children": [25, 26, 27, 28, 29, 30, 31, 32, 33, 34, 35, 36, 37, 38, 39, 40, 41, 42, 43, 44, 45, 46, 47, 48, 49, 50, 51, 52, 53, 54, 55, 56, 57, 58, 59, 60, 61, 62, 63, 64]
		},
		65
	]
}