{
	"credit": "Made by Phssthpok for Zombie Cleo",
	"textures": {
		"0": "custom:item/saucer",
		"1": "custom:item/coffee_cup",
		"2": "custom:item/coffee_white"
	},
	"elements": [
		{
			"from": [0, 1, 4],
			"to": [1, 2, 12],
			"faces": {
				"north": {"uv": [1, 11.5, 1.5, 12], "texture": "#0"},
				"east": {"uv": [8, 0, 12, 0.5], "texture": "#0"},
				"south": {"uv": [1.5, 11.5, 2, 12], "texture": "#0"},
				"west": {"uv": [8, 0.5, 12, 1], "texture": "#0"},
				"up": {"uv": [8.5, 5, 8, 1], "texture": "#0"},
				"down": {"uv": [6.5, 8, 6, 12], "texture": "#0"}
			}
		},
		{
			"from": [15, 1, 4],
			"to": [16, 2, 12],
			"rotation": {"angle": 0, "axis": "y", "origin": [16, 0, 0]},
			"faces": {
				"north": {"uv": [2, 11.5, 2.5, 12], "texture": "#0"},
				"east": {"uv": [8, 5, 12, 5.5], "texture": "#0"},
				"south": {"uv": [2.5, 11.5, 3, 12], "texture": "#0"},
				"west": {"uv": [8, 5.5, 12, 6], "texture": "#0"},
				"up": {"uv": [7, 12, 6.5, 8], "texture": "#0"},
				"down": {"uv": [7.5, 8, 7, 12], "texture": "#0"}
			}
		},
		{
			"from": [4, 1, 0],
			"to": [12, 2, 1],
			"faces": {
				"north": {"uv": [8, 6, 12, 6.5], "texture": "#0"},
				"east": {"uv": [4, 11.5, 4.5, 12], "texture": "#0"},
				"south": {"uv": [8, 6.5, 12, 7], "texture": "#0"},
				"west": {"uv": [4.5, 11.5, 5, 12], "texture": "#0"},
				"up": {"uv": [11.5, 8.5, 7.5, 8], "texture": "#0"},
				"down": {"uv": [12.5, 1, 8.5, 1.5], "texture": "#0"}
			}
		},
		{
			"from": [4, 1, 15],
			"to": [12, 2, 16],
			"rotation": {"angle": 0, "axis": "y", "origin": [0, 0, 16]},
			"faces": {
				"north": {"uv": [8.5, 1.5, 12.5, 2], "texture": "#0"},
				"east": {"uv": [5, 11.5, 5.5, 12], "texture": "#0"},
				"south": {"uv": [8.5, 2, 12.5, 2.5], "texture": "#0"},
				"west": {"uv": [5.5, 11.5, 6, 12], "texture": "#0"},
				"up": {"uv": [12.5, 3, 8.5, 2.5], "texture": "#0"},
				"down": {"uv": [12.5, 3, 8.5, 3.5], "texture": "#0"}
			}
		},
		{
			"from": [1, 1, 3],
			"to": [2, 2, 4],
			"faces": {
				"north": {"uv": [11.5, 8, 12, 8.5], "texture": "#0"},
				"east": {"uv": [8.5, 11.5, 9, 12], "texture": "#0"},
				"south": {"uv": [11.5, 8.5, 12, 9], "texture": "#0"},
				"west": {"uv": [9, 11.5, 9.5, 12], "texture": "#0"},
				"up": {"uv": [12, 9.5, 11.5, 9], "texture": "#0"},
				"down": {"uv": [10, 11.5, 9.5, 12], "texture": "#0"}
			}
		},
		{
			"from": [2, 1, 2],
			"to": [3, 2, 3],
			"faces": {
				"north": {"uv": [11.5, 9.5, 12, 10], "texture": "#0"},
				"east": {"uv": [10, 11.5, 10.5, 12], "texture": "#0"},
				"south": {"uv": [11.5, 10, 12, 10.5], "texture": "#0"},
				"west": {"uv": [11.5, 10.5, 12, 11], "texture": "#0"},
				"up": {"uv": [12, 11.5, 11.5, 11], "texture": "#0"},
				"down": {"uv": [12, 11.5, 11.5, 12], "texture": "#0"}
			}
		},
		{
			"from": [3, 1, 1],
			"to": [4, 2, 2],
			"faces": {
				"north": {"uv": [0, 12, 0.5, 12.5], "texture": "#0"},
				"east": {"uv": [12, 0, 12.5, 0.5], "texture": "#0"},
				"south": {"uv": [0.5, 12, 1, 12.5], "texture": "#0"},
				"west": {"uv": [12, 0.5, 12.5, 1], "texture": "#0"},
				"up": {"uv": [1.5, 12.5, 1, 12], "texture": "#0"},
				"down": {"uv": [2, 12, 1.5, 12.5], "texture": "#0"}
			}
		},
		{
			"from": [12, 1, 1],
			"to": [13, 2, 2],
			"rotation": {"angle": 0, "axis": "y", "origin": [16, 0, 0]},
			"faces": {
				"north": {"uv": [2, 12, 2.5, 12.5], "texture": "#0"},
				"east": {"uv": [2.5, 12, 3, 12.5], "texture": "#0"},
				"south": {"uv": [3, 12, 3.5, 12.5], "texture": "#0"},
				"west": {"uv": [3.5, 12, 4, 12.5], "texture": "#0"},
				"up": {"uv": [4.5, 12.5, 4, 12], "texture": "#0"},
				"down": {"uv": [5, 12, 4.5, 12.5], "texture": "#0"}
			}
		},
		{
			"from": [14, 1, 3],
			"to": [15, 2, 4],
			"rotation": {"angle": 0, "axis": "y", "origin": [16, 0, 0]},
			"faces": {
				"north": {"uv": [5, 12, 5.5, 12.5], "texture": "#0"},
				"east": {"uv": [12, 5, 12.5, 5.5], "texture": "#0"},
				"south": {"uv": [5.5, 12, 6, 12.5], "texture": "#0"},
				"west": {"uv": [12, 5.5, 12.5, 6], "texture": "#0"},
				"up": {"uv": [6.5, 12.5, 6, 12], "texture": "#0"},
				"down": {"uv": [12.5, 6, 12, 6.5], "texture": "#0"}
			}
		},
		{
			"from": [13, 1, 2],
			"to": [14, 2, 3],
			"rotation": {"angle": 0, "axis": "y", "origin": [16, 0, 0]},
			"faces": {
				"north": {"uv": [6.5, 12, 7, 12.5], "texture": "#0"},
				"east": {"uv": [12, 6.5, 12.5, 7], "texture": "#0"},
				"south": {"uv": [7, 12, 7.5, 12.5], "texture": "#0"},
				"west": {"uv": [7.5, 12, 8, 12.5], "texture": "#0"},
				"up": {"uv": [8.5, 12.5, 8, 12], "texture": "#0"},
				"down": {"uv": [12.5, 8, 12, 8.5], "texture": "#0"}
			}
		},
		{
			"from": [12, 1, 14],
			"to": [13, 2, 15],
			"rotation": {"angle": 0, "axis": "y", "origin": [16, 0, 16]},
			"faces": {
				"north": {"uv": [8.5, 12, 9, 12.5], "texture": "#0"},
				"east": {"uv": [12, 8.5, 12.5, 9], "texture": "#0"},
				"south": {"uv": [9, 12, 9.5, 12.5], "texture": "#0"},
				"west": {"uv": [12, 9, 12.5, 9.5], "texture": "#0"},
				"up": {"uv": [10, 12.5, 9.5, 12], "texture": "#0"},
				"down": {"uv": [12.5, 9.5, 12, 10], "texture": "#0"}
			}
		},
		{
			"from": [14, 1, 12],
			"to": [15, 2, 13],
			"rotation": {"angle": 0, "axis": "y", "origin": [16, 0, 16]},
			"faces": {
				"north": {"uv": [10, 12, 10.5, 12.5], "texture": "#0"},
				"east": {"uv": [12, 10, 12.5, 10.5], "texture": "#0"},
				"south": {"uv": [10.5, 12, 11, 12.5], "texture": "#0"},
				"west": {"uv": [12, 10.5, 12.5, 11], "texture": "#0"},
				"up": {"uv": [11.5, 12.5, 11, 12], "texture": "#0"},
				"down": {"uv": [12.5, 11, 12, 11.5], "texture": "#0"}
			}
		},
		{
			"from": [13, 1, 13],
			"to": [14, 2, 14],
			"rotation": {"angle": 0, "axis": "y", "origin": [16, 0, 16]},
			"faces": {
				"north": {"uv": [11.5, 12, 12, 12.5], "texture": "#0"},
				"east": {"uv": [12, 11.5, 12.5, 12], "texture": "#0"},
				"south": {"uv": [12, 12, 12.5, 12.5], "texture": "#0"},
				"west": {"uv": [0, 12.5, 0.5, 13], "texture": "#0"},
				"up": {"uv": [13, 0.5, 12.5, 0], "texture": "#0"},
				"down": {"uv": [1, 12.5, 0.5, 13], "texture": "#0"}
			}
		},
		{
			"from": [3, 1, 14],
			"to": [4, 2, 15],
			"rotation": {"angle": 0, "axis": "y", "origin": [0, 0, 16]},
			"faces": {
				"north": {"uv": [12.5, 0.5, 13, 1], "texture": "#0"},
				"east": {"uv": [1, 12.5, 1.5, 13], "texture": "#0"},
				"south": {"uv": [12.5, 1, 13, 1.5], "texture": "#0"},
				"west": {"uv": [1.5, 12.5, 2, 13], "texture": "#0"},
				"up": {"uv": [13, 2, 12.5, 1.5], "texture": "#0"},
				"down": {"uv": [2.5, 12.5, 2, 13], "texture": "#0"}
			}
		},
		{
			"from": [1, 1, 12],
			"to": [2, 2, 13],
			"rotation": {"angle": 0, "axis": "y", "origin": [0, 0, 16]},
			"faces": {
				"north": {"uv": [12.5, 2, 13, 2.5], "texture": "#0"},
				"east": {"uv": [2.5, 12.5, 3, 13], "texture": "#0"},
				"south": {"uv": [12.5, 2.5, 13, 3], "texture": "#0"},
				"west": {"uv": [3, 12.5, 3.5, 13], "texture": "#0"},
				"up": {"uv": [13, 3.5, 12.5, 3], "texture": "#0"},
				"down": {"uv": [4, 12.5, 3.5, 13], "texture": "#0"}
			}
		},
		{
			"from": [2, 1, 13],
			"to": [3, 2, 14],
			"rotation": {"angle": 0, "axis": "y", "origin": [0, 0, 16]},
			"faces": {
				"north": {"uv": [12.5, 3.5, 13, 4], "texture": "#0"},
				"east": {"uv": [4, 12.5, 4.5, 13], "texture": "#0"},
				"south": {"uv": [12.5, 4, 13, 4.5], "texture": "#0"},
				"west": {"uv": [4.5, 12.5, 5, 13], "texture": "#0"},
				"up": {"uv": [13, 5, 12.5, 4.5], "texture": "#0"},
				"down": {"uv": [5.5, 12.5, 5, 13], "texture": "#0"}
			}
		},
		{
			"from": [4, 0, 1],
			"to": [12, 1, 15],
			"faces": {
				"north": {"uv": [8.5, 3.5, 12.5, 4], "texture": "#0"},
				"east": {"uv": [6, 7, 13, 7.5], "texture": "#0"},
				"south": {"uv": [8.5, 4, 12.5, 4.5], "texture": "#0"},
				"west": {"uv": [6, 7.5, 13, 8], "texture": "#0"},
				"up": {"uv": [4, 7, 0, 0], "texture": "#0"},
				"down": {"uv": [8, 0, 4, 7], "texture": "#0"}
			}
		},
		{
			"from": [1, 0, 4],
			"to": [4, 1, 12],
			"faces": {
				"north": {"uv": [7.5, 10, 9, 10.5], "texture": "#0"},
				"east": {"uv": [8.5, 4.5, 12.5, 5], "texture": "#0"},
				"south": {"uv": [9, 10, 10.5, 10.5], "texture": "#0"},
				"west": {"uv": [7.5, 8.5, 11.5, 9], "texture": "#0"},
				"up": {"uv": [1.5, 11, 0, 7], "texture": "#0"},
				"down": {"uv": [3, 7, 1.5, 11], "texture": "#0"}
			}
		},
		{
			"from": [12, 0, 4],
			"to": [15, 1, 12],
			"rotation": {"angle": 0, "axis": "y", "origin": [16, 0, 0]},
			"faces": {
				"north": {"uv": [7.5, 10.5, 9, 11], "texture": "#0"},
				"east": {"uv": [7.5, 9, 11.5, 9.5], "texture": "#0"},
				"south": {"uv": [9, 10.5, 10.5, 11], "texture": "#0"},
				"west": {"uv": [7.5, 9.5, 11.5, 10], "texture": "#0"},
				"up": {"uv": [4.5, 11, 3, 7], "texture": "#0"},
				"down": {"uv": [6, 7, 4.5, 11], "texture": "#0"}
			}
		},
		{
			"from": [3, 0, 2],
			"to": [4, 1, 4],
			"faces": {
				"north": {"uv": [12.5, 5, 13, 5.5], "texture": "#0"},
				"east": {"uv": [10.5, 10, 11.5, 10.5], "texture": "#0"},
				"south": {"uv": [5.5, 12.5, 6, 13], "texture": "#0"},
				"west": {"uv": [10.5, 10.5, 11.5, 11], "texture": "#0"},
				"up": {"uv": [0.5, 12, 0, 11], "texture": "#0"},
				"down": {"uv": [1, 11, 0.5, 12], "texture": "#0"}
			}
		},
		{
			"from": [2, 0, 3],
			"to": [3, 1, 4],
			"faces": {
				"north": {"uv": [12.5, 5.5, 13, 6], "texture": "#0"},
				"east": {"uv": [6, 12.5, 6.5, 13], "texture": "#0"},
				"south": {"uv": [12.5, 6, 13, 6.5], "texture": "#0"},
				"west": {"uv": [6.5, 12.5, 7, 13], "texture": "#0"},
				"up": {"uv": [13, 7, 12.5, 6.5], "texture": "#0"},
				"down": {"uv": [7.5, 12.5, 7, 13], "texture": "#0"}
			}
		},
		{
			"from": [13, 0, 3],
			"to": [14, 1, 4],
			"rotation": {"angle": 0, "axis": "y", "origin": [16, 0, 0]},
			"faces": {
				"north": {"uv": [7.5, 12.5, 8, 13], "texture": "#0"},
				"east": {"uv": [8, 12.5, 8.5, 13], "texture": "#0"},
				"south": {"uv": [12.5, 8, 13, 8.5], "texture": "#0"},
				"west": {"uv": [8.5, 12.5, 9, 13], "texture": "#0"},
				"up": {"uv": [13, 9, 12.5, 8.5], "texture": "#0"},
				"down": {"uv": [9.5, 12.5, 9, 13], "texture": "#0"}
			}
		},
		{
			"from": [12, 0, 2],
			"to": [13, 1, 4],
			"rotation": {"angle": 0, "axis": "y", "origin": [16, 0, 0]},
			"faces": {
				"north": {"uv": [12.5, 9, 13, 9.5], "texture": "#0"},
				"east": {"uv": [1, 11, 2, 11.5], "texture": "#0"},
				"south": {"uv": [9.5, 12.5, 10, 13], "texture": "#0"},
				"west": {"uv": [2, 11, 3, 11.5], "texture": "#0"},
				"up": {"uv": [3.5, 12, 3, 11], "texture": "#0"},
				"down": {"uv": [4, 11, 3.5, 12], "texture": "#0"}
			}
		},
		{
			"from": [13, 0, 12],
			"to": [14, 1, 13],
			"rotation": {"angle": 0, "axis": "y", "origin": [16, 0, 16]},
			"faces": {
				"north": {"uv": [12.5, 9.5, 13, 10], "texture": "#0"},
				"east": {"uv": [10, 12.5, 10.5, 13], "texture": "#0"},
				"south": {"uv": [12.5, 10, 13, 10.5], "texture": "#0"},
				"west": {"uv": [10.5, 12.5, 11, 13], "texture": "#0"},
				"up": {"uv": [13, 11, 12.5, 10.5], "texture": "#0"},
				"down": {"uv": [11.5, 12.5, 11, 13], "texture": "#0"}
			}
		},
		{
			"from": [12, 0, 12],
			"to": [13, 1, 14],
			"rotation": {"angle": 0, "axis": "y", "origin": [16, 0, 16]},
			"faces": {
				"north": {"uv": [12.5, 11, 13, 11.5], "texture": "#0"},
				"east": {"uv": [4, 11, 5, 11.5], "texture": "#0"},
				"south": {"uv": [11.5, 12.5, 12, 13], "texture": "#0"},
				"west": {"uv": [5, 11, 6, 11.5], "texture": "#0"},
				"up": {"uv": [8, 12, 7.5, 11], "texture": "#0"},
				"down": {"uv": [8.5, 11, 8, 12], "texture": "#0"}
			}
		},
		{
			"from": [2, 0, 12],
			"to": [3, 1, 13],
			"rotation": {"angle": 0, "axis": "y", "origin": [0, 0, 16]},
			"faces": {
				"north": {"uv": [12.5, 11.5, 13, 12], "texture": "#0"},
				"east": {"uv": [12, 12.5, 12.5, 13], "texture": "#0"},
				"south": {"uv": [12.5, 12, 13, 12.5], "texture": "#0"},
				"west": {"uv": [12.5, 12.5, 13, 13], "texture": "#0"},
				"up": {"uv": [0.5, 13.5, 0, 13], "texture": "#0"},
				"down": {"uv": [13.5, 0, 13, 0.5], "texture": "#0"}
			}
		},
		{
			"from": [3, 0, 12],
			"to": [4, 1, 14],
			"rotation": {"angle": 0, "axis": "y", "origin": [0, 0, 16]},
			"faces": {
				"north": {"uv": [0.5, 13, 1, 13.5], "texture": "#0"},
				"east": {"uv": [8.5, 11, 9.5, 11.5], "texture": "#0"},
				"south": {"uv": [13, 0.5, 13.5, 1], "texture": "#0"},
				"west": {"uv": [9.5, 11, 10.5, 11.5], "texture": "#0"},
				"up": {"uv": [11, 12, 10.5, 11], "texture": "#0"},
				"down": {"uv": [11.5, 11, 11, 12], "texture": "#0"}
			}
		},
		{
			"from": [2, 3, 6],
			"to": [3, 8, 10],
			"faces": {
				"north": {"uv": [10, 6.5, 10.5, 9], "texture": "#1"},
				"east": {"uv": [4, 0, 6, 2.5], "texture": "#1"},
				"south": {"uv": [10, 9, 10.5, 11.5], "texture": "#1"},
				"west": {"uv": [4, 2.5, 6, 5], "texture": "#1"},
				"up": {"uv": [12, 2, 11.5, 0], "texture": "#1"},
				"down": {"uv": [12, 2, 11.5, 4], "texture": "#1"}
			}
		},
		{
			"from": [13, 3, 6],
			"to": [14, 8, 10],
			"rotation": {"angle": 0, "axis": "y", "origin": [16, 0, 0]},
			"faces": {
				"north": {"uv": [0, 10.5, 0.5, 13], "texture": "#1"},
				"east": {"uv": [4, 5, 6, 7.5], "texture": "#1"},
				"south": {"uv": [0.5, 10.5, 1, 13], "texture": "#1"},
				"west": {"uv": [6, 0, 8, 2.5], "texture": "#1"},
				"up": {"uv": [12, 8.5, 11.5, 6.5], "texture": "#1"},
				"down": {"uv": [12, 8.5, 11.5, 10.5], "texture": "#1"}
			}
		},
		{
			"from": [6, 3, 2],
			"to": [10, 8, 3],
			"rotation": {"angle": 0, "axis": "y", "origin": [16, 0, 0]},
			"faces": {
				"north": {"uv": [6, 2.5, 8, 5], "texture": "#1"},
				"east": {"uv": [1, 10.5, 1.5, 13], "texture": "#1"},
				"south": {"uv": [6, 5, 8, 7.5], "texture": "#1"},
				"west": {"uv": [1.5, 10.5, 2, 13], "texture": "#1"},
				"up": {"uv": [13.5, 4.5, 11.5, 4], "texture": "#1"},
				"down": {"uv": [13.5, 4.5, 11.5, 5], "texture": "#1"}
			}
		},
		{
			"from": [6, 3, 13],
			"to": [10, 8, 14],
			"rotation": {"angle": 0, "axis": "y", "origin": [16, 0, 16]},
			"faces": {
				"north": {"uv": [4, 7.5, 6, 10], "texture": "#1"},
				"east": {"uv": [2, 10.5, 2.5, 13], "texture": "#1"},
				"south": {"uv": [6, 7.5, 8, 10], "texture": "#1"},
				"west": {"uv": [2.5, 10.5, 3, 13], "texture": "#1"},
				"up": {"uv": [12, 12, 10, 11.5], "texture": "#1"},
				"down": {"uv": [13.5, 10.5, 11.5, 11], "texture": "#1"}
			}
		},
		{
			"from": [4, 3, 3],
			"to": [6, 8, 4],
			"faces": {
				"north": {"uv": [0, 8, 1, 10.5], "texture": "#1"},
				"east": {"uv": [3, 10.5, 3.5, 13], "texture": "#1"},
				"south": {"uv": [8, 0, 9, 2.5], "texture": "#1"},
				"west": {"uv": [3.5, 10.5, 4, 13], "texture": "#1"},
				"up": {"uv": [11.5, 13.5, 10.5, 13], "texture": "#1"},
				"down": {"uv": [12.5, 13, 11.5, 13.5], "texture": "#1"}
			}
		},
		{
			"from": [3, 3, 4],
			"to": [4, 8, 6],
			"faces": {
				"north": {"uv": [6, 10.5, 6.5, 13], "texture": "#1"},
				"east": {"uv": [1, 8, 2, 10.5], "texture": "#1"},
				"south": {"uv": [6.5, 10.5, 7, 13], "texture": "#1"},
				"west": {"uv": [2, 8, 3, 10.5], "texture": "#1"},
				"up": {"uv": [13, 14, 12.5, 13], "texture": "#1"},
				"down": {"uv": [13.5, 13, 13, 14], "texture": "#1"}
			}
		},
		{
			"from": [12, 3, 4],
			"to": [13, 8, 6],
			"rotation": {"angle": 0, "axis": "y", "origin": [16, 0, 0]},
			"faces": {
				"north": {"uv": [10.5, 6.5, 11, 9], "texture": "#1"},
				"east": {"uv": [8, 2.5, 9, 5], "texture": "#1"},
				"south": {"uv": [7, 10.5, 7.5, 13], "texture": "#1"},
				"west": {"uv": [3, 8, 4, 10.5], "texture": "#1"},
				"up": {"uv": [0.5, 14.5, 0, 13.5], "texture": "#1"},
				"down": {"uv": [1, 13.5, 0.5, 14.5], "texture": "#1"}
			}
		},
		{
			"from": [10, 3, 3],
			"to": [12, 8, 4],
			"rotation": {"angle": 0, "axis": "y", "origin": [16, 0, 0]},
			"faces": {
				"north": {"uv": [8, 5, 9, 7.5], "texture": "#1"},
				"east": {"uv": [7.5, 10.5, 8, 13], "texture": "#1"},
				"south": {"uv": [8, 7.5, 9, 10], "texture": "#1"},
				"west": {"uv": [8, 10.5, 8.5, 13], "texture": "#1"},
				"up": {"uv": [2, 14, 1, 13.5], "texture": "#1"},
				"down": {"uv": [3, 13.5, 2, 14], "texture": "#1"}
			}
		},
		{
			"from": [12, 3, 10],
			"to": [13, 8, 12],
			"rotation": {"angle": 0, "axis": "y", "origin": [16, 0, 16]},
			"faces": {
				"north": {"uv": [8.5, 10.5, 9, 13], "texture": "#1"},
				"east": {"uv": [9, 0, 10, 2.5], "texture": "#1"},
				"south": {"uv": [9, 10.5, 9.5, 13], "texture": "#1"},
				"west": {"uv": [9, 2.5, 10, 5], "texture": "#1"},
				"up": {"uv": [3.5, 14.5, 3, 13.5], "texture": "#1"},
				"down": {"uv": [4, 13.5, 3.5, 14.5], "texture": "#1"}
			}
		},
		{
			"from": [10, 3, 12],
			"to": [12, 8, 13],
			"rotation": {"angle": 0, "axis": "y", "origin": [16, 0, 16]},
			"faces": {
				"north": {"uv": [9, 5, 10, 7.5], "texture": "#1"},
				"east": {"uv": [10.5, 9, 11, 11.5], "texture": "#1"},
				"south": {"uv": [9, 7.5, 10, 10], "texture": "#1"},
				"west": {"uv": [9.5, 10.5, 10, 13], "texture": "#1"},
				"up": {"uv": [14.5, 4.5, 13.5, 4], "texture": "#1"},
				"down": {"uv": [14.5, 4.5, 13.5, 5], "texture": "#1"}
			}
		},
		{
			"from": [3, 3, 10],
			"to": [4, 8, 12],
			"rotation": {"angle": 0, "axis": "y", "origin": [0, 0, 16]},
			"faces": {
				"north": {"uv": [11, 0, 11.5, 2.5], "texture": "#1"},
				"east": {"uv": [10, 0, 11, 2.5], "texture": "#1"},
				"south": {"uv": [11, 2.5, 11.5, 5], "texture": "#1"},
				"west": {"uv": [10, 2.5, 11, 5], "texture": "#1"},
				"up": {"uv": [6.5, 14.5, 6, 13.5], "texture": "#1"},
				"down": {"uv": [7, 13.5, 6.5, 14.5], "texture": "#1"}
			}
		},
		{
			"from": [4, 3, 12],
			"to": [6, 8, 13],
			"rotation": {"angle": 0, "axis": "y", "origin": [0, 0, 16]},
			"faces": {
				"north": {"uv": [4, 10, 5, 12.5], "texture": "#1"},
				"east": {"uv": [11, 6.5, 11.5, 9], "texture": "#1"},
				"south": {"uv": [5, 10, 6, 12.5], "texture": "#1"},
				"west": {"uv": [11, 9, 11.5, 11.5], "texture": "#1"},
				"up": {"uv": [8, 14, 7, 13.5], "texture": "#1"},
				"down": {"uv": [9, 13.5, 8, 14], "texture": "#1"}
			}
		},
		{
			"from": [3, 2, 6],
			"to": [4, 3, 10],
			"faces": {
				"north": {"uv": [10.5, 13.5, 11, 14], "texture": "#1"},
				"east": {"uv": [11.5, 11, 13.5, 11.5], "texture": "#1"},
				"south": {"uv": [13.5, 10.5, 14, 11], "texture": "#1"},
				"west": {"uv": [12, 0, 14, 0.5], "texture": "#1"},
				"up": {"uv": [12.5, 2.5, 12, 0.5], "texture": "#1"},
				"down": {"uv": [12.5, 6.5, 12, 8.5], "texture": "#1"}
			}
		},
		{
			"from": [6, 2, 3],
			"to": [10, 3, 4],
			"faces": {
				"north": {"uv": [12, 2.5, 14, 3], "texture": "#1"},
				"east": {"uv": [11, 13.5, 11.5, 14], "texture": "#1"},
				"south": {"uv": [12, 3, 14, 3.5], "texture": "#1"},
				"west": {"uv": [13.5, 11, 14, 11.5], "texture": "#1"},
				"up": {"uv": [14, 4, 12, 3.5], "texture": "#1"},
				"down": {"uv": [14, 8.5, 12, 9], "texture": "#1"}
			}
		},
		{
			"from": [6, 2, 12],
			"to": [10, 3, 13],
			"rotation": {"angle": 0, "axis": "y", "origin": [0, 0, 16]},
			"faces": {
				"north": {"uv": [12, 9, 14, 9.5], "texture": "#1"},
				"east": {"uv": [11.5, 13.5, 12, 14], "texture": "#1"},
				"south": {"uv": [12, 9.5, 14, 10], "texture": "#1"},
				"west": {"uv": [12, 13.5, 12.5, 14], "texture": "#1"},
				"up": {"uv": [12, 12.5, 10, 12], "texture": "#1"},
				"down": {"uv": [14, 10, 12, 10.5], "texture": "#1"}
			}
		},
		{
			"from": [12, 2, 6],
			"to": [13, 3, 10],
			"rotation": {"angle": 0, "axis": "y", "origin": [16, 0, 0]},
			"faces": {
				"north": {"uv": [13.5, 13, 14, 13.5], "texture": "#1"},
				"east": {"uv": [12, 11.5, 14, 12], "texture": "#1"},
				"south": {"uv": [13.5, 13.5, 14, 14], "texture": "#1"},
				"west": {"uv": [12, 12, 14, 12.5], "texture": "#1"},
				"up": {"uv": [13, 2.5, 12.5, 0.5], "texture": "#1"},
				"down": {"uv": [4.5, 12.5, 4, 14.5], "texture": "#1"}
			}
		},
		{
			"from": [4, 2, 4],
			"to": [12, 3, 12],
			"faces": {
				"north": {"uv": [10, 5, 14, 5.5], "texture": "#1"},
				"east": {"uv": [10, 5.5, 14, 6], "texture": "#1"},
				"south": {"uv": [6, 10, 10, 10.5], "texture": "#1"},
				"west": {"uv": [10, 6, 14, 6.5], "texture": "#1"},
				"up": {"uv": [4, 4, 0, 0], "texture": "#1"},
				"down": {"uv": [4, 4, 0, 8], "texture": "#1"}
			}
		},
		{
			"from": [4, 1, 6],
			"to": [5, 2, 10],
			"faces": {
				"north": {"uv": [14, 0, 14.5, 0.5], "texture": "#1"},
				"east": {"uv": [12.5, 6.5, 14.5, 7], "texture": "#1"},
				"south": {"uv": [1, 14, 1.5, 14.5], "texture": "#1"},
				"west": {"uv": [12.5, 7, 14.5, 7.5], "texture": "#1"},
				"up": {"uv": [5, 14.5, 4.5, 12.5], "texture": "#1"},
				"down": {"uv": [5.5, 12.5, 5, 14.5], "texture": "#1"}
			}
		},
		{
			"from": [11, 1, 6],
			"to": [12, 2, 10],
			"rotation": {"angle": 0, "axis": "y", "origin": [16, 0, 0]},
			"faces": {
				"north": {"uv": [1.5, 14, 2, 14.5], "texture": "#1"},
				"east": {"uv": [12.5, 7.5, 14.5, 8], "texture": "#1"},
				"south": {"uv": [2, 14, 2.5, 14.5], "texture": "#1"},
				"west": {"uv": [12.5, 8, 14.5, 8.5], "texture": "#1"},
				"up": {"uv": [6, 14.5, 5.5, 12.5], "texture": "#1"},
				"down": {"uv": [10.5, 12.5, 10, 14.5], "texture": "#1"}
			}
		},
		{
			"from": [6, 1, 4],
			"to": [10, 2, 5],
			"faces": {
				"north": {"uv": [10.5, 12.5, 12.5, 13], "texture": "#1"},
				"east": {"uv": [2.5, 14, 3, 14.5], "texture": "#1"},
				"south": {"uv": [12.5, 12.5, 14.5, 13], "texture": "#1"},
				"west": {"uv": [14, 2.5, 14.5, 3], "texture": "#1"},
				"up": {"uv": [2, 13.5, 0, 13], "texture": "#1"},
				"down": {"uv": [15, 0.5, 13, 1], "texture": "#1"}
			}
		},
		{
			"from": [6, 1, 11],
			"to": [10, 2, 12],
			"rotation": {"angle": 0, "axis": "y", "origin": [0, 0, 16]},
			"faces": {
				"north": {"uv": [13, 1, 15, 1.5], "texture": "#1"},
				"east": {"uv": [14, 3, 14.5, 3.5], "texture": "#1"},
				"south": {"uv": [13, 1.5, 15, 2], "texture": "#1"},
				"west": {"uv": [14, 3.5, 14.5, 4], "texture": "#1"},
				"up": {"uv": [4, 13.5, 2, 13], "texture": "#1"},
				"down": {"uv": [15, 2, 13, 2.5], "texture": "#1"}
			}
		},
		{
			"from": [5, 1, 5],
			"to": [6, 2, 6],
			"faces": {
				"north": {"uv": [14, 5, 14.5, 5.5], "texture": "#1"},
				"east": {"uv": [14, 5.5, 14.5, 6], "texture": "#1"},
				"south": {"uv": [14, 6, 14.5, 6.5], "texture": "#1"},
				"west": {"uv": [7, 14, 7.5, 14.5], "texture": "#1"},
				"up": {"uv": [8, 14.5, 7.5, 14], "texture": "#1"},
				"down": {"uv": [8.5, 14, 8, 14.5], "texture": "#1"}
			}
		},
		{
			"from": [10, 1, 5],
			"to": [11, 2, 6],
			"faces": {
				"north": {"uv": [8.5, 14, 9, 14.5], "texture": "#1"},
				"east": {"uv": [14, 8.5, 14.5, 9], "texture": "#1"},
				"south": {"uv": [9, 14, 9.5, 14.5], "texture": "#1"},
				"west": {"uv": [14, 9, 14.5, 9.5], "texture": "#1"},
				"up": {"uv": [10, 14.5, 9.5, 14], "texture": "#1"},
				"down": {"uv": [14.5, 9.5, 14, 10], "texture": "#1"}
			}
		},
		{
			"from": [10, 1, 10],
			"to": [11, 2, 11],
			"faces": {
				"north": {"uv": [14, 10, 14.5, 10.5], "texture": "#1"},
				"east": {"uv": [10.5, 14, 11, 14.5], "texture": "#1"},
				"south": {"uv": [14, 10.5, 14.5, 11], "texture": "#1"},
				"west": {"uv": [11, 14, 11.5, 14.5], "texture": "#1"},
				"up": {"uv": [14.5, 11.5, 14, 11], "texture": "#1"},
				"down": {"uv": [12, 14, 11.5, 14.5], "texture": "#1"}
			}
		},
		{
			"from": [5, 1, 10],
			"to": [6, 2, 11],
			"faces": {
				"north": {"uv": [14, 11.5, 14.5, 12], "texture": "#1"},
				"east": {"uv": [12, 14, 12.5, 14.5], "texture": "#1"},
				"south": {"uv": [14, 12, 14.5, 12.5], "texture": "#1"},
				"west": {"uv": [12.5, 14, 13, 14.5], "texture": "#1"},
				"up": {"uv": [13.5, 14.5, 13, 14], "texture": "#1"},
				"down": {"uv": [14.5, 13, 14, 13.5], "texture": "#1"}
			}
		},
		{
			"from": [1, 4, 7.5],
			"to": [2, 5, 8.5],
			"faces": {
				"north": {"uv": [13.5, 14, 14, 14.5], "texture": "#1"},
				"east": {"uv": [14, 13.5, 14.5, 14], "texture": "#1"},
				"south": {"uv": [14, 14, 14.5, 14.5], "texture": "#1"},
				"west": {"uv": [0, 14.5, 0.5, 15], "texture": "#1"},
				"up": {"uv": [15, 0.5, 14.5, 0], "texture": "#1"},
				"down": {"uv": [1, 14.5, 0.5, 15], "texture": "#1"}
			}
		},
		{
			"from": [0, 5, 7.5],
			"to": [1, 6, 8.5],
			"faces": {
				"north": {"uv": [1, 14.5, 1.5, 15], "texture": "#1"},
				"east": {"uv": [1.5, 14.5, 2, 15], "texture": "#1"},
				"south": {"uv": [2, 14.5, 2.5, 15], "texture": "#1"},
				"west": {"uv": [2.5, 14.5, 3, 15], "texture": "#1"},
				"up": {"uv": [15, 3, 14.5, 2.5], "texture": "#1"},
				"down": {"uv": [3.5, 14.5, 3, 15], "texture": "#1"}
			}
		},
		{
			"from": [0, 6, 7.5],
			"to": [2, 7, 8.5],
			"faces": {
				"north": {"uv": [6, 13, 7, 13.5], "texture": "#1"},
				"east": {"uv": [9, 13.5, 9.5, 14], "texture": "#1"},
				"south": {"uv": [7, 13, 8, 13.5], "texture": "#1"},
				"west": {"uv": [9.5, 13.5, 10, 14], "texture": "#1"},
				"up": {"uv": [9, 13.5, 8, 13], "texture": "#1"},
				"down": {"uv": [10, 13, 9, 13.5], "texture": "#1"}
			}
		},
		{
			"name": "coffee",
			"from": [3, 7, 3],
			"to": [13, 7, 13],
			"faces": {
				"north": {"uv": [0, 0, 10, 0], "texture": "#2"},
				"east": {"uv": [0, 0, 10, 0], "texture": "#2"},
				"south": {"uv": [0, 0, 10, 0], "texture": "#2"},
				"west": {"uv": [0, 0, 10, 0], "texture": "#2"},
				"up": {"uv": [10, 10, 0, 0], "texture": "#2"}
			}
		}
	],
	"gui_light": "front",
	"display": {
		"thirdperson_righthand": {
			"rotation": [68, 0, 0],
			"translation": [0, 3, 1.5],
			"scale": [0.3, 0.3, 0.3]
		},
		"thirdperson_lefthand": {
			"rotation": [68, 0, 0],
			"translation": [0, 3, 1.5],
			"scale": [-0.3, 0.3, 0.3]
		},
		"firstperson_righthand": {
			"rotation": [0, 0, 6],
			"translation": [0, 2, 0],
			"scale": [0.5, 0.5, 0.5]
		},
		"firstperson_lefthand": {
			"rotation": [0, 0, 6],
			"translation": [0, 2, 0],
			"scale": [-0.5, 0.5, 0.5]
		},
		"ground": {
			"scale": [0.5, 0.5, 0.5]
		},
		"gui": {
			"rotation": [30, 30, 0],
			"translation": [0, 3.25, 0],
			"scale": [0.83, 0.83, 0.83]
		},
		"head": {
			"translation": [0, 12, 0],
			"scale": [0.6, 0.6, 0.6]
		},
		"fixed": {
			"rotation": [-90, 0, 0],
			"translation": [0, 0, -9]
		}
	},
	"groups": [
		{
			"name": "saucer",
			"origin": [0, 0, 0],
			"color": 0,
			"children": [0, 1, 2, 3, 4, 5, 6, 7, 8, 9, 10, 11, 12, 13, 14, 15, 16, 17, 18, 19, 20, 21, 22, 23, 24, 25, 26]
		},
		{
			"name": "cup",
			"origin": [8, 8, 8],
			"color": 0,
			"children": [27, 28, 29, 30, 31, 32, 33, 34, 35, 36, 37, 38, 39, 40, 41, 42, 43, 44, 45, 46, 47, 48, 49, 50, 51, 52, 53, 54]
		}, 55]
}
