{
	"credit": "by Hoffen _InkGhoul",
	"texture_size": [64, 64],
	"textures": {
		"1": "custom:item/hermitpermit-diamond",
		"2": "custom:item/cub_permit_trophy",
		"particle": "custom:item/cub_permit_trophy"
	},
	"elements": [
		{
			"from": [2, 0, 2],
			"to": [14, 3, 14],
			"faces": {
				"north": {"uv": [12.5, 3.25, 15.5, 4], "texture": "#2"},
				"east": {"uv": [12.5, 4, 15.5, 4.75], "texture": "#2"},
				"south": {"uv": [15.5, 3.25, 12.5, 4], "texture": "#2"},
				"west": {"uv": [15.5, 4, 12.5, 4.75], "texture": "#2"},
				"up": {"uv": [6.25, 15.5, 3.25, 12.5], "texture": "#2"},
				"down": {"uv": [3, 12.5, 0, 15.5], "texture": "#2"}
			}
		},
		{
			"from": [4.6, 11.75, 4.6],
			"to": [11.4, 18.55, 11.4],
			"rotation": {"angle": 0, "axis": "y", "origin": [4.6, 11.75, 9.7]},
			"faces": {
				"north": {"uv": [2, 2, 4, 4], "texture": "#2"},
				"east": {"uv": [0, 2, 2, 4], "texture": "#2"},
				"south": {"uv": [6, 2, 8, 4], "texture": "#2"},
				"west": {"uv": [4, 2, 6, 4], "texture": "#2"},
				"up": {"uv": [2, 0, 4, 2], "texture": "#2"},
				"down": {"uv": [4, 0, 6, 2], "texture": "#2"}
			}
		},
		{
			"from": [4.6, 5, 6.3],
			"to": [11.4, 11.8, 9.7],
			"rotation": {"angle": 0, "axis": "y", "origin": [4.6, 5, 11.4]},
			"faces": {
				"north": {"uv": [1, 5.25, 3, 7.25], "texture": "#2"},
				"east": {"uv": [0, 5.25, 1, 7.25], "texture": "#2"},
				"south": {"uv": [4, 5.25, 6, 7.25], "texture": "#2"},
				"west": {"uv": [3, 5.25, 4, 7.25], "texture": "#2"},
				"up": {"uv": [0, 0, 2, 1], "texture": "#2"},
				"down": {"uv": [3.5, 6.25, 5.5, 7.25], "texture": "#2"}
			}
		},
		{
			"from": [3, 3, 3],
			"to": [13, 5, 13],
			"rotation": {"angle": 0, "axis": "y", "origin": [4, 3, 12]},
			"faces": {
				"north": {"uv": [12.75, 5.25, 15.25, 5.75], "texture": "#2"},
				"east": {"uv": [12.75, 5.25, 15.25, 5.75], "texture": "#2"},
				"south": {"uv": [12.75, 5.25, 15.25, 5.75], "texture": "#2"},
				"west": {"uv": [12.75, 5.25, 15.25, 5.75], "texture": "#2"},
				"up": {"uv": [12.75, 6.25, 15.25, 8.75], "texture": "#2"},
				"down": {"uv": [0, 0, 2.5, 2.5], "texture": "#2"}
			}
		},
		{
			"from": [11.4, 9.55, 6.3],
			"to": [13.95, 19.75, 9.7],
			"rotation": {"angle": 0, "axis": "y", "origin": [7.15, 9.55, 11.4]},
			"faces": {
				"north": {"uv": [8.75, 8.25, 9.5, 5.25], "texture": "#2"},
				"east": {"uv": [6.5, 8.25, 7.5, 5.25], "texture": "#2"},
				"south": {"uv": [6, 8.25, 6.75, 5.25], "texture": "#2"},
				"west": {"uv": [7.75, 8.25, 8.75, 5.25], "texture": "#2"},
				"up": {"uv": [8, 4.25, 8.75, 5.25], "texture": "#2"},
				"down": {"uv": [7, 4.25, 7.75, 5.25], "texture": "#2"}
			}
		},
		{
			"from": [11.4, 13.375, 5.875],
			"to": [14.375, 15.5, 5.875],
			"rotation": {"angle": 0, "axis": "y", "origin": [7.15, 8.7, 11.1875]},
			"faces": {
				"north": {"uv": [7, 1.5, 7.75, 1], "texture": "#2"},
				"east": {"uv": [6.5, 8.25, 7.5, 5.25], "texture": "#2"},
				"south": {"uv": [7, 1.5, 7.75, 1], "texture": "#2"},
				"west": {"uv": [7.75, 8.25, 8.75, 5.25], "texture": "#2"},
				"up": {"uv": [8, 4.25, 8.75, 5.25], "texture": "#2"},
				"down": {"uv": [7, 4.25, 7.75, 5.25], "texture": "#2"}
			}
		},
		{
			"from": [14.375, 13.375, 5.875],
			"to": [14.375, 15.5, 10.125],
			"rotation": {"angle": 0, "axis": "y", "origin": [9.0625, 8.7, 1.625]},
			"faces": {
				"north": {"uv": [7.75, 8.25, 8.75, 5.25], "texture": "#2"},
				"east": {"uv": [7, 1.5, 7.75, 1], "texture": "#2"},
				"south": {"uv": [6.5, 8.25, 7.5, 5.25], "texture": "#2"},
				"west": {"uv": [7, 1.5, 7.75, 1], "texture": "#2"},
				"up": {"uv": [8, 4.25, 8.75, 5.25], "rotation": 90, "texture": "#2"},
				"down": {"uv": [7, 4.25, 7.75, 5.25], "rotation": 270, "texture": "#2"}
			}
		},
		{
			"from": [1.625, 13.375, 5.875],
			"to": [1.625, 15.5, 10.125],
			"rotation": {"angle": 0, "axis": "y", "origin": [1.625, 14.4375, 8]},
			"faces": {
				"north": {"uv": [6.5, 8.25, 7.5, 5.25], "texture": "#2"},
				"east": {"uv": [7, 1.5, 7.75, 1], "texture": "#2"},
				"south": {"uv": [7.75, 8.25, 8.75, 5.25], "texture": "#2"},
				"west": {"uv": [7, 1.5, 7.75, 1], "texture": "#2"},
				"up": {"uv": [8, 4.25, 8.75, 5.25], "rotation": 270, "texture": "#2"},
				"down": {"uv": [7, 4.25, 7.75, 5.25], "rotation": 90, "texture": "#2"}
			}
		},
		{
			"from": [1.625, 13.375, 5.875],
			"to": [4.6, 15.5, 5.875],
			"rotation": {"angle": 0, "axis": "y", "origin": [-2.625, 8.7, 11.1875]},
			"faces": {
				"north": {"uv": [7, 1.5, 7.75, 1], "texture": "#2"},
				"east": {"uv": [6.5, 8.25, 7.5, 5.25], "texture": "#2"},
				"south": {"uv": [7, 1.5, 7.75, 1], "texture": "#2"},
				"west": {"uv": [7.75, 8.25, 8.75, 5.25], "texture": "#2"},
				"up": {"uv": [8, 4.25, 8.75, 5.25], "texture": "#2"},
				"down": {"uv": [7, 4.25, 7.75, 5.25], "texture": "#2"}
			}
		},
		{
			"from": [4.175, 15.575, 4.3875],
			"to": [8, 17.7, 4.3875],
			"rotation": {"angle": 0, "axis": "y", "origin": [0.775, 10.9, 9.7]},
			"faces": {
				"north": {"uv": [7.5, 0.75, 8.5, 0.25], "texture": "#2"},
				"east": {"uv": [6.5, 8.25, 7.5, 5.25], "texture": "#2"},
				"south": {"uv": [8.5, 0.75, 7.75, 0.25], "texture": "#2"},
				"west": {"uv": [7.75, 8.25, 8.75, 5.25], "texture": "#2"},
				"up": {"uv": [8, 4.25, 8.75, 5.25], "texture": "#2"},
				"down": {"uv": [7, 4.25, 7.75, 5.25], "texture": "#2"}
			}
		},
		{
			"from": [11.4, 13.375, 10.125],
			"to": [14.375, 15.5, 10.125],
			"rotation": {"angle": 0, "axis": "y", "origin": [7.15, 8.7, 15.4375]},
			"faces": {
				"north": {"uv": [7, 1.5, 7.75, 1], "texture": "#2"},
				"east": {"uv": [6.5, 8.25, 7.5, 5.25], "texture": "#2"},
				"south": {"uv": [7, 1.5, 7.75, 1], "texture": "#2"},
				"west": {"uv": [7.75, 8.25, 8.75, 5.25], "texture": "#2"},
				"up": {"uv": [8, 4.25, 8.75, 5.25], "texture": "#2"},
				"down": {"uv": [7, 4.25, 7.75, 5.25], "texture": "#2"}
			}
		},
		{
			"from": [1.625, 13.375, 10.125],
			"to": [4.6, 15.5, 10.125],
			"rotation": {"angle": 0, "axis": "y", "origin": [-2.625, 8.7, 15.4375]},
			"faces": {
				"north": {"uv": [7, 1.5, 7.75, 1], "texture": "#2"},
				"east": {"uv": [6.5, 8.25, 7.5, 5.25], "texture": "#2"},
				"south": {"uv": [7, 1.5, 7.75, 1], "texture": "#2"},
				"west": {"uv": [7.75, 8.25, 8.75, 5.25], "texture": "#2"},
				"up": {"uv": [8, 4.25, 8.75, 5.25], "texture": "#2"},
				"down": {"uv": [7, 4.25, 7.75, 5.25], "texture": "#2"}
			}
		},
		{
			"from": [2.05, 9.55, 6.3],
			"to": [4.6, 19.75, 9.7],
			"rotation": {"angle": 0, "axis": "y", "origin": [-2.2, 9.55, 11.4]},
			"faces": {
				"north": {"uv": [9.75, 8.25, 10.5, 5.25], "texture": "#2"},
				"east": {"uv": [6.5, 8.25, 7.5, 5.25], "texture": "#2"},
				"south": {"uv": [9.75, 8.25, 10.5, 5.25], "texture": "#2"},
				"west": {"uv": [9.75, 8.25, 10.75, 5.25], "texture": "#2"},
				"up": {"uv": [8, 4.25, 8.75, 5.25], "texture": "#2"},
				"down": {"uv": [7, 4.25, 7.75, 5.25], "texture": "#2"}
			}
		},
		{
			"from": [3.5, 19, 7.3],
			"to": [12.3, 20.6, 8.9],
			"rotation": {"angle": 22.5, "axis": "x", "origin": [6.5, 25.4, 7.9]},
			"faces": {
				"north": {"uv": [0, 6, 5.5, 7], "texture": "#1"},
				"east": {"uv": [1, 10, 2, 11], "texture": "#1"},
				"south": {"uv": [5.5, 6, 11, 7], "texture": "#1"},
				"west": {"uv": [2, 10, 3, 11], "texture": "#1"},
				"up": {"uv": [5.5, 8, 0, 7], "texture": "#1"},
				"down": {"uv": [11, 7, 5.5, 8], "texture": "#1"}
			}
		},
		{
			"from": [3.5, 30.2, 7.3],
			"to": [12.3, 31.8, 8.9],
			"rotation": {"angle": 22.5, "axis": "x", "origin": [6.5, 25.4, 7.9]},
			"faces": {
				"north": {"uv": [0, 8, 5.5, 9], "texture": "#1"},
				"east": {"uv": [10, 2.5, 11, 3.5], "texture": "#1"},
				"south": {"uv": [5.5, 8, 11, 9], "texture": "#1"},
				"west": {"uv": [3, 10, 4, 11], "texture": "#1"},
				"up": {"uv": [5.5, 10, 0, 9], "texture": "#1"},
				"down": {"uv": [11, 9, 5.5, 10], "texture": "#1"}
			}
		},
		{
			"from": [3.9, 20.6, 8.1],
			"to": [11.9, 30.2, 8.1],
			"rotation": {"angle": 22.5, "axis": "x", "origin": [6.5, 25.4, 7.9]},
			"faces": {
				"north": {"uv": [0, 0, 5, 6], "texture": "#1"},
				"east": {"uv": [0, 0, 0, 6], "texture": "#1"},
				"south": {"uv": [5, 0, 10, 6], "texture": "#1"},
				"west": {"uv": [0, 0, 0, 6], "texture": "#1"},
				"up": {"uv": [5, 0, 0, 0], "texture": "#1"},
				"down": {"uv": [5, 0, 0, 0], "texture": "#1"}
			}
		},
		{
			"from": [5.4, 16.90928, 4.6588],
			"to": [7.4, 21.50928, 4.6588],
			"rotation": {"angle": 22.5, "axis": "x", "origin": [6.4, 19.20928, 4.6588]},
			"faces": {
				"north": {"uv": [0, 10, 1, 12.25], "texture": "#1"},
				"east": {"uv": [0, 0, 0, 6], "texture": "#1"},
				"south": {"uv": [0, 10, 1, 12.25], "texture": "#1"},
				"west": {"uv": [0, 0, 0, 6], "texture": "#1"},
				"up": {"uv": [5, 0, 0, 0], "texture": "#1"},
				"down": {"uv": [5, 0, 0, 0], "texture": "#1"}
			}
		},
		{
			"from": [5.5, 21.4, 7.3],
			"to": [7.1, 23, 8.1],
			"rotation": {"angle": 22.5, "axis": "x", "origin": [6.5, 25.4, 7.9]},
			"faces": {
				"north": {"uv": [10, 3.5, 11, 4.5], "texture": "#1"},
				"east": {"uv": [1, 11, 1.5, 12], "texture": "#1"},
				"south": {"uv": [4, 10, 5, 11], "texture": "#1"},
				"west": {"uv": [11, 1, 11.5, 2], "texture": "#1"},
				"up": {"uv": [11, 6, 10, 5.5], "texture": "#1"},
				"down": {"uv": [2.5, 11, 1.5, 11.5], "texture": "#1"}
			}
		},
		{
			"from": [7.1, 21.4, 7.3],
			"to": [7.9, 23, 8.1],
			"rotation": {"angle": 22.5, "axis": "x", "origin": [6.5, 25.4, 7.9]},
			"faces": {
				"north": {"uv": [11, 2, 11.5, 3], "texture": "#1"},
				"east": {"uv": [10, 4.5, 11, 5.5], "texture": "#1"},
				"south": {"uv": [2.5, 11, 3, 12], "texture": "#1"},
				"west": {"uv": [5, 10, 6, 11], "texture": "#1"},
				"up": {"uv": [3.5, 12, 3, 11], "texture": "#1"},
				"down": {"uv": [11.5, 3, 11, 4], "texture": "#1"}
			}
		},
		{
			"from": [4.7, 21.4, 7.3],
			"to": [5.5, 23, 8.1],
			"rotation": {"angle": 22.5, "axis": "x", "origin": [6.5, 25.4, 7.9]},
			"faces": {
				"north": {"uv": [6.5, 11, 7, 12], "texture": "#1"},
				"east": {"uv": [10, 10, 11, 11], "texture": "#1"},
				"south": {"uv": [11, 6.5, 11.5, 7.5], "texture": "#1"},
				"west": {"uv": [11, 0, 12, 1], "texture": "#1"},
				"up": {"uv": [7.5, 12, 7, 11], "texture": "#1"},
				"down": {"uv": [8, 11, 7.5, 12], "texture": "#1"}
			}
		},
		{
			"from": [5.5, 23, 7.3],
			"to": [7.1, 23.8, 8.1],
			"rotation": {"angle": 22.5, "axis": "x", "origin": [6.5, 25.4, 7.9]},
			"faces": {
				"north": {"uv": [3.5, 11, 4.5, 11.5], "texture": "#1"},
				"east": {"uv": [11, 4, 12, 4.5], "texture": "#1"},
				"south": {"uv": [4.5, 11, 5.5, 11.5], "texture": "#1"},
				"west": {"uv": [11, 4.5, 12, 5], "texture": "#1"},
				"up": {"uv": [7, 11, 6, 10], "texture": "#1"},
				"down": {"uv": [8, 10, 7, 11], "texture": "#1"}
			}
		},
		{
			"from": [5.5, 20.6, 7.3],
			"to": [7.1, 21.4, 8.1],
			"rotation": {"angle": 22.5, "axis": "x", "origin": [6.5, 25.4, 7.9]},
			"faces": {
				"north": {"uv": [11, 5, 12, 5.5], "texture": "#1"},
				"east": {"uv": [5.5, 11, 6.5, 11.5], "texture": "#1"},
				"south": {"uv": [11, 5.5, 12, 6], "texture": "#1"},
				"west": {"uv": [11, 6, 12, 6.5], "texture": "#1"},
				"up": {"uv": [9, 11, 8, 10], "texture": "#1"},
				"down": {"uv": [10, 10, 9, 11], "texture": "#1"}
			}
		}
	],
	"gui_light": "front",
	"display": {
		"thirdperson_righthand": {
			"rotation": [63.5, 0, 0],
			"translation": [0, 2.75, 2.25],
			"scale": [0.6, 0.6, 0.6]
		},
		"thirdperson_lefthand": {
			"rotation": [63.5, 0, 0],
			"translation": [0, 2.75, 2.25],
			"scale": [0.6, 0.6, 0.6]
		},
		"firstperson_righthand": {
			"rotation": [170.25, 45.05, -175.76],
			"translation": [3, 2, -0.5],
			"scale": [0.4, 0.4, 0.4]
		},
		"firstperson_lefthand": {
			"rotation": [170.25, 45.05, -175.76],
			"translation": [3, 2, -0.5],
			"scale": [0.4, 0.4, 0.4]
		},
		"ground": {
			"translation": [0, 5, 0],
			"scale": [0.8, 0.8, 0.8]
		},
		"gui": {
			"rotation": [0, -180, 0],
			"translation": [0.25, -1, 0],
			"scale": [0.9, 0.9, 0.9]
		},
		"head": {
			"translation": [0, 15.25, 0]
		},
		"fixed": {
			"rotation": [-90, 0, 0],
			"translation": [0, 0, -14.5],
			"scale": [1.8, 1.8, 1.8]
		}
	},
	"groups": [
		{
			"name": "cub",
			"origin": [8, 8, 8],
			"color": 0,
			"children": [0, 1, 2, 3, 4, 5, 6, 7, 8, 9, 10, 11, 12]
		},
		{
			"name": "permit",
			"origin": [0, 0, 0],
			"color": 0,
			"children": [13, 14, 15, 16, 17, 18, 19, 20, 21]
		}
	]
}