{
	"credit": "Made with Blockbench",
	"texture_size": [128, 128],
	"textures": {
		"0": "custom:item/cyberimpulse",
		"particle": "custom:item/cyberimpulse"
	},
	"elements": [
		{
			"from": [1, -1, 0.5],
			"to": [15, 0, 5.5],
			"faces": {
				"north": {"uv": [5.5, 2.5, 7.25, 2.625], "texture": "#0"},
				"east": {"uv": [4, 1.125, 4.625, 1.25], "texture": "#0"},
				"south": {"uv": [5.5, 2.625, 7.25, 2.75], "texture": "#0"},
				"west": {"uv": [7.375, 4.5, 8, 4.625], "texture": "#0"},
				"up": {"uv": [3.5, 0.625, 1.75, 0], "texture": "#0"},
				"down": {"uv": [3.5, 0.625, 1.75, 1.25], "texture": "#0"}
			}
		},
		{
			"from": [0.1, -1, -0.5],
			"to": [15.925, 1, 0.5],
			"faces": {
				"north": {"uv": [4, 0, 6, 0.25], "texture": "#0"},
				"east": {"uv": [2.375, 6.125, 2.5, 6.375], "texture": "#0"},
				"south": {"uv": [4, 0.25, 6, 0.5], "texture": "#0"},
				"west": {"uv": [4.375, 6.25, 4.5, 6.5], "texture": "#0"},
				"up": {"uv": [6.5, 5.375, 4.5, 5.25], "texture": "#0"},
				"down": {"uv": [2, 5.375, 0, 5.5], "texture": "#0"}
			}
		},
		{
			"from": [6, 1, -0.5],
			"to": [10, 2, 0.5],
			"faces": {
				"north": {"uv": [4.5, 2.75, 5, 2.875], "texture": "#0"},
				"east": {"uv": [2, 5.125, 2.125, 5.25], "texture": "#0"},
				"south": {"uv": [7.5, 3.25, 8, 3.375], "texture": "#0"},
				"west": {"uv": [2.875, 5.375, 3, 5.5], "texture": "#0"},
				"up": {"uv": [8, 4.75, 7.5, 4.625], "texture": "#0"},
				"down": {"uv": [8, 4.75, 7.5, 4.875], "texture": "#0"}
			}
		},
		{
			"from": [7.75736, -4.07107, -0.475],
			"to": [9.75736, -3.07107, 0.525],
			"rotation": {"angle": 45, "axis": "z", "origin": [1.75736, -5.07107, 0.025]},
			"faces": {
				"north": {"uv": [6.125, 5.625, 6.375, 5.75], "texture": "#0"},
				"east": {"uv": [5.375, 5.625, 5.5, 5.75], "texture": "#0"},
				"south": {"uv": [5.125, 6.5, 5.375, 6.625], "texture": "#0"},
				"west": {"uv": [5.875, 3.625, 6, 3.75], "texture": "#0"},
				"up": {"uv": [0.875, 6.75, 0.625, 6.625], "texture": "#0"},
				"down": {"uv": [6.625, 7.875, 6.375, 8], "texture": "#0"}
			}
		},
		{
			"from": [6.24264, -4.07107, -0.475],
			"to": [8.24264, -3.07107, 0.525],
			"rotation": {"angle": -45, "axis": "z", "origin": [14.24264, -5.07107, 0.025]},
			"faces": {
				"north": {"uv": [7.875, 7.5, 8.125, 7.625], "texture": "#0"},
				"east": {"uv": [4, 6.125, 4.125, 6.25], "texture": "#0"},
				"south": {"uv": [7.875, 7.625, 8.125, 7.75], "texture": "#0"},
				"west": {"uv": [0.875, 6.375, 1, 6.5], "texture": "#0"},
				"up": {"uv": [8.125, 7.875, 7.875, 7.75], "texture": "#0"},
				"down": {"uv": [8.125, 7.875, 7.875, 8], "texture": "#0"}
			}
		},
		{
			"from": [0.05, 0.93934, -1.35355],
			"to": [4.05, 2.93934, -0.35355],
			"rotation": {"angle": 45, "axis": "x", "origin": [-5.95, -0.06066, -0.85355]},
			"faces": {
				"north": {"uv": [0, 5.125, 0.5, 5.375], "texture": "#0"},
				"east": {"uv": [1.875, 6.375, 2, 6.625], "texture": "#0"},
				"south": {"uv": [1.875, 6.625, 2.375, 6.875], "texture": "#0"},
				"west": {"uv": [3.625, 6.375, 3.75, 6.625], "texture": "#0"},
				"up": {"uv": [8, 5, 7.5, 4.875], "texture": "#0"},
				"down": {"uv": [8, 6, 7.5, 6.125], "texture": "#0"}
			}
		},
		{
			"from": [0.1, -1, 0.5],
			"to": [1.1, 1, 4.5],
			"rotation": {"angle": 0, "axis": "y", "origin": [-5.9, -0.25, -1]},
			"faces": {
				"north": {"uv": [1.875, 6.375, 2, 6.625], "texture": "#0"},
				"east": {"uv": [1.875, 6.625, 2.375, 6.875], "texture": "#0"},
				"south": {"uv": [3.625, 6.375, 3.75, 6.625], "texture": "#0"},
				"west": {"uv": [0, 5.125, 0.5, 5.375], "texture": "#0"},
				"up": {"uv": [8, 5, 7.5, 4.875], "rotation": 270, "texture": "#0"},
				"down": {"uv": [8, 6, 7.5, 6.125], "rotation": 90, "texture": "#0"}
			}
		},
		{
			"from": [14.9, -1, 0.5],
			"to": [15.9, 1, 4.5],
			"rotation": {"angle": 0, "axis": "y", "origin": [21.9, -0.25, -1]},
			"faces": {
				"north": {"uv": [2, 6.375, 1.875, 6.625], "texture": "#0"},
				"east": {"uv": [0.5, 5.125, 0, 5.375], "texture": "#0"},
				"south": {"uv": [3.75, 6.375, 3.625, 6.625], "texture": "#0"},
				"west": {"uv": [2.375, 6.625, 1.875, 6.875], "texture": "#0"},
				"up": {"uv": [8, 4.875, 7.5, 5], "rotation": 270, "texture": "#0"},
				"down": {"uv": [8, 6.125, 7.5, 6], "rotation": 90, "texture": "#0"}
			}
		},
		{
			"from": [11.95, 0.93934, -1.35355],
			"to": [15.95, 2.93934, -0.35355],
			"rotation": {"angle": 45, "axis": "x", "origin": [21.95, -0.06066, -0.85355]},
			"faces": {
				"north": {"uv": [2.375, 6.625, 2.875, 6.875], "texture": "#0"},
				"east": {"uv": [6.375, 5, 6.5, 5.25], "texture": "#0"},
				"south": {"uv": [2.875, 6.625, 3.375, 6.875], "texture": "#0"},
				"west": {"uv": [6.125, 7, 6.25, 7.25], "texture": "#0"},
				"up": {"uv": [8, 6.25, 7.5, 6.125], "texture": "#0"},
				"down": {"uv": [8, 6.25, 7.5, 6.375], "texture": "#0"}
			}
		},
		{
			"from": [3, -2, -0.5],
			"to": [7, -1, 2.5],
			"rotation": {"angle": 0, "axis": "y", "origin": [-7, 0, 0]},
			"faces": {
				"north": {"uv": [7.5, 6.375, 8, 6.5], "texture": "#0"},
				"east": {"uv": [4.5, 5.125, 4.875, 5.25], "texture": "#0"},
				"south": {"uv": [7.5, 6.75, 8, 6.875], "texture": "#0"},
				"west": {"uv": [6.375, 6, 6.75, 6.125], "texture": "#0"},
				"up": {"uv": [2.5, 6.125, 2, 5.75], "texture": "#0"},
				"down": {"uv": [4.125, 5.75, 3.625, 6.125], "texture": "#0"}
			}
		},
		{
			"from": [3, -1.9609, 1.69657],
			"to": [7, -0.9609, 4.69657],
			"rotation": {"angle": -22.5, "axis": "x", "origin": [-7, 0.0391, 2.19657]},
			"faces": {
				"north": {"uv": [7.5, 6.875, 8, 7], "texture": "#0"},
				"east": {"uv": [3.375, 6.625, 3.75, 6.75], "texture": "#0"},
				"south": {"uv": [7.5, 7, 8, 7.125], "texture": "#0"},
				"west": {"uv": [4, 6.625, 4.375, 6.75], "texture": "#0"},
				"up": {"uv": [5.875, 6.125, 5.375, 5.75], "texture": "#0"},
				"down": {"uv": [6.375, 3.25, 5.875, 3.625], "texture": "#0"}
			}
		},
		{
			"from": [3.02, -2.155, -1.13033],
			"to": [6.98, -1.195, 0.82967],
			"rotation": {"angle": -22.5, "axis": "x", "origin": [-6.99, -0.20328, -0.65033]},
			"faces": {
				"north": {"uv": [7.625, 0.75, 8.125, 0.875], "texture": "#0"},
				"east": {"uv": [0, 8, 0.25, 8.125], "texture": "#0"},
				"south": {"uv": [7.625, 0.875, 8.125, 1], "texture": "#0"},
				"west": {"uv": [8, 0, 8.25, 0.125], "texture": "#0"},
				"up": {"uv": [5.25, 6.875, 4.75, 6.625], "texture": "#0"},
				"down": {"uv": [0.875, 6.75, 0.375, 7], "texture": "#0"}
			}
		},
		{
			"from": [3.02, -2.155, -1.13033],
			"to": [6.98, -1.195, 0.82967],
			"rotation": {"angle": -22.5, "axis": "x", "origin": [-6.99, -0.20328, -0.65033]},
			"faces": {
				"north": {"uv": [7.625, 0.75, 8.125, 0.875], "texture": "#0"},
				"east": {"uv": [0, 8, 0.25, 8.125], "texture": "#0"},
				"south": {"uv": [7.625, 0.875, 8.125, 1], "texture": "#0"},
				"west": {"uv": [8, 0, 8.25, 0.125], "texture": "#0"},
				"up": {"uv": [5.25, 6.875, 4.75, 6.625], "texture": "#0"},
				"down": {"uv": [0.875, 6.75, 0.375, 7], "texture": "#0"}
			}
		},
		{
			"from": [9.02, -2.155, -1.13033],
			"to": [12.98, -1.195, 0.82967],
			"rotation": {"angle": -22.5, "axis": "x", "origin": [22.99, -0.20328, -0.65033]},
			"faces": {
				"north": {"uv": [8.125, 0.75, 7.625, 0.875], "texture": "#0"},
				"east": {"uv": [8.25, 0, 8, 0.125], "texture": "#0"},
				"south": {"uv": [8.125, 0.875, 7.625, 1], "texture": "#0"},
				"west": {"uv": [0.25, 8, 0, 8.125], "texture": "#0"},
				"up": {"uv": [4.75, 6.875, 5.25, 6.625], "texture": "#0"},
				"down": {"uv": [0.375, 6.75, 0.875, 7], "texture": "#0"}
			}
		},
		{
			"from": [9.02, -2.155, -1.13033],
			"to": [12.98, -1.195, 0.82967],
			"rotation": {"angle": -22.5, "axis": "x", "origin": [22.99, -0.20328, -0.65033]},
			"faces": {
				"north": {"uv": [8.125, 0.75, 7.625, 0.875], "texture": "#0"},
				"east": {"uv": [8.25, 0, 8, 0.125], "texture": "#0"},
				"south": {"uv": [8.125, 0.875, 7.625, 1], "texture": "#0"},
				"west": {"uv": [0.25, 8, 0, 8.125], "texture": "#0"},
				"up": {"uv": [4.75, 6.875, 5.25, 6.625], "texture": "#0"},
				"down": {"uv": [0.375, 6.75, 0.875, 7], "texture": "#0"}
			}
		},
		{
			"from": [3.01, -2.69231, -0.83358],
			"to": [6.99, -0.71231, 0.14642],
			"rotation": {"angle": 22.5, "axis": "x", "origin": [-7, -1.20231, 1.15642]},
			"faces": {
				"north": {"uv": [1.25, 6.75, 1.75, 7], "texture": "#0"},
				"east": {"uv": [5.625, 7.875, 5.75, 8.125], "texture": "#0"},
				"south": {"uv": [6.75, 3.25, 7.25, 3.5], "texture": "#0"},
				"west": {"uv": [8, 0.375, 8.125, 0.625], "texture": "#0"},
				"up": {"uv": [8.125, 1.125, 7.625, 1], "texture": "#0"},
				"down": {"uv": [3.25, 7.625, 2.75, 7.75], "texture": "#0"}
			}
		},
		{
			"from": [8.51472, -9.65685, -0.475],
			"to": [10.51472, -8.65685, 2.525],
			"rotation": {"angle": 45, "axis": "z", "origin": [-1.48528, -7.65685, 0.025]},
			"faces": {
				"north": {"uv": [8, 0.125, 8.25, 0.25], "texture": "#0"},
				"east": {"uv": [7.625, 5.875, 8, 6], "texture": "#0"},
				"south": {"uv": [8, 0.625, 8.25, 0.75], "texture": "#0"},
				"west": {"uv": [7.75, 2.875, 8.125, 3], "texture": "#0"},
				"up": {"uv": [7.125, 4, 6.875, 3.625], "texture": "#0"},
				"down": {"uv": [7.125, 5, 6.875, 5.375], "texture": "#0"}
			}
		},
		{
			"from": [-0.51472, -9.65685, -0.475],
			"to": [1.48528, -8.65685, 2.525],
			"rotation": {"angle": -45, "axis": "z", "origin": [11.48528, -7.65685, 0.025]},
			"faces": {
				"north": {"uv": [1.375, 8, 1.625, 8.125], "texture": "#0"},
				"east": {"uv": [7.75, 3.5, 8.125, 3.625], "texture": "#0"},
				"south": {"uv": [1.625, 8, 1.875, 8.125], "texture": "#0"},
				"west": {"uv": [7.75, 6.625, 8.125, 6.75], "texture": "#0"},
				"up": {"uv": [3.75, 7.375, 3.5, 7], "texture": "#0"},
				"down": {"uv": [4, 7, 3.75, 7.375], "texture": "#0"}
			}
		},
		{
			"from": [9.01, -2.69231, -0.83358],
			"to": [12.99, -0.71231, 0.14642],
			"rotation": {"angle": 22.5, "axis": "x", "origin": [23, -1.20231, 1.15642]},
			"faces": {
				"north": {"uv": [3.375, 6.75, 3.875, 7], "texture": "#0"},
				"east": {"uv": [1.875, 8, 2, 8.25], "texture": "#0"},
				"south": {"uv": [3.875, 6.75, 4.375, 7], "texture": "#0"},
				"west": {"uv": [2, 8, 2.125, 8.25], "texture": "#0"},
				"up": {"uv": [8.125, 3.75, 7.625, 3.625], "texture": "#0"},
				"down": {"uv": [8.125, 3.75, 7.625, 3.875], "texture": "#0"}
			}
		},
		{
			"from": [9, -2, -0.5],
			"to": [13, -1, 2.5],
			"rotation": {"angle": 0, "axis": "y", "origin": [23, 0, 0]},
			"faces": {
				"north": {"uv": [7.625, 3.875, 8.125, 4], "texture": "#0"},
				"east": {"uv": [7.875, 0.25, 8.25, 0.375], "texture": "#0"},
				"south": {"uv": [4, 7.625, 4.5, 7.75], "texture": "#0"},
				"west": {"uv": [7.875, 1.25, 8.25, 1.375], "texture": "#0"},
				"up": {"uv": [6.375, 6.125, 5.875, 5.75], "texture": "#0"},
				"down": {"uv": [6.5, 0, 6, 0.375], "texture": "#0"}
			}
		},
		{
			"from": [14.51472, -9.65685, -0.475],
			"to": [16.51472, -8.65685, 2.525],
			"rotation": {"angle": 45, "axis": "z", "origin": [4.51472, -7.65685, 0.025]},
			"faces": {
				"north": {"uv": [8, 2, 8.25, 2.125], "texture": "#0"},
				"east": {"uv": [7.875, 1.375, 8.25, 1.5], "texture": "#0"},
				"south": {"uv": [2.125, 8, 2.375, 8.125], "texture": "#0"},
				"west": {"uv": [7.875, 1.5, 8.25, 1.625], "texture": "#0"},
				"up": {"uv": [4.25, 7.375, 4, 7], "texture": "#0"},
				"down": {"uv": [5.375, 7, 5.125, 7.375], "texture": "#0"}
			}
		},
		{
			"from": [5.48528, -9.65685, -0.475],
			"to": [7.48528, -8.65685, 2.525],
			"rotation": {"angle": -45, "axis": "z", "origin": [17.48528, -7.65685, 0.025]},
			"faces": {
				"north": {"uv": [8, 2.125, 8.25, 2.25], "texture": "#0"},
				"east": {"uv": [7.875, 1.625, 8.25, 1.75], "texture": "#0"},
				"south": {"uv": [2.375, 8, 2.625, 8.125], "texture": "#0"},
				"west": {"uv": [7.875, 1.75, 8.25, 1.875], "texture": "#0"},
				"up": {"uv": [5.625, 7.375, 5.375, 7], "texture": "#0"},
				"down": {"uv": [5.875, 7, 5.625, 7.375], "texture": "#0"}
			}
		},
		{
			"from": [9, -1.9609, 1.69657],
			"to": [13, -0.9609, 4.69657],
			"rotation": {"angle": -22.5, "axis": "x", "origin": [23, 0.0391, 2.19657]},
			"faces": {
				"north": {"uv": [7.625, 4, 8.125, 4.125], "texture": "#0"},
				"east": {"uv": [7.875, 1.875, 8.25, 2], "texture": "#0"},
				"south": {"uv": [7.625, 4.125, 8.125, 4.25], "texture": "#0"},
				"west": {"uv": [7.875, 2.25, 8.25, 2.375], "texture": "#0"},
				"up": {"uv": [2, 6.375, 1.5, 6], "texture": "#0"},
				"down": {"uv": [6.5, 2, 6, 2.375], "texture": "#0"}
			}
		},
		{
			"from": [8.07612, 14.61732, -1],
			"to": [16.07612, 17.61732, 4],
			"rotation": {"angle": 22.5, "axis": "z", "origin": [7.07612, 14.61732, -1.25]},
			"faces": {
				"north": {"uv": [4, 2.875, 5, 3.25], "texture": "#0"},
				"east": {"uv": [5.5, 4.25, 6.125, 4.625], "texture": "#0"},
				"south": {"uv": [1.125, 4.25, 2.125, 4.625], "texture": "#0"},
				"west": {"uv": [5.5, 4.625, 6.125, 5], "texture": "#0"},
				"up": {"uv": [4, 2.625, 3, 2], "texture": "#0"},
				"down": {"uv": [4, 2.625, 3, 3.25], "texture": "#0"}
			}
		},
		{
			"from": [11, 15, -0.8],
			"to": [15, 17, 6.2],
			"rotation": {"angle": 45, "axis": "z", "origin": [8, 15, -0.8]},
			"faces": {
				"north": {"uv": [6.75, 4, 7.25, 4.25], "texture": "#0"},
				"east": {"uv": [1.125, 5.125, 2, 5.375], "texture": "#0"},
				"south": {"uv": [6.75, 4.75, 7.25, 5], "texture": "#0"},
				"west": {"uv": [5.5, 5, 6.375, 5.25], "texture": "#0"},
				"up": {"uv": [4.5, 2.875, 4, 2], "texture": "#0"},
				"down": {"uv": [4, 4.125, 3.5, 5], "texture": "#0"}
			}
		},
		{
			"from": [8, 15, -1.3],
			"to": [12, 17, 0.7],
			"rotation": {"angle": 45, "axis": "z", "origin": [8, 15, -0.8]},
			"faces": {
				"north": {"uv": [5.25, 6.75, 5.75, 7], "texture": "#0"},
				"east": {"uv": [1.25, 6.5, 1.5, 6.75], "texture": "#0"},
				"south": {"uv": [6.75, 5.375, 7.25, 5.625], "texture": "#0"},
				"west": {"uv": [7, 1.75, 7.25, 2], "texture": "#0"},
				"up": {"uv": [7.25, 5.875, 6.75, 5.625], "texture": "#0"},
				"down": {"uv": [6.25, 6.75, 5.75, 7], "texture": "#0"}
			}
		},
		{
			"from": [5, 15, -1.55],
			"to": [8, 23, 4.45],
			"rotation": {"angle": -22.5, "axis": "z", "origin": [8, 15, -1.55]},
			"faces": {
				"north": {"uv": [2.625, 3.75, 3, 4.75], "texture": "#0"},
				"east": {"uv": [1.5, 2.75, 2.25, 3.75], "texture": "#0"},
				"south": {"uv": [2.125, 4.25, 2.5, 5.25], "texture": "#0"},
				"west": {"uv": [2.25, 2.75, 3, 3.75], "texture": "#0"},
				"up": {"uv": [2.875, 5.5, 2.5, 4.75], "texture": "#0"},
				"down": {"uv": [3.75, 5, 3.375, 5.75], "texture": "#0"}
			}
		},
		{
			"from": [3.25, 16, 0.25],
			"to": [5.25, 23, 4.25],
			"rotation": {"angle": -22.5, "axis": "z", "origin": [3.25, 16, -0.5]},
			"faces": {
				"north": {"uv": [5.125, 5.625, 5.375, 6.5], "texture": "#0"},
				"east": {"uv": [4, 4.125, 4.5, 5], "texture": "#0"},
				"south": {"uv": [0.625, 5.75, 0.875, 6.625], "texture": "#0"},
				"west": {"uv": [0, 4.25, 0.5, 5.125], "texture": "#0"},
				"up": {"uv": [2.125, 5.125, 1.875, 4.625], "texture": "#0"},
				"down": {"uv": [6.5, 6.75, 6.25, 7.25], "texture": "#0"}
			}
		},
		{
			"from": [3, 16, -0.5],
			"to": [8, 20, 4.5],
			"rotation": {"angle": 0, "axis": "y", "origin": [3, 15, -0.5]},
			"faces": {
				"north": {"uv": [0.5, 4.875, 1.125, 5.375], "texture": "#0"},
				"east": {"uv": [4.875, 3.75, 5.5, 4.25], "texture": "#0"},
				"south": {"uv": [4.875, 4.25, 5.5, 4.75], "texture": "#0"},
				"west": {"uv": [4.875, 4.75, 5.5, 5.25], "texture": "#0"},
				"up": {"uv": [4.625, 1.125, 4, 0.5], "texture": "#0"},
				"down": {"uv": [1.125, 4.25, 0.5, 4.875], "texture": "#0"}
			}
		},
		{
			"from": [4, 16.22836, -0.35195],
			"to": [8, 18.22836, 3.64805],
			"rotation": {"angle": -22.5, "axis": "x", "origin": [2.5, 15.22836, -0.35195]},
			"faces": {
				"north": {"uv": [6.75, 5.875, 7.25, 6.125], "texture": "#0"},
				"east": {"uv": [6.75, 6.375, 7.25, 6.625], "texture": "#0"},
				"south": {"uv": [6.5, 6.75, 7, 7], "texture": "#0"},
				"west": {"uv": [6.875, 0, 7.375, 0.25], "texture": "#0"},
				"up": {"uv": [2.5, 5.75, 2, 5.25], "texture": "#0"},
				"down": {"uv": [5.875, 3.25, 5.375, 3.75], "texture": "#0"}
			}
		},
		{
			"from": [8, 15.96038, -0.19919],
			"to": [13, 18.96038, 2.80081],
			"rotation": {"angle": -22.5, "axis": "x", "origin": [5.5, 14.71038, -0.94919]},
			"faces": {
				"north": {"uv": [5.5, 5.375, 6.125, 5.75], "texture": "#0"},
				"east": {"uv": [4, 6.25, 4.375, 6.625], "texture": "#0"},
				"south": {"uv": [5.625, 0.5, 6.25, 0.875], "texture": "#0"},
				"west": {"uv": [1.5, 6.375, 1.875, 6.75], "texture": "#0"},
				"up": {"uv": [6.25, 1.25, 5.625, 0.875], "texture": "#0"},
				"down": {"uv": [5.125, 5.625, 4.5, 6], "texture": "#0"}
			}
		},
		{
			"from": [1, 16, 0],
			"to": [3, 19, 5],
			"rotation": {"angle": 0, "axis": "y", "origin": [-1, 15, -0.25]},
			"faces": {
				"north": {"uv": [5.875, 7, 6.125, 7.375], "texture": "#0"},
				"east": {"uv": [0, 5.75, 0.625, 6.125], "texture": "#0"},
				"south": {"uv": [6.5, 7, 6.75, 7.375], "texture": "#0"},
				"west": {"uv": [5.75, 1.25, 6.375, 1.625], "texture": "#0"},
				"up": {"uv": [5.125, 6.625, 4.875, 6], "texture": "#0"},
				"down": {"uv": [0.625, 6.125, 0.375, 6.75], "texture": "#0"}
			}
		},
		{
			"from": [0.75, 15, 3.75],
			"to": [4.75, 17, 13.75],
			"rotation": {"angle": 22.5, "axis": "z", "origin": [-0.25, 14, 0.75]},
			"faces": {
				"north": {"uv": [6.875, 0.5, 7.375, 0.75], "texture": "#0"},
				"east": {"uv": [5, 2.75, 6.25, 3], "texture": "#0"},
				"south": {"uv": [6.875, 0.75, 7.375, 1], "texture": "#0"},
				"west": {"uv": [5, 3, 6.25, 3.25], "texture": "#0"},
				"up": {"uv": [3.5, 4.5, 3, 3.25], "texture": "#0"},
				"down": {"uv": [4, 0, 3.5, 1.25], "texture": "#0"}
			}
		},
		{
			"from": [0.75, 15, 0.75],
			"to": [2.75, 18, 3.75],
			"rotation": {"angle": 22.5, "axis": "z", "origin": [-0.25, 14, 0.75]},
			"faces": {
				"north": {"uv": [6.75, 7, 7, 7.375], "texture": "#0"},
				"east": {"uv": [6.375, 3.25, 6.75, 3.625], "texture": "#0"},
				"south": {"uv": [7, 6.75, 7.25, 7.125], "texture": "#0"},
				"west": {"uv": [5.625, 6.375, 6, 6.75], "texture": "#0"},
				"up": {"uv": [1.875, 7.5, 1.625, 7.125], "texture": "#0"},
				"down": {"uv": [2.125, 7.125, 1.875, 7.5], "texture": "#0"}
			}
		},
		{
			"from": [2.6, 14.8, 13.2],
			"to": [4.6, 17.8, 15.2],
			"rotation": {"angle": 22.5, "axis": "z", "origin": [0.6, 12.8, 3.2]},
			"faces": {
				"north": {"uv": [2.125, 7.125, 2.375, 7.5], "texture": "#0"},
				"east": {"uv": [2.375, 7.125, 2.625, 7.5], "texture": "#0"},
				"south": {"uv": [2.625, 7.125, 2.875, 7.5], "texture": "#0"},
				"west": {"uv": [2.875, 7.125, 3.125, 7.5], "texture": "#0"},
				"up": {"uv": [1, 7.875, 0.75, 7.625], "texture": "#0"},
				"down": {"uv": [4.75, 7.625, 4.5, 7.875], "texture": "#0"}
			}
		},
		{
			"from": [4.6, 14.8, 13.95],
			"to": [6.6, 17.8, 15.95],
			"rotation": {"angle": 22.5, "axis": "z", "origin": [2.6, 12.8, 3.95]},
			"faces": {
				"north": {"uv": [7.125, 3.625, 7.375, 4], "texture": "#0"},
				"east": {"uv": [7.125, 4.25, 7.375, 4.625], "texture": "#0"},
				"south": {"uv": [7.125, 5, 7.375, 5.375], "texture": "#0"},
				"west": {"uv": [7, 7.125, 7.25, 7.5], "texture": "#0"},
				"up": {"uv": [5, 7.875, 4.75, 7.625], "texture": "#0"},
				"down": {"uv": [5.25, 7.625, 5, 7.875], "texture": "#0"}
			}
		},
		{
			"from": [9.4, 14.8, 13.95],
			"to": [11.4, 17.8, 15.95],
			"rotation": {"angle": -22.5, "axis": "z", "origin": [13.4, 12.8, 3.95]},
			"faces": {
				"north": {"uv": [7.25, 1.25, 7.5, 1.625], "texture": "#0"},
				"east": {"uv": [7.25, 1.625, 7.5, 2], "texture": "#0"},
				"south": {"uv": [7.25, 2.375, 7.5, 2.75], "texture": "#0"},
				"west": {"uv": [7.25, 3, 7.5, 3.375], "texture": "#0"},
				"up": {"uv": [5.5, 7.875, 5.25, 7.625], "texture": "#0"},
				"down": {"uv": [7.875, 5.375, 7.625, 5.625], "texture": "#0"}
			}
		},
		{
			"from": [11.4, 14.8, 13.2],
			"to": [13.4, 17.8, 15.2],
			"rotation": {"angle": -22.5, "axis": "z", "origin": [15.4, 12.8, 3.2]},
			"faces": {
				"north": {"uv": [7.25, 4.625, 7.5, 5], "texture": "#0"},
				"east": {"uv": [7.25, 5.375, 7.5, 5.75], "texture": "#0"},
				"south": {"uv": [7.25, 5.75, 7.5, 6.125], "texture": "#0"},
				"west": {"uv": [6.125, 7.25, 6.375, 7.625], "texture": "#0"},
				"up": {"uv": [5.75, 7.875, 5.5, 7.625], "texture": "#0"},
				"down": {"uv": [7.875, 5.625, 7.625, 5.875], "texture": "#0"}
			}
		},
		{
			"from": [1.75, 16, 2.75],
			"to": [4.75, 19, 5.75],
			"rotation": {"angle": 22.5, "axis": "z", "origin": [-0.25, 14, 0.75]},
			"faces": {
				"north": {"uv": [6.375, 5.625, 6.75, 6], "texture": "#0"},
				"east": {"uv": [6, 6.375, 6.375, 6.75], "texture": "#0"},
				"south": {"uv": [6.375, 6.375, 6.75, 6.75], "texture": "#0"},
				"west": {"uv": [6.5, 0, 6.875, 0.375], "texture": "#0"},
				"up": {"uv": [1.25, 6.875, 0.875, 6.5], "texture": "#0"},
				"down": {"uv": [6.875, 2, 6.5, 2.375], "texture": "#0"}
			}
		},
		{
			"from": [12.25, 15, 5.75],
			"to": [15.25, 17, 13.75],
			"rotation": {"angle": -22.5, "axis": "z", "origin": [16.25, 14, 0.75]},
			"faces": {
				"north": {"uv": [3, 5.5, 3.375, 5.75], "texture": "#0"},
				"east": {"uv": [4.5, 5.375, 5.5, 5.625], "texture": "#0"},
				"south": {"uv": [6.875, 3, 7.25, 3.25], "texture": "#0"},
				"west": {"uv": [0, 5.5, 1, 5.75], "texture": "#0"},
				"up": {"uv": [3.375, 5.5, 3, 4.5], "texture": "#0"},
				"down": {"uv": [4.875, 4.125, 4.5, 5.125], "texture": "#0"}
			}
		},
		{
			"from": [13.25, 15, 0.75],
			"to": [15.25, 18, 5.75],
			"rotation": {"angle": -22.5, "axis": "z", "origin": [16.25, 14, 0.75]},
			"faces": {
				"north": {"uv": [7.25, 6.125, 7.5, 6.5], "texture": "#0"},
				"east": {"uv": [5.75, 1.625, 6.375, 2], "texture": "#0"},
				"south": {"uv": [7.25, 6.75, 7.5, 7.125], "texture": "#0"},
				"west": {"uv": [3, 5.75, 3.625, 6.125], "texture": "#0"},
				"up": {"uv": [4, 6.75, 3.75, 6.125], "texture": "#0"},
				"down": {"uv": [5.625, 6.125, 5.375, 6.75], "texture": "#0"}
			}
		},
		{
			"from": [12, 16, -1.5],
			"to": [15, 17, 4.5],
			"rotation": {"angle": 0, "axis": "y", "origin": [17, 15, -0.75]},
			"faces": {
				"north": {"uv": [2.375, 7.875, 2.75, 8], "texture": "#0"},
				"east": {"uv": [7.25, 0.375, 8, 0.5], "texture": "#0"},
				"south": {"uv": [4.5, 7.875, 4.875, 8], "texture": "#0"},
				"west": {"uv": [7.25, 3.375, 8, 3.5], "texture": "#0"},
				"up": {"uv": [4.125, 5.75, 3.75, 5], "texture": "#0"},
				"down": {"uv": [4.5, 5, 4.125, 5.75], "texture": "#0"}
			}
		},
		{
			"from": [10, 16, -0.5],
			"to": [12, 17, 1.5],
			"rotation": {"angle": 0, "axis": "y", "origin": [15, 15, -0.75]},
			"faces": {
				"north": {"uv": [8, 2.375, 8.25, 2.5], "texture": "#0"},
				"east": {"uv": [8, 2.5, 8.25, 2.625], "texture": "#0"},
				"south": {"uv": [2.625, 8, 2.875, 8.125], "texture": "#0"},
				"west": {"uv": [8, 2.625, 8.25, 2.75], "texture": "#0"},
				"up": {"uv": [6.375, 7.875, 6.125, 7.625], "texture": "#0"},
				"down": {"uv": [6.625, 7.625, 6.375, 7.875], "texture": "#0"}
			}
		},
		{
			"from": [13, 16.70672, -2.4471],
			"to": [15, 18.70672, -0.4471],
			"rotation": {"angle": -22.5, "axis": "x", "origin": [17, 15.70672, 0.8029]},
			"faces": {
				"north": {"uv": [7.125, 7.625, 7.375, 7.875], "texture": "#0"},
				"east": {"uv": [7.625, 7.125, 7.875, 7.375], "texture": "#0"},
				"south": {"uv": [7.375, 7.625, 7.625, 7.875], "texture": "#0"},
				"west": {"uv": [7.625, 7.375, 7.875, 7.625], "texture": "#0"},
				"up": {"uv": [7.875, 7.875, 7.625, 7.625], "texture": "#0"},
				"down": {"uv": [0.25, 7.75, 0, 8], "texture": "#0"}
			}
		},
		{
			"from": [13, 16.70672, -0.4471],
			"to": [16, 18.70672, 2.5529],
			"rotation": {"angle": -22.5, "axis": "x", "origin": [17, 15.70672, 0.8029]},
			"faces": {
				"north": {"uv": [6.875, 6.125, 7.25, 6.375], "texture": "#0"},
				"east": {"uv": [7.25, 4, 7.625, 4.25], "texture": "#0"},
				"south": {"uv": [7.25, 7.125, 7.625, 7.375], "texture": "#0"},
				"west": {"uv": [7.375, 0, 7.75, 0.25], "texture": "#0"},
				"up": {"uv": [6.875, 4, 6.5, 3.625], "texture": "#0"},
				"down": {"uv": [4.75, 6.5, 4.375, 6.875], "texture": "#0"}
			}
		},
		{
			"from": [12, 16.70672, -1.4471],
			"to": [13, 18.70672, 1.5529],
			"rotation": {"angle": -22.5, "axis": "x", "origin": [17, 15.70672, 0.8029]},
			"faces": {
				"north": {"uv": [2.875, 8, 3, 8.25], "texture": "#0"},
				"east": {"uv": [7.375, 0.5, 7.75, 0.75], "texture": "#0"},
				"south": {"uv": [3, 8, 3.125, 8.25], "texture": "#0"},
				"west": {"uv": [0.75, 7.375, 1.125, 7.625], "texture": "#0"},
				"up": {"uv": [1.5, 4.25, 1.375, 3.875], "texture": "#0"},
				"down": {"uv": [0.875, 7, 0.75, 7.375], "texture": "#0"}
			}
		},
		{
			"from": [10.25, 16, 2.75],
			"to": [13.25, 19, 6.75],
			"rotation": {"angle": -22.5, "axis": "z", "origin": [16.25, 14, 0.75]},
			"faces": {
				"north": {"uv": [6.5, 5, 6.875, 5.375], "texture": "#0"},
				"east": {"uv": [2.5, 6, 3, 6.375], "texture": "#0"},
				"south": {"uv": [0, 6.625, 0.375, 7], "texture": "#0"},
				"west": {"uv": [6, 3.625, 6.5, 4], "texture": "#0"},
				"up": {"uv": [4.5, 6.25, 4.125, 5.75], "texture": "#0"},
				"down": {"uv": [4.875, 6, 4.5, 6.5], "texture": "#0"}
			}
		},
		{
			"from": [1, 16.05, 3],
			"to": [15, 19.05, 14],
			"rotation": {"angle": 0, "axis": "y", "origin": [0, 0, -3]},
			"faces": {
				"north": {"uv": [3, 1.25, 4.75, 1.625], "texture": "#0"},
				"east": {"uv": [3.5, 3.75, 4.875, 4.125], "texture": "#0"},
				"south": {"uv": [3, 1.625, 4.75, 2], "texture": "#0"},
				"west": {"uv": [0, 3.875, 1.375, 4.25], "texture": "#0"},
				"up": {"uv": [1.75, 1.375, 0, 0], "texture": "#0"},
				"down": {"uv": [1.75, 1.375, 0, 2.75], "texture": "#0"}
			}
		},
		{
			"from": [10, 16.05, 1],
			"to": [12, 19.05, 3],
			"rotation": {"angle": 0, "axis": "y", "origin": [0, 0, -17]},
			"faces": {
				"north": {"uv": [7.375, 0.75, 7.625, 1.125], "texture": "#0"},
				"east": {"uv": [3.5, 7.375, 3.75, 7.75], "texture": "#0"},
				"south": {"uv": [7.375, 3.625, 7.625, 4], "texture": "#0"},
				"west": {"uv": [3.75, 7.375, 4, 7.75], "texture": "#0"},
				"up": {"uv": [8, 0.25, 7.75, 0], "texture": "#0"},
				"down": {"uv": [8, 0.5, 7.75, 0.75], "texture": "#0"}
			}
		},
		{
			"from": [3, 19.05, 6],
			"to": [13, 20.05, 12],
			"rotation": {"angle": 0, "axis": "y", "origin": [0, 0, -3]},
			"faces": {
				"north": {"uv": [6, 0.375, 7.25, 0.5], "texture": "#0"},
				"east": {"uv": [7.25, 6.5, 8, 6.625], "texture": "#0"},
				"south": {"uv": [6, 2.375, 7.25, 2.5], "texture": "#0"},
				"west": {"uv": [7.375, 1.125, 8.125, 1.25], "texture": "#0"},
				"up": {"uv": [3, 2, 1.75, 1.25], "texture": "#0"},
				"down": {"uv": [3, 2, 1.75, 2.75], "texture": "#0"}
			}
		},
		{
			"from": [4, 19.05, 12],
			"to": [12, 20.05, 15],
			"rotation": {"angle": 22.5, "axis": "x", "origin": [6, 20, 12]},
			"faces": {
				"north": {"uv": [6.75, 3.5, 7.75, 3.625], "texture": "#0"},
				"east": {"uv": [4.875, 7.875, 5.25, 8], "texture": "#0"},
				"south": {"uv": [6.75, 6.625, 7.75, 6.75], "texture": "#0"},
				"west": {"uv": [5.25, 7.875, 5.625, 8], "texture": "#0"},
				"up": {"uv": [5.5, 2.375, 4.5, 2], "texture": "#0"},
				"down": {"uv": [5.5, 2.375, 4.5, 2.75], "texture": "#0"}
			}
		},
		{
			"from": [8, 14.05, 14.75],
			"to": [13, 16.05, 16.75],
			"rotation": {"angle": 45, "axis": "z", "origin": [8, 14, 15.75]},
			"faces": {
				"north": {"uv": [6.125, 4.75, 6.75, 5], "texture": "#0"},
				"east": {"uv": [1.375, 7.75, 1.625, 8], "texture": "#0"},
				"south": {"uv": [6.125, 5.375, 6.75, 5.625], "texture": "#0"},
				"west": {"uv": [1.625, 7.75, 1.875, 8], "texture": "#0"},
				"up": {"uv": [6.25, 6.375, 5.625, 6.125], "texture": "#0"},
				"down": {"uv": [6.875, 0.5, 6.25, 0.75], "texture": "#0"}
			}
		},
		{
			"from": [9, 14.05, 13.75],
			"to": [14, 16.05, 15.75],
			"rotation": {"angle": 45, "axis": "z", "origin": [9, 14, 14.75]},
			"faces": {
				"north": {"uv": [6.25, 0.75, 6.875, 1], "texture": "#0"},
				"east": {"uv": [1.875, 7.75, 2.125, 8], "texture": "#0"},
				"south": {"uv": [6.25, 1, 6.875, 1.25], "texture": "#0"},
				"west": {"uv": [7.75, 2, 8, 2.25], "texture": "#0"},
				"up": {"uv": [6.875, 3, 6.25, 2.75], "texture": "#0"},
				"down": {"uv": [6.875, 3, 6.25, 3.25], "texture": "#0"}
			}
		},
		{
			"from": [8, 14.05, 14.5],
			"to": [14, 16.05, 16.5],
			"rotation": {"angle": 22.5, "axis": "z", "origin": [8, 14, 15.5]},
			"faces": {
				"north": {"uv": [6, 4, 6.75, 4.25], "texture": "#0"},
				"east": {"uv": [2.125, 7.75, 2.375, 8], "texture": "#0"},
				"south": {"uv": [3, 6.125, 3.75, 6.375], "texture": "#0"},
				"west": {"uv": [7.75, 2.375, 8, 2.625], "texture": "#0"},
				"up": {"uv": [6.875, 4.5, 6.125, 4.25], "texture": "#0"},
				"down": {"uv": [6.875, 4.5, 6.125, 4.75], "texture": "#0"}
			}
		},
		{
			"from": [3, 14.05, 15],
			"to": [8, 16.05, 17],
			"rotation": {"angle": -22.5, "axis": "z", "origin": [8, 14, 17]},
			"faces": {
				"north": {"uv": [6.25, 6.125, 6.875, 6.375], "texture": "#0"},
				"east": {"uv": [7.75, 2.625, 8, 2.875], "texture": "#0"},
				"south": {"uv": [6.375, 1.25, 7, 1.5], "texture": "#0"},
				"west": {"uv": [2.75, 7.75, 3, 8], "texture": "#0"},
				"up": {"uv": [7, 1.75, 6.375, 1.5], "texture": "#0"},
				"down": {"uv": [7, 1.75, 6.375, 2], "texture": "#0"}
			}
		},
		{
			"from": [5, 15.05, 14],
			"to": [9, 17.05, 16],
			"rotation": {"angle": -22.5, "axis": "z", "origin": [9, 15, 16]},
			"faces": {
				"north": {"uv": [6.875, 1, 7.375, 1.25], "texture": "#0"},
				"east": {"uv": [3, 7.75, 3.25, 8], "texture": "#0"},
				"south": {"uv": [1.75, 6.875, 2.25, 7.125], "texture": "#0"},
				"west": {"uv": [3.5, 7.75, 3.75, 8], "texture": "#0"},
				"up": {"uv": [7.375, 2.25, 6.875, 2], "texture": "#0"},
				"down": {"uv": [2.75, 6.875, 2.25, 7.125], "texture": "#0"}
			}
		},
		{
			"from": [-1, 16.05, 14],
			"to": [2, 17.05, 16],
			"rotation": {"angle": -45, "axis": "y", "origin": [2, 15, 16]},
			"faces": {
				"north": {"uv": [7.875, 5.375, 8.25, 5.5], "texture": "#0"},
				"east": {"uv": [8, 2.75, 8.25, 2.875], "texture": "#0"},
				"south": {"uv": [7.875, 5.5, 8.25, 5.625], "texture": "#0"},
				"west": {"uv": [8, 3.25, 8.25, 3.375], "texture": "#0"},
				"up": {"uv": [7.75, 2.25, 7.375, 2], "texture": "#0"},
				"down": {"uv": [7.75, 2.75, 7.375, 3], "texture": "#0"}
			}
		},
		{
			"from": [1, 18.55, 11],
			"to": [4, 19.55, 13],
			"rotation": {"angle": -45, "axis": "y", "origin": [4, 17.5, 13]},
			"faces": {
				"north": {"uv": [7.875, 5.625, 8.25, 5.75], "texture": "#0"},
				"east": {"uv": [8, 3.375, 8.25, 3.5], "texture": "#0"},
				"south": {"uv": [7.875, 5.75, 8.25, 5.875], "texture": "#0"},
				"west": {"uv": [3.5, 8, 3.75, 8.125], "texture": "#0"},
				"up": {"uv": [4.375, 7.625, 4, 7.375], "texture": "#0"},
				"down": {"uv": [7.75, 4.25, 7.375, 4.5], "texture": "#0"}
			}
		},
		{
			"from": [12, 18.55, 11],
			"to": [15, 19.55, 13],
			"rotation": {"angle": 45, "axis": "y", "origin": [12, 17.5, 13]},
			"faces": {
				"north": {"uv": [6, 7.875, 6.375, 8], "texture": "#0"},
				"east": {"uv": [3.75, 8, 4, 8.125], "texture": "#0"},
				"south": {"uv": [7.125, 7.875, 7.5, 8], "texture": "#0"},
				"west": {"uv": [4, 8, 4.25, 8.125], "texture": "#0"},
				"up": {"uv": [4.75, 7.625, 4.375, 7.375], "texture": "#0"},
				"down": {"uv": [5.125, 7.375, 4.75, 7.625], "texture": "#0"}
			}
		},
		{
			"from": [2, 16.05, 14],
			"to": [4, 17.05, 16],
			"rotation": {"angle": -22.5, "axis": "y", "origin": [2, 15, 16]},
			"faces": {
				"north": {"uv": [4.25, 8, 4.5, 8.125], "texture": "#0"},
				"east": {"uv": [8, 4.25, 8.25, 4.375], "texture": "#0"},
				"south": {"uv": [8, 4.375, 8.25, 4.5], "texture": "#0"},
				"west": {"uv": [4.5, 8, 4.75, 8.125], "texture": "#0"},
				"up": {"uv": [4, 8, 3.75, 7.75], "texture": "#0"},
				"down": {"uv": [4.25, 7.75, 4, 8], "texture": "#0"}
			}
		},
		{
			"from": [12, 16.05, 14],
			"to": [14, 17.05, 16],
			"rotation": {"angle": 22.5, "axis": "y", "origin": [14, 15, 16]},
			"faces": {
				"north": {"uv": [8, 4.5, 8.25, 4.625], "texture": "#0"},
				"east": {"uv": [8, 4.625, 8.25, 4.75], "texture": "#0"},
				"south": {"uv": [4.75, 8, 5, 8.125], "texture": "#0"},
				"west": {"uv": [8, 4.75, 8.25, 4.875], "texture": "#0"},
				"up": {"uv": [4.5, 8, 4.25, 7.75], "texture": "#0"},
				"down": {"uv": [8, 4.25, 7.75, 4.5], "texture": "#0"}
			}
		},
		{
			"from": [14, 16.05, 14],
			"to": [17, 17.05, 16],
			"rotation": {"angle": 45, "axis": "y", "origin": [14, 15, 16]},
			"faces": {
				"north": {"uv": [7.875, 7.125, 8.25, 7.25], "texture": "#0"},
				"east": {"uv": [8, 4.875, 8.25, 5], "texture": "#0"},
				"south": {"uv": [7.875, 7.25, 8.25, 7.375], "texture": "#0"},
				"west": {"uv": [5, 8, 5.25, 8.125], "texture": "#0"},
				"up": {"uv": [7.75, 5.25, 7.375, 5], "texture": "#0"},
				"down": {"uv": [5.5, 7.375, 5.125, 7.625], "texture": "#0"}
			}
		},
		{
			"from": [2, 15.05, 14],
			"to": [10, 18.05, 15],
			"rotation": {"angle": 0, "axis": "y", "origin": [10, 15, 16]},
			"faces": {
				"north": {"uv": [4.625, 0.5, 5.625, 0.875], "texture": "#0"},
				"east": {"uv": [4.25, 7, 4.375, 7.375], "texture": "#0"},
				"south": {"uv": [4.625, 0.875, 5.625, 1.25], "texture": "#0"},
				"west": {"uv": [3.125, 7.125, 3.25, 7.5], "texture": "#0"},
				"up": {"uv": [7.875, 0.375, 6.875, 0.25], "texture": "#0"},
				"down": {"uv": [7.875, 2.25, 6.875, 2.375], "texture": "#0"}
			}
		},
		{
			"from": [5, 17.05, 1],
			"to": [11, 21.05, 10],
			"rotation": {"angle": 0, "axis": "y", "origin": [0, 0, -3]},
			"faces": {
				"north": {"uv": [1.125, 4.625, 1.875, 5.125], "texture": "#0"},
				"east": {"uv": [3.5, 3.25, 4.625, 3.75], "texture": "#0"},
				"south": {"uv": [4.625, 3.25, 5.375, 3.75], "texture": "#0"},
				"west": {"uv": [1.5, 3.75, 2.625, 4.25], "texture": "#0"},
				"up": {"uv": [0.75, 3.875, 0, 2.75], "texture": "#0"},
				"down": {"uv": [1.5, 2.75, 0.75, 3.875], "texture": "#0"}
			}
		},
		{
			"from": [2, 19.05, 2],
			"to": [5, 21.05, 6],
			"faces": {
				"north": {"uv": [5.5, 7.375, 5.875, 7.625], "texture": "#0"},
				"east": {"uv": [2.75, 6.875, 3.25, 7.125], "texture": "#0"},
				"south": {"uv": [6.375, 7.375, 6.75, 7.625], "texture": "#0"},
				"west": {"uv": [6.875, 2.75, 7.375, 3], "texture": "#0"},
				"up": {"uv": [0.375, 6.625, 0, 6.125], "texture": "#0"},
				"down": {"uv": [2.375, 6.125, 2, 6.625], "texture": "#0"}
			}
		},
		{
			"from": [-1.55, 12, 3.9],
			"to": [0.45, 15, 11.9],
			"rotation": {"angle": 0, "axis": "y", "origin": [-0.05, 0, 0.4]},
			"faces": {
				"north": {"uv": [5.875, 7.375, 6.125, 7.75], "texture": "#0"},
				"east": {"uv": [4.75, 1.25, 5.75, 1.625], "texture": "#0"},
				"south": {"uv": [6.75, 7.375, 7, 7.75], "texture": "#0"},
				"west": {"uv": [4.75, 1.625, 5.75, 2], "texture": "#0"},
				"up": {"uv": [1.25, 6.5, 1, 5.5], "texture": "#0"},
				"down": {"uv": [1.5, 5.5, 1.25, 6.5], "texture": "#0"}
			}
		},
		{
			"from": [-1.55, 11, 6.9],
			"to": [-0.55, 12, 9.9],
			"rotation": {"angle": 0, "axis": "y", "origin": [-0.05, -1, 0.4]},
			"faces": {
				"north": {"uv": [4.75, 6.5, 4.875, 6.625], "texture": "#0"},
				"east": {"uv": [7.875, 7.375, 8.25, 7.5], "texture": "#0"},
				"south": {"uv": [5.25, 6.625, 5.375, 6.75], "texture": "#0"},
				"west": {"uv": [7.5, 7.875, 7.875, 8], "texture": "#0"},
				"up": {"uv": [7, 8.125, 6.875, 7.75], "texture": "#0"},
				"down": {"uv": [0.625, 7.875, 0.5, 8.25], "texture": "#0"}
			}
		},
		{
			"from": [-1.54, 11.48487, 6.76355],
			"to": [-0.56, 12.46487, 8.74355],
			"rotation": {"angle": 45, "axis": "x", "origin": [-1.05, 13.47487, 7.25355]},
			"faces": {
				"north": {"uv": [1.75, 6.75, 1.875, 6.875], "texture": "#0"},
				"east": {"uv": [8, 5, 8.25, 5.125], "texture": "#0"},
				"south": {"uv": [1.125, 6.875, 1.25, 7], "texture": "#0"},
				"west": {"uv": [8, 5.125, 8.25, 5.25], "texture": "#0"},
				"up": {"uv": [3.25, 8.25, 3.125, 8], "texture": "#0"},
				"down": {"uv": [5.375, 8, 5.25, 8.25], "texture": "#0"}
			}
		},
		{
			"from": [-0.54, 11.48487, 5.76355],
			"to": [0.44, 12.46487, 7.74355],
			"rotation": {"angle": 45, "axis": "x", "origin": [-0.05, 13.47487, 6.25355]},
			"faces": {
				"north": {"uv": [3.25, 6.875, 3.375, 7], "texture": "#0"},
				"east": {"uv": [8, 5.25, 8.25, 5.375], "texture": "#0"},
				"south": {"uv": [5.125, 6.875, 5.25, 7], "texture": "#0"},
				"west": {"uv": [5.375, 8, 5.625, 8.125], "texture": "#0"},
				"up": {"uv": [5.875, 8.25, 5.75, 8], "texture": "#0"},
				"down": {"uv": [6, 8, 5.875, 8.25], "texture": "#0"}
			}
		},
		{
			"from": [-1.54, 11.48487, 8.05645],
			"to": [-0.56, 12.46487, 10.03645],
			"rotation": {"angle": -45, "axis": "x", "origin": [-1.05, 13.47487, 9.54645]},
			"faces": {
				"north": {"uv": [1.625, 7, 1.75, 7.125], "texture": "#0"},
				"east": {"uv": [8, 5.875, 8.25, 6], "texture": "#0"},
				"south": {"uv": [7.125, 4.625, 7.25, 4.75], "texture": "#0"},
				"west": {"uv": [6, 8, 6.25, 8.125], "texture": "#0"},
				"up": {"uv": [8.125, 6.25, 8, 6], "texture": "#0"},
				"down": {"uv": [6.375, 8, 6.25, 8.25], "texture": "#0"}
			}
		},
		{
			"from": [-0.54, 11.48487, 9.05645],
			"to": [0.44, 12.46487, 10.46145],
			"rotation": {"angle": -45, "axis": "x", "origin": [-0.05, 13.47487, 10.54645]},
			"faces": {
				"north": {"uv": [6.375, 7.25, 6.5, 7.375], "texture": "#0"},
				"east": {"uv": [7.125, 7.5, 7.25, 7.625], "texture": "#0"},
				"south": {"uv": [5.75, 7.625, 5.875, 7.75], "texture": "#0"},
				"west": {"uv": [6.625, 7.625, 6.75, 7.75], "texture": "#0"},
				"up": {"uv": [0.375, 7.875, 0.25, 7.75], "texture": "#0"},
				"down": {"uv": [2.5, 7.75, 2.375, 7.875], "texture": "#0"}
			}
		},
		{
			"from": [-0.55, 10, 5.9],
			"to": [0.45, 12, 10.9],
			"rotation": {"angle": 0, "axis": "y", "origin": [-0.05, 1, 0.4]},
			"faces": {
				"north": {"uv": [8, 6.25, 8.125, 6.5], "texture": "#0"},
				"east": {"uv": [2.375, 6.375, 3, 6.625], "texture": "#0"},
				"south": {"uv": [6.375, 8, 6.5, 8.25], "texture": "#0"},
				"west": {"uv": [3, 6.375, 3.625, 6.625], "texture": "#0"},
				"up": {"uv": [3, 5.375, 2.875, 4.75], "texture": "#0"},
				"down": {"uv": [1, 5.75, 0.875, 6.375], "texture": "#0"}
			}
		},
		{
			"from": [-1.05, 14, -1.1],
			"to": [-0.05, 15, 3.9],
			"rotation": {"angle": 0, "axis": "y", "origin": [-0.55, 0, 0.4]},
			"faces": {
				"north": {"uv": [6, 7.75, 6.125, 7.875], "texture": "#0"},
				"east": {"uv": [7.375, 5.25, 8, 5.375], "texture": "#0"},
				"south": {"uv": [2.75, 8.125, 2.875, 8.25], "texture": "#0"},
				"west": {"uv": [2.75, 7.5, 3.375, 7.625], "texture": "#0"},
				"up": {"uv": [0.75, 8.125, 0.625, 7.5], "texture": "#0"},
				"down": {"uv": [3.5, 7.5, 3.375, 8.125], "texture": "#0"}
			}
		},
		{
			"from": [-1.05, 12, -1.1],
			"to": [-0.05, 13, 3.9],
			"rotation": {"angle": 0, "axis": "y", "origin": [-0.55, 0, 0.4]},
			"faces": {
				"north": {"uv": [8.125, 3.125, 8.25, 3.25], "texture": "#0"},
				"east": {"uv": [7.5, 3, 8.125, 3.125], "texture": "#0"},
				"south": {"uv": [3.25, 8.125, 3.375, 8.25], "texture": "#0"},
				"west": {"uv": [7.5, 3.125, 8.125, 3.25], "texture": "#0"},
				"up": {"uv": [7.625, 6, 7.5, 5.375], "texture": "#0"},
				"down": {"uv": [7.125, 7.5, 7, 8.125], "texture": "#0"}
			}
		},
		{
			"from": [-0.05, 14, -1.1],
			"to": [1.95, 15, -0.1],
			"rotation": {"angle": 0, "axis": "y", "origin": [-0.55, 0, -0.6]},
			"faces": {
				"north": {"uv": [6.5, 8, 6.75, 8.125], "texture": "#0"},
				"east": {"uv": [3.375, 8.125, 3.5, 8.25], "texture": "#0"},
				"south": {"uv": [8, 6.5, 8.25, 6.625], "texture": "#0"},
				"west": {"uv": [3.5, 8.125, 3.625, 8.25], "texture": "#0"},
				"up": {"uv": [8.25, 6.875, 8, 6.75], "texture": "#0"},
				"down": {"uv": [8.25, 6.875, 8, 7], "texture": "#0"}
			}
		},
		{
			"from": [-0.05, 12, -1.1],
			"to": [0.95, 13, -0.1],
			"rotation": {"angle": 0, "axis": "y", "origin": [-0.55, 0, -0.6]},
			"faces": {
				"north": {"uv": [8.125, 3.5, 8.25, 3.625], "texture": "#0"},
				"east": {"uv": [3.625, 8.125, 3.75, 8.25], "texture": "#0"},
				"south": {"uv": [8.125, 3.625, 8.25, 3.75], "texture": "#0"},
				"west": {"uv": [3.75, 8.125, 3.875, 8.25], "texture": "#0"},
				"up": {"uv": [8.25, 3.875, 8.125, 3.75], "texture": "#0"},
				"down": {"uv": [4, 8.125, 3.875, 8.25], "texture": "#0"}
			}
		},
		{
			"from": [-1.55, 4, 3.9],
			"to": [0.45, 8, 7.9],
			"rotation": {"angle": 0, "axis": "y", "origin": [-0.05, 0, 0.4]},
			"faces": {
				"north": {"uv": [0.875, 6.875, 1.125, 7.375], "texture": "#0"},
				"east": {"uv": [1.5, 5.5, 2, 6], "texture": "#0"},
				"south": {"uv": [6.875, 4.25, 7.125, 4.75], "texture": "#0"},
				"west": {"uv": [5.5, 2, 6, 2.5], "texture": "#0"},
				"up": {"uv": [4.625, 7.375, 4.375, 6.875], "texture": "#0"},
				"down": {"uv": [4.875, 6.875, 4.625, 7.375], "texture": "#0"}
			}
		},
		{
			"from": [-1.45, 7.65729, 6.11629],
			"to": [0.35, 11.45729, 6.91629],
			"rotation": {"angle": 22.5, "axis": "x", "origin": [-0.05, 3.55729, -1.48371]},
			"faces": {
				"north": {"uv": [4.875, 6.875, 5.125, 7.375], "texture": "#0"},
				"east": {"uv": [2.5, 4.25, 2.625, 4.75], "texture": "#0"},
				"south": {"uv": [0, 7, 0.25, 7.5], "texture": "#0"},
				"west": {"uv": [3.375, 4.5, 3.5, 5], "texture": "#0"},
				"up": {"uv": [8.25, 7.125, 8, 7], "texture": "#0"},
				"down": {"uv": [7.375, 8, 7.125, 8.125], "texture": "#0"}
			}
		},
		{
			"from": [-1.55, 6, 7.9],
			"to": [0.45, 8, 10.9],
			"rotation": {"angle": 0, "axis": "y", "origin": [-0.05, 0, 0.4]},
			"faces": {
				"north": {"uv": [7.75, 5, 8, 5.25], "texture": "#0"},
				"east": {"uv": [7.25, 7.375, 7.625, 7.625], "texture": "#0"},
				"south": {"uv": [5.75, 7.75, 6, 8], "texture": "#0"},
				"west": {"uv": [0, 7.5, 0.375, 7.75], "texture": "#0"},
				"up": {"uv": [0.625, 7.875, 0.375, 7.5], "texture": "#0"},
				"down": {"uv": [1.375, 7.5, 1.125, 7.875], "texture": "#0"}
			}
		},
		{
			"from": [-1.125, 5, -1.1],
			"to": [0.875, 6, -0.1],
			"rotation": {"angle": 0, "axis": "y", "origin": [-0.05, 0, 0.4]},
			"faces": {
				"north": {"uv": [7.375, 8, 7.625, 8.125], "texture": "#0"},
				"east": {"uv": [8.125, 3.875, 8.25, 4], "texture": "#0"},
				"south": {"uv": [7.625, 8, 7.875, 8.125], "texture": "#0"},
				"west": {"uv": [4, 8.125, 4.125, 8.25], "texture": "#0"},
				"up": {"uv": [8.125, 8.125, 7.875, 8], "texture": "#0"},
				"down": {"uv": [0.25, 8.125, 0, 8.25], "texture": "#0"}
			}
		},
		{
			"from": [-1.125, 5, -0.1],
			"to": [-0.125, 6, 0.9],
			"rotation": {"angle": 0, "axis": "y", "origin": [-0.05, 0, 1.4]},
			"faces": {
				"north": {"uv": [8.125, 4, 8.25, 4.125], "texture": "#0"},
				"east": {"uv": [4.125, 8.125, 4.25, 8.25], "texture": "#0"},
				"south": {"uv": [8.125, 4.125, 8.25, 4.25], "texture": "#0"},
				"west": {"uv": [4.25, 8.125, 4.375, 8.25], "texture": "#0"},
				"up": {"uv": [4.5, 8.25, 4.375, 8.125], "texture": "#0"},
				"down": {"uv": [4.625, 8.125, 4.5, 8.25], "texture": "#0"}
			}
		},
		{
			"from": [-1.125, 5, 0.9],
			"to": [-0.125, 7, 3.9],
			"rotation": {"angle": 0, "axis": "y", "origin": [-0.05, 0, 0.4]},
			"faces": {
				"north": {"uv": [6.75, 8, 6.875, 8.25], "texture": "#0"},
				"east": {"uv": [7.5, 1.25, 7.875, 1.5], "texture": "#0"},
				"south": {"uv": [0.25, 8.125, 0.375, 8.375], "texture": "#0"},
				"west": {"uv": [1.375, 7.5, 1.75, 7.75], "texture": "#0"},
				"up": {"uv": [0.875, 8.25, 0.75, 7.875], "texture": "#0"},
				"down": {"uv": [1, 7.875, 0.875, 8.25], "texture": "#0"}
			}
		},
		{
			"from": [-1.115, 5.6015, -1.80684],
			"to": [-0.135, 7.3315, -0.82684],
			"rotation": {"angle": 22.5, "axis": "x", "origin": [-0.05, 0.3415, -1.31684]},
			"faces": {
				"north": {"uv": [0.375, 8.125, 0.5, 8.375], "texture": "#0"},
				"east": {"uv": [8.125, 0.375, 8.25, 0.625], "texture": "#0"},
				"south": {"uv": [0.625, 8.125, 0.75, 8.375], "texture": "#0"},
				"west": {"uv": [8.125, 0.75, 8.25, 1], "texture": "#0"},
				"up": {"uv": [4.75, 8.25, 4.625, 8.125], "texture": "#0"},
				"down": {"uv": [4.875, 8.125, 4.75, 8.25], "texture": "#0"}
			}
		},
		{
			"from": [15.075, 5, -1.1],
			"to": [17.075, 6, -0.1],
			"rotation": {"angle": 0, "axis": "y", "origin": [16, 0, 0.4]},
			"faces": {
				"north": {"uv": [8.125, 1, 8.375, 1.125], "texture": "#0"},
				"east": {"uv": [4.875, 8.125, 5, 8.25], "texture": "#0"},
				"south": {"uv": [8.125, 1.125, 8.375, 1.25], "texture": "#0"},
				"west": {"uv": [5, 8.125, 5.125, 8.25], "texture": "#0"},
				"up": {"uv": [1.625, 8.25, 1.375, 8.125], "texture": "#0"},
				"down": {"uv": [1.875, 8.125, 1.625, 8.25], "texture": "#0"}
			}
		},
		{
			"from": [16.075, 5, -0.1],
			"to": [17.075, 6, 0.9],
			"rotation": {"angle": 0, "axis": "y", "origin": [16, 0, 1.4]},
			"faces": {
				"north": {"uv": [5.125, 8.125, 5.25, 8.25], "texture": "#0"},
				"east": {"uv": [5.375, 8.125, 5.5, 8.25], "texture": "#0"},
				"south": {"uv": [5.5, 8.125, 5.625, 8.25], "texture": "#0"},
				"west": {"uv": [5.625, 8.125, 5.75, 8.25], "texture": "#0"},
				"up": {"uv": [6.125, 8.25, 6, 8.125], "texture": "#0"},
				"down": {"uv": [8.25, 6, 8.125, 6.125], "texture": "#0"}
			}
		},
		{
			"from": [16.085, 5.6015, -1.80684],
			"to": [17.065, 7.3315, -0.82684],
			"rotation": {"angle": 22.5, "axis": "x", "origin": [16, 0.3415, -1.31684]},
			"faces": {
				"north": {"uv": [1, 8.125, 1.125, 8.375], "texture": "#0"},
				"east": {"uv": [2.125, 8.125, 2.25, 8.375], "texture": "#0"},
				"south": {"uv": [2.25, 8.125, 2.375, 8.375], "texture": "#0"},
				"west": {"uv": [2.375, 8.125, 2.5, 8.375], "texture": "#0"},
				"up": {"uv": [6.25, 8.25, 6.125, 8.125], "texture": "#0"},
				"down": {"uv": [8.25, 6.125, 8.125, 6.25], "texture": "#0"}
			}
		},
		{
			"from": [16.075, 5, 0.9],
			"to": [17.075, 7, 3.9],
			"rotation": {"angle": 0, "axis": "y", "origin": [16, 0, 0.4]},
			"faces": {
				"north": {"uv": [2.5, 8.125, 2.625, 8.375], "texture": "#0"},
				"east": {"uv": [7.5, 1.5, 7.875, 1.75], "texture": "#0"},
				"south": {"uv": [2.625, 8.125, 2.75, 8.375], "texture": "#0"},
				"west": {"uv": [1.75, 7.5, 2.125, 7.75], "texture": "#0"},
				"up": {"uv": [1.25, 8.25, 1.125, 7.875], "texture": "#0"},
				"down": {"uv": [1.375, 7.875, 1.25, 8.25], "texture": "#0"}
			}
		},
		{
			"from": [15.5, 4, 3.9],
			"to": [17.5, 8, 7.9],
			"rotation": {"angle": 0, "axis": "y", "origin": [16, 0, 0.4]},
			"faces": {
				"north": {"uv": [0.25, 7, 0.5, 7.5], "texture": "#0"},
				"east": {"uv": [2.5, 5.5, 3, 6], "texture": "#0"},
				"south": {"uv": [0.5, 7, 0.75, 7.5], "texture": "#0"},
				"west": {"uv": [5.5, 3.75, 6, 4.25], "texture": "#0"},
				"up": {"uv": [1.375, 7.5, 1.125, 7], "texture": "#0"},
				"down": {"uv": [7.25, 1.25, 7, 1.75], "texture": "#0"}
			}
		},
		{
			"from": [15.5, 6, 7.9],
			"to": [17.5, 8, 10.9],
			"rotation": {"angle": 0, "axis": "y", "origin": [16, 0, 0.4]},
			"faces": {
				"north": {"uv": [6.625, 7.75, 6.875, 8], "texture": "#0"},
				"east": {"uv": [7.5, 1.75, 7.875, 2], "texture": "#0"},
				"south": {"uv": [0.25, 7.875, 0.5, 8.125], "texture": "#0"},
				"west": {"uv": [2.125, 7.5, 2.5, 7.75], "texture": "#0"},
				"up": {"uv": [7.75, 2.75, 7.5, 2.375], "texture": "#0"},
				"down": {"uv": [2.75, 7.5, 2.5, 7.875], "texture": "#0"}
			}
		},
		{
			"from": [15.6, 7.65729, 6.11629],
			"to": [17.4, 11.45729, 6.91629],
			"rotation": {"angle": 22.5, "axis": "x", "origin": [16, 3.55729, -1.48371]},
			"faces": {
				"north": {"uv": [1.375, 7, 1.625, 7.5], "texture": "#0"},
				"east": {"uv": [1, 7.625, 1.125, 8.125], "texture": "#0"},
				"south": {"uv": [3.25, 7, 3.5, 7.5], "texture": "#0"},
				"west": {"uv": [3.25, 7.625, 3.375, 8.125], "texture": "#0"},
				"up": {"uv": [8.375, 3, 8.125, 2.875], "texture": "#0"},
				"down": {"uv": [8.375, 3, 8.125, 3.125], "texture": "#0"}
			}
		}
	],
	"display": {
		"thirdperson_righthand": {
			"scale": [0.5, 0.5, 0.5]
		},
		"thirdperson_lefthand": {
			"scale": [0.5, 0.5, 0.5]
		},
		"firstperson_righthand": {
			"rotation": [-16.54, 25.47, 2.11],
			"translation": [3, 0, 0],
			"scale": [0.5, 0.5, 0.5]
		},
		"firstperson_lefthand": {
			"rotation": [-6.29, 12.65, -8.28],
			"translation": [3, 0.5, 0],
			"scale": [0.5, 0.5, 0.5]
		},
		"ground": {
			"rotation": [45, 0, 0],
			"scale": [0.5, 0.5, 0.5]
		},
		"gui": {
			"rotation": [22, 124, 4],
			"translation": [0.75, -0.25, 0],
			"scale": [0.55, 0.55, 0.55]
		},
		"head": {
			"scale": [0.8, 0.8, 0.8]
		},
		"fixed": {
			"rotation": [0, -90, 0],
			"translation": [0, -2, -1.75],
			"scale": [0.29, 0.7, 0.7]
		}
	},
	"groups": [
		{
			"name": "hat",
			"origin": [8, 8, 8],
			"color": 0,
			"children": [
				{
					"name": "beard",
					"origin": [8, 8, 8],
					"color": 1,
					"children": [0, 1, 2, 3, 4, 5, 6, 7, 8, 9, 10, 11, 12, 13, 14, 15, 16, 17, 18, 19, 20, 21, 22]
				},
				{
					"name": "hair",
					"origin": [8, 8, 8],
					"color": 0,
					"children": [23, 24, 25, 26, 27, 28, 29, 30, 31, 32, 33, 34, 35, 36, 37, 38, 39, 40, 41, 42, 43, 44, 45, 46, 47, 48, 49, 50, 51, 52, 53, 54, 55, 56, 57, 58, 59, 60, 61, 62, 63, 64]
				},
				{
					"name": "implant_l",
					"origin": [8, 8, 8],
					"color": 0,
					"children": [65, 66, 67, 68, 69, 70, 71, 72, 73, 74, 75, 76, 77, 78, 79, 80, 81, 82]
				},
				{
					"name": "implant_r",
					"origin": [8, 8, 8],
					"color": 0,
					"children": [83, 84, 85, 86, 87, 88, 89]
				}
			]
		}
	]
}