{
	"credit": "by Hoffen _InkGhoul",
	"texture_size": [64, 64],
	"textures": {
		"0": "custom:item/dodgeball_trophy",
		"1": "custom:item/dodgeball_potion_animation",
		"particle": "custom:item/dodgeball_trophy"
	},
	"elements": [
		{
			"from": [4, 7, 6],
			"to": [12, 16, 6],
			"rotation": {"angle": 22.5, "axis": "y", "origin": [8, 11.5, 6]},
			"faces": {
				"north": {"uv": [0.5, 0, 6.5, 7], "texture": "#1"},
				"east": {"uv": [0, 0, 1, 0.5], "texture": "#1"},
				"south": {"uv": [6.5, 0, 0.5, 7], "texture": "#1"},
				"west": {"uv": [0, 0, 0.5, 0.5], "texture": "#1"},
				"up": {"uv": [0, 0, 1, 0.25], "texture": "#missing"},
				"down": {"uv": [0, 0, 0.5, 0.5], "texture": "#missing"}
			}
		},
		{
			"from": [8, 7, 2],
			"to": [8, 16, 10],
			"rotation": {"angle": 22.5, "axis": "y", "origin": [8, 11.5, 6]},
			"faces": {
				"north": {"uv": [0, 0, 0.5, 0.5], "texture": "#1"},
				"east": {"uv": [15, 0, 9, 7], "texture": "#1"},
				"south": {"uv": [0, 0, 0.5, 0.5], "texture": "#1"},
				"west": {"uv": [9, 0, 15, 7], "texture": "#1"},
				"up": {"uv": [0, 0, 1, 1], "rotation": 270, "texture": "#missing"},
				"down": {"uv": [0, 0, 1, 0.5], "rotation": 90, "texture": "#missing"}
			}
		},
		{
			"from": [4, 7, 6],
			"to": [12, 16, 6],
			"rotation": {"angle": 0, "axis": "y", "origin": [8, 11.5, 6]},
			"faces": {
				"north": {"uv": [6.5, 8, 0.5, 15], "texture": "#1"},
				"east": {"uv": [0, 0, 0.5, 1], "texture": "#1"},
				"south": {"uv": [0.5, 8, 6.5, 15], "texture": "#1"},
				"west": {"uv": [0, 0, 0.5, 1], "texture": "#1"},
				"up": {"uv": [0, 0, 0.5, 0.5], "rotation": 180, "texture": "#missing"},
				"down": {"uv": [0, 0, 0.5, 0.5], "rotation": 180, "texture": "#missing"}
			}
		},
		{
			"from": [8, 7, 2],
			"to": [8, 16, 10],
			"rotation": {"angle": 45, "axis": "y", "origin": [8, 11.5, 6]},
			"faces": {
				"north": {"uv": [0, 0, 0.5, 1], "texture": "#1"},
				"east": {"uv": [9, 8, 15, 15], "texture": "#1"},
				"south": {"uv": [0, 0, 1, 1], "texture": "#1"},
				"west": {"uv": [15, 8, 9, 15], "texture": "#1"},
				"up": {"uv": [0, 0, 1, 0.5], "rotation": 90, "texture": "#missing"},
				"down": {"uv": [0, 0, 1, 0.5], "rotation": 270, "texture": "#missing"}
			}
		},
		{
			"from": [1, 0, 1],
			"to": [15, 2, 15],
			"rotation": {"angle": 0, "axis": "y", "origin": [8, 0, 8]},
			"faces": {
				"north": {"uv": [4, 0, 7.5, 0.5], "texture": "#0"},
				"east": {"uv": [4, 0, 7.5, 0.5], "texture": "#0"},
				"south": {"uv": [4, 0, 7.5, 0.5], "texture": "#0"},
				"west": {"uv": [4, 0, 7.5, 0.5], "texture": "#0"},
				"up": {"uv": [0, 3.5, 3.5, 7], "texture": "#0"},
				"down": {"uv": [0, 0, 3.5, 3.5], "texture": "#0"}
			}
		},
		{
			"from": [2, 2, 2],
			"to": [14, 4, 14],
			"rotation": {"angle": 0, "axis": "y", "origin": [8, 2, 8]},
			"faces": {
				"north": {"uv": [4.25, 0.75, 7.25, 1.25], "texture": "#0"},
				"east": {"uv": [4.25, 0.75, 7.25, 1.25], "texture": "#0"},
				"south": {"uv": [4.25, 0.75, 7.25, 1.25], "texture": "#0"},
				"west": {"uv": [4.25, 0.75, 7.25, 1.25], "texture": "#0"},
				"up": {"uv": [4.25, 1.5, 7.25, 4.5], "texture": "#0"},
				"down": {"uv": [4.25, 1.5, 7.25, 4.5], "texture": "#0"}
			}
		},
		{
			"from": [10, 4, 11],
			"to": [11, 14, 12],
			"rotation": {"angle": 0, "axis": "y", "origin": [4, 4, 6]},
			"faces": {
				"north": {"uv": [8.25, 0, 8.75, 2.5], "texture": "#0"},
				"east": {"uv": [8.25, 0, 8.75, 2.5], "texture": "#0"},
				"south": {"uv": [8.25, 0, 8.75, 2.5], "texture": "#0"},
				"west": {"uv": [8.25, 0, 8.75, 2.5], "texture": "#0"},
				"up": {"uv": [8.25, 0, 8.5, 0.25], "texture": "#0"},
				"down": {"uv": [0, 0, 1, 1], "texture": "#0"}
			}
		},
		{
			"from": [11, 9, 11.5],
			"to": [16, 14, 11.5],
			"rotation": {"angle": 0, "axis": "y", "origin": [9, 4, 7.5]},
			"faces": {
				"north": {"uv": [9.75, 0, 11.75, 2], "texture": "#0"},
				"east": {"uv": [0, 15.5, 3.5, 16], "texture": "#0"},
				"south": {"uv": [11.75, 0, 9.75, 2], "texture": "#0"},
				"west": {"uv": [0, 15, 2, 16], "texture": "#0"},
				"up": {"uv": [0, 14.5, 0.5, 16], "texture": "#0"},
				"down": {"uv": [0, 15.5, 3.25, 16], "texture": "#0"}
			}
		},
		{
			"from": [10, 2, 8.5],
			"to": [15, 10, 8.5],
			"rotation": {"angle": -22.5, "axis": "z", "origin": [12.5, 6, 8.5]},
			"faces": {
				"north": {"uv": [9.75, 4.75, 11.75, 7.75], "texture": "#0"},
				"east": {"uv": [0, 15, 1.5, 16], "texture": "#0"},
				"south": {"uv": [11.75, 4.75, 9.75, 7.75], "texture": "#0"},
				"west": {"uv": [0, 15.25, 2.25, 16], "texture": "#0"},
				"up": {"uv": [0, 15.5, 2.25, 16], "texture": "#0"},
				"down": {"uv": [0, 15.25, 2.75, 16], "texture": "#0"}
			}
		},
		{
			"from": [1, 2, 8.5],
			"to": [6, 10, 8.5],
			"rotation": {"angle": 22.5, "axis": "z", "origin": [3.5, 6, 8.5]},
			"faces": {
				"north": {"uv": [9.75, 8.25, 11.75, 11.25], "texture": "#0"},
				"east": {"uv": [0, 15.25, 2.25, 16], "texture": "#0"},
				"south": {"uv": [11.75, 8.25, 9.75, 11.25], "texture": "#0"},
				"west": {"uv": [0, 15.25, 2, 16], "texture": "#0"},
				"up": {"uv": [0, 15.25, 1.5, 16], "texture": "#0"},
				"down": {"uv": [0, 15.5, 1.75, 16], "texture": "#0"}
			}
		},
		{
			"from": [5, 4, 11],
			"to": [6, 14, 12],
			"rotation": {"angle": 0, "axis": "y", "origin": [0, 4, 6]},
			"faces": {
				"north": {"uv": [8.25, 0, 8.75, 2.5], "texture": "#0"},
				"east": {"uv": [8.25, 0, 8.75, 2.5], "texture": "#0"},
				"south": {"uv": [8.25, 0, 8.75, 2.5], "texture": "#0"},
				"west": {"uv": [8.25, 0, 8.75, 2.5], "texture": "#0"},
				"up": {"uv": [8.25, 0, 8.5, 0.25], "texture": "#0"},
				"down": {"uv": [0, 0, 1, 1], "texture": "#0"}
			}
		},
		{
			"from": [0, 9, 11.5],
			"to": [5, 14, 11.5],
			"rotation": {"angle": 0, "axis": "y", "origin": [-2, 4, 7.5]},
			"faces": {
				"north": {"uv": [9.75, 2.25, 11.75, 4.25], "texture": "#0"},
				"east": {"uv": [0, 15.25, 1.5, 16], "texture": "#0"},
				"south": {"uv": [11.75, 2.25, 9.75, 4.25], "texture": "#0"},
				"west": {"uv": [0, 15.5, 1.75, 16], "texture": "#0"},
				"up": {"uv": [0, 15.25, 2.5, 16], "texture": "#0"},
				"down": {"uv": [0, 15.5, 2, 16], "texture": "#0"}
			}
		},
		{
			"from": [7.5, 4, 2],
			"to": [8.5, 6, 14],
			"rotation": {"angle": 0, "axis": "y", "origin": [7.5, 4, 8]},
			"faces": {
				"north": {"uv": [4.5, 5.25, 5, 5.75], "texture": "#0"},
				"east": {"uv": [4.25, 6, 7.25, 6.5], "texture": "#0"},
				"south": {"uv": [4.5, 5.25, 5, 5.75], "texture": "#0"},
				"west": {"uv": [4.25, 6, 7.25, 6.5], "texture": "#0"},
				"up": {"uv": [4.25, 7, 4.75, 10], "texture": "#0"},
				"down": {"uv": [0, 0, 2, 12], "texture": "#0"}
			}
		}
	],
	"gui_light": "front",
	"display": {
		"thirdperson_righthand": {
			"rotation": [55.15, -7.09, -1.55],
			"translation": [2.25, 2, 1.25],
			"scale": [0.6, 0.6, 0.6]
		},
		"thirdperson_lefthand": {
			"rotation": [55.15, -7.09, -1.55],
			"translation": [2.25, 2, 1.25],
			"scale": [0.6, 0.6, 0.6]
		},
		"firstperson_righthand": {
			"rotation": [-180, 71.5, -180],
			"translation": [8.75, 0, -6.5],
			"scale": [0.44, 0.6, 0.6]
		},
		"firstperson_lefthand": {
			"rotation": [-180, 71.5, -180],
			"translation": [8.75, 0, -6.5],
			"scale": [0.44, 0.6, 0.6]
		},
		"ground": {
			"translation": [0, 7.5, 0]
		},
		"gui": {
			"rotation": [0, -180, 0],
			"translation": [0.25, -1, 0],
			"scale": [0.9, 0.9, 0.9]
		},
		"head": {
			"translation": [0, 17, -0.25],
			"scale": [1.4, 1.4, 1.4]
		},
		"fixed": {
			"rotation": [-90, 0, 0],
			"translation": [0, 0, -14.5],
			"scale": [1.8, 1.8, 1.8]
		}
	},
	"groups": [
		{
			"name": "group",
			"origin": [8, 8, 8],
			"color": 0,
			"children": [
				{
					"name": "group",
					"origin": [8, 0, 8],
					"color": 0,
					"children": [0, 1, 2, 3]
				},
				4,
				5,
				6,
				7,
				8,
				9,
				10,
				11,
				12
			]
		}
	]
}