{
	"credit": "by Hoffen _InkGhoul",
	"texture_size": [256, 256],
	"textures": {
		"0": "custom:item/painting/fisherman_grian_manifesting_destiny",
		"particle": "custom:item/painting/fisherman_grian_manifesting_destiny"
	},
	"elements": [
		{
			"from": [8, -16, -16],
			"to": [9, 32, 32],
			"rotation": {"angle": 0, "axis": "y", "origin": [8.5, 8, 8]},
			"faces": {
				"north": {"uv": [3.0625, 3, 3.125, 13], "texture": "#0"},
				"east": {"uv": [12.1875, 12.625, 12.5, 12.9375], "texture": "#0"},
				"south": {"uv": [3.0625, 3, 3.125, 13], "texture": "#0"},
				"west": {"uv": [3, 3, 13, 13], "texture": "#0"},
				"up": {"uv": [3.125, 3, 3.1875, 13], "texture": "#0"},
				"down": {"uv": [3.125, 13, 3.1875, 3], "texture": "#0"}
			}
		}
	],
	"gui_light": "front",
	"display": {
		"thirdperson_righthand": {
			"rotation": [17, 180, 0],
			"translation": [-1.25, -2.75, -1.25],
			"scale": [0.3, 0.3, 0.3]
		},
		"thirdperson_lefthand": {
			"rotation": [17, 0, 0],
			"translation": [-1.25, -2.75, -1.25],
			"scale": [0.3, 0.3, 0.3]
		},
		"firstperson_righthand": {
			"rotation": [-24.69, 88.09, 20.33],
			"translation": [8, 2.75, -9.25],
			"scale": [0.4, 0.4, 0.4]
		},
		"firstperson_lefthand": {
			"rotation": [139.14, -87.03, 141.67],
			"translation": [8, 2.75, -9.25],
			"scale": [0.4, 0.4, 0.4]
		},
		"ground": {
			"rotation": [0, 0, -84],
			"scale": [0.4, 0.4, 0.4]
		},
		"gui": {
			"rotation": [0, 85, 0],
			"scale": [0.4, 0.4, 0.4]
		},
		"head": {
			"rotation": [0, -94, -90],
			"translation": [0, 8.75, 0]
		},
		"fixed": {
			"rotation": [0, -90, 0],
			"translation": [0, 0, -1],
			"scale": [1, 3.25, 3.25]
		}
	},
	"groups": [
		{
			"name": "group",
			"origin": [8, 8, 8],
			"color": 0,
			"children": [0]
		}
	]
}