{
	"credit": "by Hoffen _InkGhoul",
	"texture_size": [32, 32],
	"textures": {
		"0": "custom:item/flower_crown",
		"particle": "custom:item/flower_crown"
	},
	"elements": [
		{
			"from": [13, 4, 3],
			"to": [13, 8, 13],
			"rotation": {"angle": 0, "axis": "y", "origin": [8, 6, 8]},
			"faces": {
				"north": {"uv": [0, 0, 0, 2], "texture": "#0"},
				"east": {"uv": [9, 3.5, 14, 5.5], "texture": "#0"},
				"south": {"uv": [0, 0, 0, 2], "texture": "#0"},
				"west": {"uv": [14, 3.5, 9, 5.5], "texture": "#0"},
				"up": {"uv": [0, 5, 0, 0], "texture": "#0"},
				"down": {"uv": [0, 0, 0, 5], "texture": "#0"}
			}
		},
		{
			"from": [3, 4, 3],
			"to": [13, 8, 3],
			"rotation": {"angle": 0, "axis": "y", "origin": [8, 6, 8]},
			"faces": {
				"north": {"uv": [9, 6, 14, 8], "texture": "#0"},
				"east": {"uv": [0, 0, 0, 2], "texture": "#0"},
				"south": {"uv": [14, 6, 9, 8], "texture": "#0"},
				"west": {"uv": [0, 0, 0, 2], "texture": "#0"},
				"up": {"uv": [5, 0, 0, 0], "texture": "#0"},
				"down": {"uv": [5, 0, 0, 0], "texture": "#0"}
			}
		},
		{
			"from": [3, 4, 13],
			"to": [13, 8, 13],
			"rotation": {"angle": 0, "axis": "y", "origin": [8, 6, 8]},
			"faces": {
				"north": {"uv": [14, 6, 9, 8], "texture": "#0"},
				"east": {"uv": [0, 0, 0, 2], "texture": "#0"},
				"south": {"uv": [9, 6, 14, 8], "texture": "#0"},
				"west": {"uv": [0, 0, 0, 2], "texture": "#0"},
				"up": {"uv": [5, 0, 0, 0], "texture": "#0"},
				"down": {"uv": [5, 0, 0, 0], "texture": "#0"}
			}
		},
		{
			"from": [3, 4, 3],
			"to": [3, 8, 13],
			"rotation": {"angle": 0, "axis": "y", "origin": [8, 6, 8]},
			"faces": {
				"north": {"uv": [0, 0, 0, 2], "texture": "#0"},
				"east": {"uv": [14, 3.5, 9, 5.5], "texture": "#0"},
				"south": {"uv": [0, 0, 0, 2], "texture": "#0"},
				"west": {"uv": [9, 3.5, 14, 5.5], "texture": "#0"},
				"up": {"uv": [0, 5, 0, 0], "texture": "#0"},
				"down": {"uv": [0, 0, 0, 5], "texture": "#0"}
			}
		},
		{
			"from": [1.5, 3.5, 2.5],
			"to": [14.5, 8.5, 2.5],
			"rotation": {"angle": 0, "axis": "z", "origin": [8, 6, 8]},
			"faces": {
				"north": {"uv": [1.5, 6.25, 7.5, 8.5], "texture": "#0"},
				"east": {"uv": [0, 0, 0, 2.5], "texture": "#0"},
				"south": {"uv": [7.5, 6, 1, 8.5], "texture": "#0"},
				"west": {"uv": [0, 0, 0, 2.5], "texture": "#0"},
				"up": {"uv": [6.5, 0, 0, 0], "texture": "#0"},
				"down": {"uv": [6.5, 0, 0, 0], "texture": "#0"}
			}
		},
		{
			"from": [2.5, 3.5, 1.5],
			"to": [2.5, 8.5, 14.5],
			"rotation": {"angle": 0, "axis": "z", "origin": [8, 6, 8]},
			"faces": {
				"north": {"uv": [0, 0, 0, 2.5], "texture": "#0"},
				"east": {"uv": [7.5, 3, 1, 5.5], "texture": "#0"},
				"south": {"uv": [0, 0, 0, 2.5], "texture": "#0"},
				"west": {"uv": [1, 3, 7.5, 5.5], "texture": "#0"},
				"up": {"uv": [0, 6.5, 0, 0], "texture": "#0"},
				"down": {"uv": [0, 0, 0, 6.5], "texture": "#0"}
			}
		},
		{
			"from": [13.5, 3.5, 1.5],
			"to": [13.5, 8.5, 14.5],
			"rotation": {"angle": 0, "axis": "z", "origin": [8, 6, 8]},
			"faces": {
				"north": {"uv": [0, 0, 0, 2.5], "texture": "#0"},
				"east": {"uv": [1, 3, 7.5, 5.5], "texture": "#0"},
				"south": {"uv": [0, 0, 0, 2.5], "texture": "#0"},
				"west": {"uv": [7.5, 3, 1, 5.5], "texture": "#0"},
				"up": {"uv": [0, 6.5, 0, 0], "texture": "#0"},
				"down": {"uv": [0, 0, 0, 6.5], "texture": "#0"}
			}
		},
		{
			"from": [1.5, 3.5, 13.5],
			"to": [14.5, 8.5, 13.5],
			"rotation": {"angle": 0, "axis": "z", "origin": [8, 6, 8]},
			"faces": {
				"north": {"uv": [7.5, 6, 1, 8.5], "texture": "#0"},
				"east": {"uv": [0, 0, 0, 2.5], "texture": "#0"},
				"south": {"uv": [1, 6.25, 7.5, 8.5], "texture": "#0"},
				"west": {"uv": [0, 0, 0, 2.5], "texture": "#0"},
				"up": {"uv": [6.5, 0, 0, 0], "texture": "#0"},
				"down": {"uv": [6.5, 0, 0, 0], "texture": "#0"}
			}
		}
	],
	"gui_light": "front",
	"display": {
		"thirdperson_righthand": {
			"rotation": [73.25, 15.26, -66.49],
			"translation": [4, -2, -2.5],
			"scale": [0.9, 0.9, 0.9]
		},
		"thirdperson_lefthand": {
			"rotation": [73.25, 15.26, -66.49],
			"translation": [4, -2, -2.5],
			"scale": [0.9, 0.9, 0.9]
		},
		"firstperson_righthand": {
			"rotation": [91.04, 52.19, -133.81],
			"translation": [1.75, 0.75, 0],
			"scale": [0.7, 0.7, 0.7]
		},
		"firstperson_lefthand": {
			"rotation": [91.04, 52.19, -133.81],
			"translation": [1.75, 0.75, 0],
			"scale": [0.7, 0.7, 0.7]
		},
		"ground": {
			"translation": [0, 2.25, 0]
		},
		"gui": {
			"rotation": [26.25, 21.93, 13.44],
			"translation": [-0.75, 1.5, 0]
		},
		"head": {
			"rotation": [7, 0, -4.25],
			"translation": [0.25, 6.25, 0.25],
			"scale": [1.5, 1.5, 1.5]
		},
		"fixed": {
			"rotation": [-90, 0, 0],
			"translation": [0, 0, -6.75],
			"scale": [1.55, 1.55, 1.55]
		}
	},
	"groups": [
		{
			"name": "group",
			"origin": [8, 8, 8],
			"color": 0,
			"children": [
				0,
				1,
				2,
				3,
				{
					"name": "group",
					"origin": [6.5, 2, 6.5],
					"color": 0,
					"children": [4, 5, 6, 7]
				}
			]
		}
	]
}