{
	"format_version": "1.21.6",
	"credit": "Made with Blockbench",
	"texture_size": [64, 64],
	"textures": {
		"0": "custom:item/ghasketball_trophy",
		"particle": "custom:item/ghasketball_trophy"
	},
	"elements": [
		{
			"from": [0, 0, 1],
			"to": [16, 3, 15],
			"faces": {
				"north": {"uv": [0, 7, 4, 7.75], "texture": "#0"},
				"east": {"uv": [0, 8.5, 3.5, 9.25], "texture": "#0"},
				"south": {"uv": [0, 7.75, 4, 8.5], "texture": "#0"},
				"west": {"uv": [0, 9.25, 3.5, 10], "texture": "#0"},
				"up": {"uv": [4, 3.5, 0, 0], "texture": "#0"},
				"down": {"uv": [4, 3.5, 0, 7], "texture": "#0"}
			}
		},
		{
			"from": [13, 3, 4],
			"to": [15, 8, 12],
			"rotation": {"angle": 45, "axis": "z", "origin": [15, 3, 3]},
			"faces": {
				"north": {"uv": [2, 10, 2.5, 11.25], "texture": "#0"},
				"east": {"uv": [0, 11.25, 2, 12.5], "texture": "#0"},
				"south": {"uv": [2.5, 10, 3, 11.25], "texture": "#0"},
				"west": {"uv": [0, 10, 2, 11.25], "texture": "#0"},
				"up": {"uv": [3.5, 10, 4, 12], "texture": "#0"},
				"down": {"uv": [3, 10, 3.5, 12], "texture": "#0"}
			}
		},
		{
			"from": [1, 3, 4],
			"to": [3, 8, 12],
			"rotation": {"angle": -45, "axis": "z", "origin": [1, 3, 3]},
			"faces": {
				"north": {"uv": [2.5, 10, 2, 11.25], "texture": "#0"},
				"east": {"uv": [2, 10, 0, 11.25], "texture": "#0"},
				"south": {"uv": [3, 10, 2.5, 11.25], "texture": "#0"},
				"west": {"uv": [2, 11.25, 0, 12.5], "texture": "#0"},
				"up": {"uv": [4, 10, 3.5, 12], "texture": "#0"},
				"down": {"uv": [3.5, 10, 3, 12], "texture": "#0"}
			}
		},
		{
			"from": [3, 3, 3],
			"to": [13, 13, 13],
			"rotation": {"angle": 0, "axis": "y", "origin": [7, 2, 6]},
			"faces": {
				"north": {"uv": [4, 6, 6.5, 8.5], "texture": "#0"},
				"east": {"uv": [4, 8.5, 6.5, 11], "texture": "#0"},
				"south": {"uv": [6.5, 8.5, 9, 11], "texture": "#0"},
				"west": {"uv": [6.5, 6, 9, 8.5], "texture": "#0"},
				"up": {"uv": [11.5, 11, 9, 8.5], "texture": "#0"},
				"down": {"uv": [3.25, 0.5, 0.75, 3], "texture": "#0"}
			}
		},
		{
			"from": [2, 14, 2],
			"to": [14, 26, 14],
			"rotation": {"angle": 0, "axis": "y", "origin": [9, 14, 0]},
			"faces": {
				"north": {"uv": [4, 0, 7, 3], "texture": "#0"},
				"east": {"uv": [4, 3, 7, 6], "texture": "#0"},
				"south": {"uv": [10, 0, 13, 3], "texture": "#0"},
				"west": {"uv": [10, 3, 13, 6], "texture": "#0"},
				"up": {"uv": [10, 3, 7, 0], "texture": "#0"},
				"down": {"uv": [10, 3, 7, 6], "texture": "#0"}
			}
		},
		{
			"from": [2, 10, 10],
			"to": [4, 16, 12],
			"rotation": {"angle": -45, "axis": "z", "origin": [2, 14, 10]},
			"faces": {
				"north": {"uv": [9.5, 6, 10, 7.5], "texture": "#0"},
				"east": {"uv": [11, 6, 11.5, 7.5], "texture": "#0"},
				"south": {"uv": [9, 6, 9.5, 7.5], "texture": "#0"},
				"west": {"uv": [10.5, 6, 11, 7.5], "texture": "#0"},
				"up": {"uv": [10.5, 7, 10, 6.5], "texture": "#0"},
				"down": {"uv": [10.5, 6, 10, 6.5], "texture": "#0"}
			}
		},
		{
			"from": [12, 10, 10],
			"to": [14, 16, 12],
			"rotation": {"angle": 45, "axis": "z", "origin": [14, 14, 10]},
			"faces": {
				"north": {"uv": [9.5, 6, 10, 7.5], "texture": "#0"},
				"east": {"uv": [11, 6, 11.5, 7.5], "texture": "#0"},
				"south": {"uv": [9, 6, 9.5, 7.5], "texture": "#0"},
				"west": {"uv": [10.5, 6, 11, 7.5], "texture": "#0"},
				"up": {"uv": [10.5, 7, 10, 6.5], "texture": "#0"},
				"down": {"uv": [10.5, 6, 10, 6.5], "texture": "#0"}
			}
		},
		{
			"from": [2, 10, 5],
			"to": [4, 16, 7],
			"rotation": {"angle": -45, "axis": "z", "origin": [2, 14, 5]},
			"faces": {
				"north": {"uv": [9.5, 6, 10, 7.5], "texture": "#0"},
				"east": {"uv": [11, 6, 11.5, 7.5], "texture": "#0"},
				"south": {"uv": [9, 6, 9.5, 7.5], "texture": "#0"},
				"west": {"uv": [10.5, 6, 11, 7.5], "texture": "#0"},
				"up": {"uv": [10.5, 7, 10, 6.5], "texture": "#0"},
				"down": {"uv": [10.5, 6, 10, 6.5], "texture": "#0"}
			}
		},
		{
			"from": [4, 10, 2],
			"to": [6, 16, 4],
			"rotation": {"angle": 22.5, "axis": "x", "origin": [4, 14, 2]},
			"faces": {
				"north": {"uv": [9.5, 6, 10, 7.5], "texture": "#0"},
				"east": {"uv": [11, 6, 11.5, 7.5], "texture": "#0"},
				"south": {"uv": [9, 6, 9.5, 7.5], "texture": "#0"},
				"west": {"uv": [10.5, 6, 11, 7.5], "texture": "#0"},
				"up": {"uv": [10.5, 7, 10, 6.5], "texture": "#0"},
				"down": {"uv": [10.5, 6, 10, 6.5], "texture": "#0"}
			}
		},
		{
			"from": [10, 10, 2],
			"to": [12, 16, 4],
			"rotation": {"angle": 22.5, "axis": "x", "origin": [12, 14, 2]},
			"faces": {
				"north": {"uv": [9, 6, 9.5, 7.5], "texture": "#0"},
				"east": {"uv": [9.5, 6, 10, 7.5], "texture": "#0"},
				"south": {"uv": [10, 6, 10.5, 7.5], "texture": "#0"},
				"west": {"uv": [10.5, 6, 11, 7.5], "texture": "#0"},
				"up": {"uv": [10.5, 7, 10, 6.5], "texture": "#0"},
				"down": {"uv": [10.5, 6, 10, 6.5], "texture": "#0"}
			}
		},
		{
			"from": [4, 10, 12],
			"to": [6, 16, 14],
			"rotation": {"angle": -22.5, "axis": "x", "origin": [4, 14, 14]},
			"faces": {
				"north": {"uv": [9.5, 6, 10, 7.5], "texture": "#0"},
				"east": {"uv": [11, 6, 11.5, 7.5], "texture": "#0"},
				"south": {"uv": [9, 6, 9.5, 7.5], "texture": "#0"},
				"west": {"uv": [10.5, 6, 11, 7.5], "texture": "#0"},
				"up": {"uv": [10.5, 7, 10, 6.5], "texture": "#0"},
				"down": {"uv": [10.5, 6, 10, 6.5], "texture": "#0"}
			}
		},
		{
			"from": [10, 10, 12],
			"to": [12, 16, 14],
			"rotation": {"angle": -22.5, "axis": "x", "origin": [12, 14, 14]},
			"faces": {
				"north": {"uv": [9.5, 6, 10, 7.5], "texture": "#0"},
				"east": {"uv": [11, 6, 11.5, 7.5], "texture": "#0"},
				"south": {"uv": [9, 6, 9.5, 7.5], "texture": "#0"},
				"west": {"uv": [10.5, 6, 11, 7.5], "texture": "#0"},
				"up": {"uv": [10.5, 7, 10, 6.5], "texture": "#0"},
				"down": {"uv": [10.5, 6, 10, 6.5], "texture": "#0"}
			}
		},
		{
			"from": [12, 10, 5],
			"to": [14, 16, 7],
			"rotation": {"angle": 45, "axis": "z", "origin": [14, 14, 5]},
			"faces": {
				"north": {"uv": [9.5, 6, 10, 7.5], "texture": "#0"},
				"east": {"uv": [11, 6, 11.5, 7.5], "texture": "#0"},
				"south": {"uv": [9, 6, 9.5, 7.5], "texture": "#0"},
				"west": {"uv": [10.5, 6, 11, 7.5], "texture": "#0"},
				"up": {"uv": [10.5, 7, 10, 6.5], "texture": "#0"},
				"down": {"uv": [10.5, 6, 10, 6.5], "texture": "#0"}
			}
		}
	],
	"display": {
		"thirdperson_righthand": {
			"rotation": [39.25, -32, 0],
			"scale": [0.75, 0.75, 0.75]
		},
		"thirdperson_lefthand": {
			"rotation": [43, -38, 0],
			"scale": [0.75, 0.75, 0.75]
		},
		"firstperson_righthand": {
			"rotation": [132.69, 60.9, -128.86],
			"translation": [2.5, 0.75, 0],
			"scale": [0.5, 0.5, 0.5]
		},
		"firstperson_lefthand": {
			"rotation": [132.53, 61.8, -136.71],
			"translation": [3.5, 1, 0],
			"scale": [0.5, 0.5, 0.5]
		},
		"ground": {
			"rotation": [92.29, 57.49, -109],
			"translation": [0, 3.75, 0]
		},
		"gui": {
			"rotation": [-180, -17, -180],
			"translation": [0, -3, 0],
			"scale": [0.6, 0.6, 0.6]
		},
		"head": {
			"rotation": [14.5, 0, 0],
			"translation": [0, 14, 1.75],
			"scale": [1.25, 1.25, 1.25]
		},
		"fixed": {
			"rotation": [-90, 0, 0],
			"translation": [0, 0, -16],
			"scale": [2, 2, 2]
		}
	},
	"groups": [
		{
			"name": "base",
			"origin": [0, 0, 0],
			"color": 0,
			"children": [0, 1, 2]
		},
		3,
		{
			"name": "ghast",
			"origin": [9, 14, 0],
			"color": 0,
			"children": [4, 5, 6, 7, 8, 9, 10, 11, 12]
		}
	]
}