{
	"credit": "Made with Blockbench",
	"texture_size": [32, 32],
	"textures": {
		"0": "custom:item/glasses",
		"particle": "custom:item/glasses"
	},
	"elements": [
		{
			"from": [1.5, 2, 5],
			"to": [2.5, 4, 9],
			"faces": {
				"north": {"uv": [2, 8, 2.5, 9], "texture": "#0"},
				"east": {"uv": [0, 8, 2, 9], "texture": "#0"},
				"south": {"uv": [4.5, 8, 5, 9], "texture": "#0"},
				"west": {"uv": [2.5, 8, 4.5, 9], "texture": "#0"},
				"up": {"uv": [2.5, 8, 2, 6], "texture": "#0"},
				"down": {"uv": [3, 6, 2.5, 8], "texture": "#0"}
			}
		},
		{
			"from": [13.5, 2, 5],
			"to": [14.5, 4, 9],
			"faces": {
				"north": {"uv": [7, 6, 7.5, 7], "texture": "#0"},
				"east": {"uv": [5, 6, 7, 7], "texture": "#0"},
				"south": {"uv": [9.5, 6, 10, 7], "texture": "#0"},
				"west": {"uv": [7.5, 6, 9.5, 7], "texture": "#0"},
				"up": {"uv": [7.5, 6, 7, 4], "texture": "#0"},
				"down": {"uv": [8, 4, 7.5, 6], "texture": "#0"}
			}
		},
		{
			"from": [9.5, 0, 3],
			"to": [14.5, 2, 5],
			"faces": {
				"north": {"uv": [1, 5, 3.5, 6], "texture": "#0"},
				"east": {"uv": [0, 5, 1, 6], "texture": "#0"},
				"south": {"uv": [4.5, 5, 7, 6], "texture": "#0"},
				"west": {"uv": [3.5, 5, 4.5, 6], "texture": "#0"},
				"up": {"uv": [3.5, 5, 1, 4], "texture": "#0"},
				"down": {"uv": [6, 4, 3.5, 5], "texture": "#0"}
			}
		},
		{
			"from": [1.5, 0, 3],
			"to": [6.5, 2, 5],
			"faces": {
				"north": {"uv": [1, 3, 3.5, 4], "texture": "#0"},
				"east": {"uv": [0, 3, 1, 4], "texture": "#0"},
				"south": {"uv": [4.5, 3, 7, 4], "texture": "#0"},
				"west": {"uv": [3.5, 3, 4.5, 4], "texture": "#0"},
				"up": {"uv": [3.5, 3, 1, 2], "texture": "#0"},
				"down": {"uv": [6, 2, 3.5, 3], "texture": "#0"}
			}
		},
		{
			"from": [1.5, 2, 3],
			"to": [14.5, 4, 5],
			"faces": {
				"north": {"uv": [1, 1, 7.5, 2], "texture": "#0"},
				"east": {"uv": [0, 1, 1, 2], "texture": "#0"},
				"south": {"uv": [8.5, 1, 15, 2], "texture": "#0"},
				"west": {"uv": [7.5, 1, 8.5, 2], "texture": "#0"},
				"up": {"uv": [7.5, 1, 1, 0], "texture": "#0"},
				"down": {"uv": [14, 0, 7.5, 1], "texture": "#0"}
			}
		}
	],
	"display": {
		"thirdperson_righthand": {
			"rotation": [39.24, 0.29, -0.11],
			"translation": [-3.25, 1.5, 2.5],
			"scale": [0.55, 0.55, 0.55]
		},
		"thirdperson_lefthand": {
			"rotation": [39.24, 0.29, -0.11],
			"translation": [-3.25, 1.5, 2.5],
			"scale": [0.55, 0.55, 0.55]
		},
		"firstperson_righthand": {
			"translation": [0, 4.5, 0]
		},
		"firstperson_lefthand": {
			"translation": [0, 3.5, 0]
		},
		"ground": {
			"translation": [0, 5.25, 0]
		},
		"gui": {
			"rotation": [-156.25, 51, -180],
			"translation": [1.5, 6.25, 0]
		},
		"head": {
			"translation": [0, 5.75, -2.25]
		},
		"fixed": {
			"translation": [0, 6.5, 0]
		}
	}
}