{
	"credit": "Made with Blockbench",
	"textures": {
		"0": "custom:item/glasses2",
		"particle": "custom:item/glasses2"
	},
	"elements": [
		{
			"from": [7, 1, 1.5],
			"to": [9, 2, 1.5],
			"faces": {
				"north": {"uv": [7, 1, 9, 2], "texture": "#0"},
				"east": {"uv": [0, 0, 0, 1], "texture": "#0"},
				"south": {"uv": [7, 2, 9, 3], "texture": "#0"},
				"west": {"uv": [0, 0, 0, 1], "texture": "#0"},
				"up": {"uv": [2, 0, 0, 0], "texture": "#0"},
				"down": {"uv": [2, 0, 0, 0], "texture": "#0"}
			}
		},
		{
			"from": [4, 0, 1],
			"to": [7, 3, 2],
			"faces": {
				"north": {"uv": [0, 0, 3, 3], "texture": "#0"},
				"east": {"uv": [0, 6, 1, 9], "texture": "#0"},
				"south": {"uv": [0, 3, 3, 6], "texture": "#0"},
				"west": {"uv": [6, 0, 7, 3], "texture": "#0"},
				"up": {"uv": [4, 7, 1, 6], "texture": "#0"},
				"down": {"uv": [9, 3, 6, 4], "texture": "#0"}
			}
		},
		{
			"from": [9, 0, 1],
			"to": [12, 3, 2],
			"faces": {
				"north": {"uv": [3, 0, 6, 3], "texture": "#0"},
				"east": {"uv": [4, 6, 5, 9], "texture": "#0"},
				"south": {"uv": [3, 3, 6, 6], "texture": "#0"},
				"west": {"uv": [6, 4, 7, 7], "texture": "#0"},
				"up": {"uv": [10, 1, 7, 0], "texture": "#0"},
				"down": {"uv": [4, 7, 1, 8], "texture": "#0"}
			}
		}
	],
	"display": {
		"thirdperson_righthand": {
			"translation": [0, 3, 3],
			"scale": [0.55, 0.55, 0.55]
		},
		"thirdperson_lefthand": {
			"translation": [0, 3, 3],
			"scale": [0.55, 0.55, 0.55]
		},
		"ground": {
			"translation": [0, 9.25, 6.25]
		},
		"gui": {
			"rotation": [-152.75, 29.25, 180],
			"translation": [3.75, 8.5, 0]
		},
		"head": {
			"translation": [0, 9.25, 3],
			"scale": [1.52148, 1.52148, 1.52148]
		},
		"fixed": {
			"translation": [0, 12, 12.75],
			"scale": [1.82617, 1.86133, 1.86133]
		}
	}
}