{
	"credit": "by Hoffen _InkGhoul",
	"textures": {
		"0": "custom:item/googly_eyes",
		"1": "custom:item/name_tag",
		"particle": "custom:item/googly_eyes"
	},
	"elements": [
		{
			"from": [2, 0, 7.45],
			"to": [5, 1, 8.45],
			"rotation": {"angle": 0, "axis": "y", "origin": [7.5, 7, 8.475]},
			"faces": {
				"north": {"uv": [2, 15, 5, 16], "texture": "#1"},
				"east": {"uv": [4, 15, 5, 16], "texture": "#1"},
				"south": {"uv": [2, 15, 5, 16], "texture": "#1"},
				"west": {"uv": [2, 15, 3, 16], "texture": "#1"},
				"up": {"uv": [0, 0, 3, 1], "rotation": 180, "texture": "#1"},
				"down": {"uv": [2, 15, 5, 16], "rotation": 180, "texture": "#1"}
			}
		},
		{
			"from": [1, 1, 7.45],
			"to": [6, 6, 8.45],
			"rotation": {"angle": 0, "axis": "y", "origin": [7.5, 7, 8.475]},
			"faces": {
				"north": {"uv": [6, 10, 1, 15], "texture": "#1"},
				"east": {"uv": [5, 10, 6, 15], "texture": "#1"},
				"south": {"uv": [1, 10, 6, 15], "texture": "#1"},
				"west": {"uv": [1, 10, 2, 15], "texture": "#1"},
				"up": {"uv": [6, 10, 1, 11], "rotation": 180, "texture": "#1"},
				"down": {"uv": [6, 14, 1, 15], "rotation": 180, "texture": "#1"}
			}
		},
		{
			"from": [2, 6, 7.45],
			"to": [6, 7, 8.45],
			"rotation": {"angle": 0, "axis": "y", "origin": [7.5, 7, 8.475]},
			"faces": {
				"north": {"uv": [6, 9, 2, 10], "texture": "#1"},
				"east": {"uv": [0, 0, 1, 1], "texture": "#1"},
				"south": {"uv": [2, 9, 6, 10], "texture": "#1"},
				"west": {"uv": [1, 10, 2, 11], "texture": "#1"},
				"up": {"uv": [5, 10, 1, 11], "rotation": 180, "texture": "#1"},
				"down": {"uv": [0, 0, 4, 1], "rotation": 180, "texture": "#1"}
			}
		},
		{
			"from": [3, 7, 7.45],
			"to": [6, 8, 8.45],
			"rotation": {"angle": 0, "axis": "y", "origin": [7.5, 7, 8.475]},
			"faces": {
				"north": {"uv": [6, 8, 3, 9], "texture": "#1"},
				"east": {"uv": [0, 0, 1, 1], "texture": "#1"},
				"south": {"uv": [3, 8, 6, 9], "texture": "#1"},
				"west": {"uv": [2, 9, 3, 10], "texture": "#1"},
				"up": {"uv": [5, 9, 2, 10], "rotation": 180, "texture": "#1"},
				"down": {"uv": [0, 0, 3, 1], "rotation": 180, "texture": "#1"}
			}
		},
		{
			"from": [4, 8, 7.45],
			"to": [6, 9, 8.45],
			"rotation": {"angle": 0, "axis": "y", "origin": [7.5, 7, 8.475]},
			"faces": {
				"north": {"uv": [6, 7, 4, 8], "texture": "#1"},
				"east": {"uv": [0, 0, 1, 1], "texture": "#1"},
				"south": {"uv": [4, 7, 6, 8], "texture": "#1"},
				"west": {"uv": [3, 8, 4, 9], "texture": "#1"},
				"up": {"uv": [5, 8, 3, 9], "rotation": 180, "texture": "#1"},
				"down": {"uv": [0, 0, 2, 1], "rotation": 180, "texture": "#1"}
			}
		},
		{
			"from": [5, 9, 7.45],
			"to": [6, 10, 8.45],
			"rotation": {"angle": 0, "axis": "y", "origin": [7.5, 7, 8.475]},
			"faces": {
				"north": {"uv": [5, 6, 6, 7], "texture": "#1"},
				"east": {"uv": [0, 0, 1, 1], "texture": "#1"},
				"south": {"uv": [5, 6, 6, 7], "texture": "#1"},
				"west": {"uv": [5, 6, 6, 7], "texture": "#1"},
				"up": {"uv": [4, 7, 5, 8], "rotation": 180, "texture": "#1"},
				"down": {"uv": [0, 0, 1, 1], "rotation": 180, "texture": "#1"}
			}
		},
		{
			"from": [0, 2, 7.45],
			"to": [1, 5, 8.45],
			"rotation": {"angle": 0, "axis": "y", "origin": [7.5, 7, 8.475]},
			"faces": {
				"north": {"uv": [0, 11, 1, 14], "texture": "#1"},
				"east": {"uv": [0, 0, 1, 3], "texture": "#1"},
				"south": {"uv": [0, 11, 1, 14], "texture": "#1"},
				"west": {"uv": [0, 11, 1, 14], "texture": "#1"},
				"up": {"uv": [0, 11, 1, 12], "rotation": 180, "texture": "#1"},
				"down": {"uv": [0, 13, 1, 14], "rotation": 180, "texture": "#1"}
			}
		},
		{
			"from": [6, 2, 7.45],
			"to": [7, 11, 8.45],
			"rotation": {"angle": 0, "axis": "y", "origin": [7.5, 7, 8.475]},
			"faces": {
				"north": {"uv": [6, 5, 7, 14], "texture": "#1"},
				"east": {"uv": [6, 5, 7, 14], "texture": "#1"},
				"south": {"uv": [6, 5, 7, 14], "texture": "#1"},
				"west": {"uv": [6, 5, 7, 14], "texture": "#1"},
				"up": {"uv": [5, 7, 6, 6], "rotation": 180, "texture": "#1"},
				"down": {"uv": [6, 13, 7, 14], "rotation": 180, "texture": "#1"}
			}
		},
		{
			"from": [7, 3, 7.45],
			"to": [8, 12, 8.45],
			"rotation": {"angle": 0, "axis": "y", "origin": [7.5, 7, 8.475]},
			"faces": {
				"north": {"uv": [7, 4, 8, 13], "texture": "#1"},
				"east": {"uv": [7, 4, 8, 13], "texture": "#1"},
				"south": {"uv": [7, 4, 8, 13], "texture": "#1"},
				"west": {"uv": [7, 4, 8, 13], "texture": "#1"},
				"up": {"uv": [5, 6, 6, 7], "rotation": 180, "texture": "#1"},
				"down": {"uv": [7, 12, 8, 13], "rotation": 180, "texture": "#1"}
			}
		},
		{
			"from": [8, 4, 7.45],
			"to": [9, 12, 8.45],
			"rotation": {"angle": 0, "axis": "y", "origin": [7.5, 7, 8.475]},
			"faces": {
				"north": {"uv": [8, 4, 9, 12], "texture": "#1"},
				"east": {"uv": [8, 4, 9, 12], "texture": "#1"},
				"south": {"uv": [8, 4, 9, 12], "texture": "#1"},
				"west": {"uv": [0, 0, 1, 8], "texture": "#1"},
				"up": {"uv": [8, 4, 9, 5], "rotation": 180, "texture": "#1"},
				"down": {"uv": [8, 11, 9, 12], "rotation": 180, "texture": "#1"}
			}
		},
		{
			"from": [9, 5, 7.45],
			"to": [10, 14, 8.45],
			"rotation": {"angle": 0, "axis": "y", "origin": [7.5, 7, 8.475]},
			"faces": {
				"north": {"uv": [9, 2, 10, 11], "texture": "#1"},
				"east": {"uv": [9, 2, 10, 11], "texture": "#1"},
				"south": {"uv": [9, 2, 10, 11], "texture": "#1"},
				"west": {"uv": [9, 2, 10, 11], "texture": "#1"},
				"up": {"uv": [10, 2, 9, 3], "rotation": 180, "texture": "#1"},
				"down": {"uv": [9, 10, 10, 11], "rotation": 180, "texture": "#1"}
			}
		},
		{
			"from": [10, 6, 7.45],
			"to": [11, 15, 8.45],
			"rotation": {"angle": 0, "axis": "y", "origin": [7.5, 7, 8.475]},
			"faces": {
				"north": {"uv": [10, 1, 11, 10], "texture": "#1"},
				"east": {"uv": [10, 1, 11, 10], "texture": "#1"},
				"south": {"uv": [10, 1, 11, 10], "texture": "#1"},
				"west": {"uv": [10, 1, 11, 10], "texture": "#1"},
				"up": {"uv": [10, 1, 11, 2], "rotation": 180, "texture": "#1"},
				"down": {"uv": [10, 9, 11, 10], "rotation": 180, "texture": "#1"}
			}
		},
		{
			"from": [11, 12, 7.45],
			"to": [14, 15, 8.45],
			"rotation": {"angle": 0, "axis": "y", "origin": [7.5, 7, 8.475]},
			"faces": {
				"north": {"uv": [14, 1, 11, 4], "texture": "#1"},
				"east": {"uv": [14, 2, 15, 5], "texture": "#1"},
				"south": {"uv": [11, 1, 14, 4], "texture": "#1"},
				"west": {"uv": [0, 0, 1, 3], "texture": "#1"},
				"up": {"uv": [14, 1, 11, 2], "rotation": 180, "texture": "#1"},
				"down": {"uv": [11, 3, 14, 4], "rotation": 180, "texture": "#1"}
			}
		},
		{
			"from": [11, 8, 7.45],
			"to": [14, 9, 8.45],
			"rotation": {"angle": 0, "axis": "y", "origin": [7.5, 7, 8.475]},
			"faces": {
				"north": {"uv": [14, 7, 11, 8], "texture": "#1"},
				"east": {"uv": [13, 7, 14, 8], "texture": "#1"},
				"south": {"uv": [11, 7, 14, 8], "texture": "#1"},
				"west": {"uv": [0, 0, 1, 2], "texture": "#1"},
				"up": {"uv": [14, 8, 11, 7], "rotation": 180, "texture": "#1"},
				"down": {"uv": [14, 7, 11, 8], "rotation": 180, "texture": "#1"}
			}
		},
		{
			"from": [11, 9, 7.45],
			"to": [12, 10, 8.45],
			"rotation": {"angle": 0, "axis": "y", "origin": [7.5, 7, 8.475]},
			"faces": {
				"north": {"uv": [11, 6, 12, 7], "texture": "#1"},
				"east": {"uv": [11, 6, 12, 8], "texture": "#1"},
				"south": {"uv": [11, 7, 12, 8], "texture": "#1"},
				"west": {"uv": [0, 0, 1, 2], "texture": "#1"},
				"up": {"uv": [11, 6, 12, 7], "rotation": 180, "texture": "#1"},
				"down": {"uv": [0, 0, 3, 1], "rotation": 180, "texture": "#1"}
			}
		},
		{
			"from": [13, 9, 7.45],
			"to": [14, 12, 8.45],
			"rotation": {"angle": 0, "axis": "y", "origin": [7.5, 7, 8.475]},
			"faces": {
				"north": {"uv": [13, 4, 14, 7], "texture": "#1"},
				"east": {"uv": [0, 0, 1, 2], "texture": "#1"},
				"south": {"uv": [13, 4, 14, 7], "texture": "#1"},
				"west": {"uv": [13, 4, 14, 7], "texture": "#1"},
				"up": {"uv": [0, 0, 1, 1], "rotation": 180, "texture": "#1"},
				"down": {"uv": [0, 0, 1, 1], "rotation": 180, "texture": "#1"}
			}
		},
		{
			"from": [14, 9, 7.45],
			"to": [15, 14, 8.45],
			"rotation": {"angle": 0, "axis": "y", "origin": [7.5, 7, 8.475]},
			"faces": {
				"north": {"uv": [14, 2, 15, 7], "texture": "#1"},
				"east": {"uv": [14, 2, 15, 7], "texture": "#1"},
				"south": {"uv": [14, 2, 15, 7], "texture": "#1"},
				"west": {"uv": [0, 0, 1, 5], "texture": "#1"},
				"up": {"uv": [14, 2, 15, 3], "rotation": 180, "texture": "#1"},
				"down": {"uv": [14, 6, 15, 7], "rotation": 180, "texture": "#1"}
			}
		},
		{
			"from": [11, 7, 7.45],
			"to": [13, 8, 8.45],
			"rotation": {"angle": 0, "axis": "y", "origin": [7.5, 7, 8.475]},
			"faces": {
				"north": {"uv": [13, 8, 11, 9], "texture": "#1"},
				"east": {"uv": [12, 8, 13, 9], "texture": "#1"},
				"south": {"uv": [11, 8, 13, 9], "texture": "#1"},
				"west": {"uv": [0, 0, 1, 1], "texture": "#1"},
				"up": {"uv": [0, 0, 2, 1], "rotation": 180, "texture": "#1"},
				"down": {"uv": [13, 8, 11, 9], "rotation": 180, "texture": "#1"}
			}
		},
		{
			"from": [3.59, 8.63, 7.1495],
			"to": [8.45, 13.49, 8.7695],
			"rotation": {"angle": 0, "axis": "y", "origin": [8.45, 9.44, 8.38475]},
			"faces": {
				"north": {"uv": [12, 0, 0, 12], "texture": "#0"},
				"east": {"uv": [11, 0, 12, 12], "texture": "#0"},
				"south": {"uv": [0, 0, 12, 12], "texture": "#0"},
				"west": {"uv": [0, 0, 1, 12], "texture": "#0"},
				"up": {"uv": [12, 0, 0, 1], "rotation": 180, "texture": "#0"},
				"down": {"uv": [12, 11, 0, 12], "rotation": 180, "texture": "#0"}
			}
		},
		{
			"from": [8.45, 3.041, 7.1495],
			"to": [13.31, 7.901, 8.7695],
			"rotation": {"angle": 0, "axis": "y", "origin": [7.64, 6.281, 8.38475]},
			"faces": {
				"north": {"uv": [12, 0, 0, 12], "texture": "#0"},
				"east": {"uv": [11, 0, 12, 12], "texture": "#0"},
				"south": {"uv": [0, 0, 12, 12], "texture": "#0"},
				"west": {"uv": [0, 0, 1, 12], "texture": "#0"},
				"up": {"uv": [12, 0, 0, 1], "rotation": 180, "texture": "#0"},
				"down": {"uv": [12, 11, 0, 12], "rotation": 180, "texture": "#0"}
			}
		}
	],
	"gui_light": "front",
	"display": {
		"thirdperson_righthand": {
			"rotation": [74, 180, 0],
			"translation": [-0.5, 1.25, 4.25],
			"scale": [0.55, 0.55, 0.55]
		},
		"thirdperson_lefthand": {
			"rotation": [74, 180, 0],
			"translation": [-0.5, 1.25, 4.25],
			"scale": [0.55, 0.55, 0.55]
		},
		"firstperson_righthand": {
			"rotation": [0, -90, 25],
			"translation": [1.13, 3.2, 1.13],
			"scale": [0.68, 0.68, 0.68]
		},
		"firstperson_lefthand": {
			"rotation": [0, -90, 25],
			"translation": [1.13, 3.2, 1.13],
			"scale": [0.68, 0.68, 0.68]
		},
		"ground": {
			"translation": [0, 2, 0],
			"scale": [0.5, 0.5, 0.5]
		},
		"gui": {
			"translation": [0.25, 0.5, 0]
		},
		"head": {
			"rotation": [0, 180, 0],
			"translation": [0, 13, 7]
		},
		"fixed": {
			"rotation": [0, 180, 0]
		}
	},
	"groups": [
		{
			"name": "tag",
			"origin": [8, 8, 8],
			"color": 0,
			"children": [0, 1, 2, 3, 4, 5, 6, 7, 8, 9, 10, 11, 12, 13, 14, 15, 16, 17]
		},
		{
			"name": "group",
			"origin": [8, 8, 8],
			"color": 0,
			"children": [18, 19]
		}
	]
}