{
	"credit": "by Hoffen _InkGhoul",
	"texture_size": [64, 64],
	"textures": {
		"0": "custom:item/zoo_textures/gtws_zoo_hat_texture",
		"particle": "custom:item/zoo_textures/gtws_zoo_hat_texture"
	},
	"elements": [
		{
			"from": [3, 4, 13.5],
			"to": [13, 5, 15.5],
			"rotation": {"angle": -22.5, "axis": "x", "origin": [5, 4, 13.5]},
			"faces": {
				"north": {"uv": [9, 4.5, 11.5, 4.75], "texture": "#0"},
				"east": {"uv": [11.75, 13.75, 12.25, 14], "texture": "#0"},
				"south": {"uv": [11.5, 13.75, 9, 14], "texture": "#0"},
				"west": {"uv": [12.25, 13.75, 11.75, 14], "texture": "#0"},
				"up": {"uv": [8.75, 13.25, 6.25, 13.75], "texture": "#0"},
				"down": {"uv": [11.5, 14.75, 9, 14.25], "texture": "#0"}
			}
		},
		{
			"from": [3, 4, 2.5],
			"to": [13, 5, 13.5],
			"rotation": {"angle": 0, "axis": "y", "origin": [0, 2, 0]},
			"faces": {
				"north": {"uv": [0, 0, 2.5, 0.25], "texture": "#0"},
				"east": {"uv": [0, 0, 2.75, 0.25], "texture": "#0"},
				"south": {"uv": [0, 0.25, 2.5, 0.5], "texture": "#0"},
				"west": {"uv": [0, 0.25, 2.75, 0.5], "texture": "#0"},
				"up": {"uv": [7.5, 14.75, 6.75, 14], "texture": "#0"},
				"down": {"uv": [2.5, 0.75, 0, 3.5], "texture": "#0"}
			}
		},
		{
			"from": [12.25, 3, 6.25],
			"to": [12.25, 11.25, 13.75],
			"rotation": {"angle": 45, "axis": "y", "origin": [12.75, 8.625, 7.5]},
			"faces": {
				"north": {"uv": [0, 0, 0, 2], "texture": "#0"},
				"east": {"uv": [0.5, 5.5, 2.5, 7.5], "texture": "#0"},
				"south": {"uv": [0, 0, 0, 2], "texture": "#0"},
				"west": {"uv": [2.5, 5.5, 0.5, 7.5], "texture": "#0"},
				"up": {"uv": [0, 2, 0, 0], "texture": "#0"},
				"down": {"uv": [0, 0, 0, 2], "texture": "#0"}
			}
		},
		{
			"from": [4.75, 5, 4],
			"to": [11.25, 8, 12],
			"rotation": {"angle": 0, "axis": "y", "origin": [0, 2, 0]},
			"faces": {
				"north": {"uv": [0, 0, 1.75, 0], "texture": "#0"},
				"east": {"uv": [0, 0, 2, 0.75], "texture": "#0"},
				"south": {"uv": [0, 0.75, 1.75, 0.75], "texture": "#0"},
				"west": {"uv": [0, 0.75, 2, 1.5], "texture": "#0"},
				"up": {"uv": [2.5, 9.75, 0.75, 7.75], "texture": "#0"},
				"down": {"uv": [1.75, 0, 0, 2], "texture": "#0"}
			}
		},
		{
			"from": [4.75, 5.5, 4],
			"to": [11.25, 8, 6],
			"rotation": {"angle": 22.5, "axis": "x", "origin": [9, 8, 4]},
			"faces": {
				"north": {"uv": [6.25, 11.5, 8, 12.25], "texture": "#0"},
				"east": {"uv": [5.75, 11.5, 6.25, 12.25], "texture": "#0"},
				"south": {"uv": [2.75, 7, 4.5, 7.75], "texture": "#0"},
				"west": {"uv": [5.75, 11.5, 6.25, 12.25], "texture": "#0"},
				"up": {"uv": [10.25, 7, 8.5, 6.5], "texture": "#0"},
				"down": {"uv": [10.25, 7, 8.5, 7.5], "texture": "#0"}
			}
		},
		{
			"from": [3.75, 4.5, 3.75],
			"to": [12.25, 6, 5.75],
			"rotation": {"angle": 22.5, "axis": "x", "origin": [9, 8, 4]},
			"faces": {
				"north": {"uv": [6, 12.5, 8.5, 13], "texture": "#0"},
				"east": {"uv": [5.5, 12.5, 6, 13], "texture": "#0"},
				"south": {"uv": [8, 1.5, 10.25, 2], "texture": "#0"},
				"west": {"uv": [5.5, 12.5, 6, 13], "texture": "#0"},
				"up": {"uv": [2.5, 10.5, 0.25, 10], "texture": "#0"},
				"down": {"uv": [2.25, 0, 0, 0.5], "texture": "#0"}
			}
		},
		{
			"from": [3.75, 4.5, 10.25],
			"to": [12.25, 6, 12.25],
			"rotation": {"angle": -22.5, "axis": "x", "origin": [9, 8, 12]},
			"faces": {
				"north": {"uv": [10.25, 1.5, 8, 2], "texture": "#0"},
				"east": {"uv": [6, 12.5, 5.5, 13], "texture": "#0"},
				"south": {"uv": [8.5, 10.75, 6, 11.25], "texture": "#0"},
				"west": {"uv": [6, 12.5, 5.5, 13], "texture": "#0"},
				"up": {"uv": [2.5, 10, 0.25, 10.5], "texture": "#0"},
				"down": {"uv": [2.25, 0.5, 0, 0], "texture": "#0"}
			}
		},
		{
			"from": [4.75, 5.5, 10],
			"to": [11.25, 8, 12],
			"rotation": {"angle": -22.5, "axis": "x", "origin": [9, 8, 12]},
			"faces": {
				"north": {"uv": [7.25, 0, 9, 0.75], "texture": "#0"},
				"east": {"uv": [5.75, 11.5, 6.25, 12.25], "texture": "#0"},
				"south": {"uv": [8, 11.5, 6.25, 12.25], "texture": "#0"},
				"west": {"uv": [5.75, 11.5, 6.25, 12.25], "texture": "#0"},
				"up": {"uv": [10, 9, 8.25, 8.5], "texture": "#0"},
				"down": {"uv": [2.75, 8.75, 1, 9.25], "texture": "#0"}
			}
		},
		{
			"from": [9.25, 5.5, 4],
			"to": [11.25, 8, 12],
			"rotation": {"angle": 22.5, "axis": "z", "origin": [11.25, 8, 9]},
			"faces": {
				"north": {"uv": [5.75, 11.5, 6.25, 12.25], "texture": "#0"},
				"east": {"uv": [10, 11.5, 8, 12.25], "texture": "#0"},
				"south": {"uv": [5.75, 11.5, 6.25, 12.25], "texture": "#0"},
				"west": {"uv": [0, 0, 2, 0.75], "texture": "#0"},
				"up": {"uv": [0.5, 2, 0, 0], "texture": "#0"},
				"down": {"uv": [0.5, 0, 0, 2], "texture": "#0"}
			}
		},
		{
			"from": [4.75, 5.5, 4],
			"to": [6.75, 8, 12],
			"rotation": {"angle": -22.5, "axis": "z", "origin": [4.75, 8, 9]},
			"faces": {
				"north": {"uv": [5.75, 11.5, 6.25, 12.25], "texture": "#0"},
				"east": {"uv": [0, 0, 2, 0.75], "texture": "#0"},
				"south": {"uv": [5.75, 11.5, 6.25, 12.25], "texture": "#0"},
				"west": {"uv": [8, 11.5, 10, 12.25], "texture": "#0"},
				"up": {"uv": [0.5, 2, 0, 0], "texture": "#0"},
				"down": {"uv": [1, 0, 0.5, 2], "texture": "#0"}
			}
		},
		{
			"from": [9.25, 4.55, 3],
			"to": [11.5, 6, 13],
			"rotation": {"angle": 22.5, "axis": "z", "origin": [11.25, 8, 9]},
			"faces": {
				"north": {"uv": [5.5, 12.5, 6, 13], "texture": "#0"},
				"east": {"uv": [8.5, 12.5, 11.75, 13], "texture": "#0"},
				"south": {"uv": [5.5, 12.5, 6, 13], "texture": "#0"},
				"west": {"uv": [9, 6.25, 11.5, 6.5], "texture": "#0"},
				"up": {"uv": [2, 13.25, 2.5, 10.75], "texture": "#0"},
				"down": {"uv": [4.5, 7.75, 4, 10.25], "texture": "#0"}
			}
		},
		{
			"from": [4.5, 4.55, 3],
			"to": [6.75, 6, 13],
			"rotation": {"angle": -22.5, "axis": "z", "origin": [4.75, 8, 9]},
			"faces": {
				"north": {"uv": [6, 12.5, 5.5, 13], "texture": "#0"},
				"east": {"uv": [11.5, 6.25, 9, 6.5], "texture": "#0"},
				"south": {"uv": [6, 12.5, 5.5, 13], "texture": "#0"},
				"west": {"uv": [14.75, 12.5, 11.5, 13], "texture": "#0"},
				"up": {"uv": [2, 13.25, 2.5, 10.75], "texture": "#0"},
				"down": {"uv": [4, 7.75, 4.5, 10.25], "texture": "#0"}
			}
		},
		{
			"from": [3, 4, 0.5],
			"to": [13, 5, 2.5],
			"rotation": {"angle": -22.5, "axis": "x", "origin": [7, 5, 2.5]},
			"faces": {
				"north": {"uv": [9, 13.75, 11.5, 14], "texture": "#0"},
				"east": {"uv": [12.25, 13.75, 11.75, 14], "texture": "#0"},
				"south": {"uv": [8.25, 9, 10.75, 9.25], "texture": "#0"},
				"west": {"uv": [11.75, 13.75, 12.25, 14], "texture": "#0"},
				"up": {"uv": [8.75, 13.75, 6.25, 13.25], "texture": "#0"},
				"down": {"uv": [11.5, 14.25, 9, 14.75], "texture": "#0"}
			}
		},
		{
			"from": [1, 4, 2.5],
			"to": [3, 5, 13.5],
			"rotation": {"angle": -22.5, "axis": "z", "origin": [3, 4, 10]},
			"faces": {
				"north": {"uv": [12.25, 13.75, 11.75, 14], "texture": "#0"},
				"east": {"uv": [9, 0.5, 11.75, 0.75], "texture": "#0"},
				"south": {"uv": [11.75, 13.75, 12.25, 14], "texture": "#0"},
				"west": {"uv": [9, 13.25, 11.75, 13.5], "texture": "#0"},
				"up": {"uv": [4, 13.5, 3.5, 10.75], "texture": "#0"},
				"down": {"uv": [2.75, 10.75, 3.25, 13.5], "texture": "#0"}
			}
		},
		{
			"from": [13, 4, 2.5],
			"to": [15, 5, 13.5],
			"rotation": {"angle": 22.5, "axis": "z", "origin": [13, 4, 8]},
			"faces": {
				"north": {"uv": [11.75, 13.75, 12.25, 14], "texture": "#0"},
				"east": {"uv": [11.75, 13.25, 9, 13.5], "texture": "#0"},
				"south": {"uv": [12.25, 13.75, 11.75, 14], "texture": "#0"},
				"west": {"uv": [9, 1.25, 11.75, 1.5], "texture": "#0"},
				"up": {"uv": [3.5, 13.5, 4, 10.75], "texture": "#0"},
				"down": {"uv": [3.25, 10.75, 2.75, 13.5], "texture": "#0"}
			}
		},
		{
			"from": [14.2, 2.1, 3.95],
			"to": [14.2, 4.6, 11.95],
			"rotation": {"angle": 22.5, "axis": "z", "origin": [8, 0.5, 9]},
			"faces": {
				"north": {"uv": [0, 0, 0, 1.5], "texture": "#0"},
				"east": {"uv": [0.25, 3.75, 2.5, 4.5], "texture": "#0"},
				"south": {"uv": [0, 0, 0, 1.5], "texture": "#0"},
				"west": {"uv": [0.25, 3.75, 2.5, 5.5], "texture": "#0"},
				"up": {"uv": [0, 2.25, 0, 0], "rotation": 180, "texture": "#0"},
				"down": {"uv": [0, 0, 0, 2.25], "rotation": 180, "texture": "#0"}
			}
		},
		{
			"from": [4.1, 1.4, 1.1],
			"to": [12.1, 3.9, 1.1],
			"rotation": {"angle": 22.5, "axis": "x", "origin": [8, 0.5, 9]},
			"faces": {
				"north": {"uv": [2.5, 3.75, 0.25, 4.5], "texture": "#0"},
				"east": {"uv": [0, 0, 0, 1.5], "texture": "#0"},
				"south": {"uv": [0.25, 3.75, 2.5, 5.5], "texture": "#0"},
				"west": {"uv": [0, 0, 0, 1.5], "texture": "#0"},
				"up": {"uv": [0, 2.25, 0, 0], "rotation": 90, "texture": "#0"},
				"down": {"uv": [0, 0, 0, 2.25], "rotation": 270, "texture": "#0"}
			}
		}
	],
	"gui_light": "front",
	"display": {
		"thirdperson_righthand": {
			"rotation": [-0.85, -18.04, -54.78],
			"translation": [3.75, -1.5, -2.75],
			"scale": [0.8, 0.8, 0.8]
		},
		"thirdperson_lefthand": {
			"rotation": [-0.85, -18.04, -54.78],
			"translation": [3.75, -1.5, -2.75],
			"scale": [0.8, 0.8, 0.8]
		},
		"firstperson_righthand": {
			"rotation": [151.11, 77.6, -153.92],
			"translation": [9.25, -0.5, -4.25]
		},
		"firstperson_lefthand": {
			"rotation": [151.11, 77.6, -153.92],
			"translation": [8.75, 0, -4.25]
		},
		"ground": {
			"rotation": [7, 0.01, 0.43],
			"translation": [0, 2.25, 0]
		},
		"gui": {
			"rotation": [-156.77, -24.52, 166.45],
			"translation": [-0.5, 2.75, 0],
			"scale": [1.2, 1.2, 1.2]
		},
		"head": {
			"rotation": [15, -1.23, -6.89],
			"translation": [1, 10, 1.5],
			"scale": [1.6, 1.6, 1.6]
		},
		"fixed": {
			"rotation": [-86.5, 0, 0],
			"translation": [0, 0.5, -7.5],
			"scale": [1.7, 1.7, 1.7]
		}
	},
	"groups": [
		{
			"name": "group",
			"origin": [8, 8, 8],
			"color": 0,
			"children": [
				0,
				1,
				2,
				3,
				4,
				5,
				6,
				7,
				8,
				9,
				10,
				11,
				12,
				13,
				14,
				{
					"name": "group",
					"origin": [3, 1.5, 8],
					"color": 0,
					"children": [15, 16]
				}
			]
		}
	]
}