{
	"credit": "by Hoffen _InkGhoul",
	"texture_size": [128, 128],
	"textures": {
		"1": "custom:item/gtws_painting_b",
		"2": "custom:item/gtws_painting_back",
		"particle": "custom:item/gtws_painting_back"
	},
	"elements": [
		{
			"from": [7, 0, 0],
			"to": [8, 16, 32],
			"rotation": {"angle": 0, "axis": "y", "origin": [16, 16, 11.5]},
			"faces": {
				"north": {"uv": [7.75, 4, 8, 8], "texture": "#1"},
				"east": {"uv": [0, 4, 8, 8], "texture": "#1"},
				"south": {"uv": [7.75, 4, 8, 8], "texture": "#1"},
				"west": {"uv": [0, 0, 8, 4], "texture": "#2"},
				"up": {"uv": [0, 4, 8, 4.25], "rotation": 270, "texture": "#1"},
				"down": {"uv": [0, 7.75, 8, 8], "rotation": 90, "texture": "#1"}
			}
		}
	],
	"gui_light": "front",
	"display": {
		"thirdperson_righthand": {
			"rotation": [-121.25, 0, -180],
			"translation": [-1, -9.5, 2.5],
			"scale": [0.6, 0.6, 0.6]
		},
		"thirdperson_lefthand": {
			"rotation": [-121.25, 0, -180],
			"translation": [-1, -9.5, 2.5],
			"scale": [0.6, 0.6, 0.6]
		},
		"firstperson_righthand": {
			"rotation": [180, -73, -155],
			"translation": [1.13, 3.2, 1.13],
			"scale": [0.3, 0.3, 0.3]
		},
		"firstperson_lefthand": {
			"rotation": [0, 77.25, -25],
			"translation": [-2.12, 3.2, -0.12],
			"scale": [0.3, 0.3, 0.3]
		},
		"ground": {
			"rotation": [180, 0, -90],
			"translation": [-1, 0, 6.75],
			"scale": [0.8, 0.8, 0.8]
		},
		"gui": {
			"rotation": [-132, -64, -90],
			"translation": [3.5, -1.5, 0],
			"scale": [0.5, 0.7, 0.5]
		},
		"head": {
			"rotation": [0, 0, 90],
			"translation": [-0.25, 7.25, -8.5]
		},
		"fixed": {
			"rotation": [0, 90, 0],
			"translation": [-32, 0, -2.25],
			"scale": [2, 2, 2]
		}
	},
	"groups": [
		{
			"name": "group",
			"origin": [8, 8, 8],
			"color": 0,
			"children": [0]
		}
	]
}