{
    "credit": "by Hoffen _InkGhoul", 
    "textures": {
        "main": "custom:item/gtws_spyglass_folder/gtws_spyglass_texture"
    }, 
    "elements": [
        {
            "from": [ 5, 1.25, 4.25 ], 
            "to":   [ 9, 4.75, 8.25 ], 
            "rotation": { "angle": 0, "axis": "x", "origin": [4, 6.25, 6.25] }, 
            "faces": {
                "north": { "uv": [ 3.5, 0.75, 2.5, 0 ], "rotation":180, "texture": "#main" }, 
                "east":  { "uv": [ 3.5, 0.75, 2.5, 0 ], "rotation":180, "texture": "#main" }, 
                "south": { "uv": [ 2.5, 0, 3.5, 0.75 ], "texture": "#main" }, 
                "west":  { "uv": [ 2.5, 0, 3.5, 0.75 ], "texture": "#main" }, 
                "up":    { "uv": [ 1.5, 0, 2.5, 1 ], "texture": "#main" }, 
                "down":  { "uv": [ 1, 1.5, 2, 2.5 ], "rotation":180, "texture": "#main" }
            }
        }, 
        {
            "from": [ 5.5, 4.75, 4.75 ], 
            "to":   [ 8.5, 8.75, 7.75 ], 
            "rotation": { "angle": 0, "axis": "x", "origin": [4, 6.25, 6.25] }, 
            "faces": {
                "north": { "uv": [ 3.75, 1.75, 3, 0.75 ], "rotation":180, "texture": "#main" }, 
                "east":  { "uv": [ 3.75, 1.75, 3, 0.75 ], "rotation":180, "texture": "#main" }, 
                "south": { "uv": [ 3, 0.75, 3.75, 1.75 ], "texture": "#main" }, 
                "west":  { "uv": [ 3, 0.75, 3.75, 1.75 ], "texture": "#main" }, 
                "up":    { "uv": [ 0, 4.5, 0.75, 5.25 ], "texture": "#main" }, 
                "down":  { "uv": [ 3.75, 4.25, 4.5, 5 ], "rotation":180, "texture": "#main" }
            }
        }, 
        {
            "from": [ 1, 5.75, 4 ], 
            "to":   [ 7, 7.75, 7.25 ], 
            "rotation": { "angle": 0, "axis": "x", "origin": [4, 6.25, 6.25] }, 
            "faces": {
                "north": { "uv": [ 2.25, 4.75, 0.75, 4.25 ], "rotation":180, "texture": "#main" }, 
                "east":  { "uv": [ 5.75, 0.75, 5.25, 1.5 ], "rotation":90, "texture": "#main" }, 
                "south": { "uv": [ 2.25, 4.25, 0.75, 4.75 ], "texture": "#main" }, 
                "west":  { "uv": [ 5.25, 0.75, 5.75, 1.5 ], "rotation":270, "texture": "#main" }, 
                "up":    { "uv": [ 1.5, 0, 0, 0.75 ], "texture": "#main" }, 
                "down":  { "uv": [ 0, 0, 1.5, 0.75 ], "rotation":180, "texture": "#main" }
            }
        }, 
        {
            "from": [ 5.75, 8.75, 5 ], 
            "to":   [ 8.25, 11.75, 7.5 ], 
            "rotation": { "angle": 0, "axis": "x", "origin": [4, 7.25, 6.25] }, 
            "faces": {
                "north": { "uv": [ 2, 5.25, 1.25, 4.75 ], "rotation":180, "texture": "#main" }, 
                "east":  { "uv": [ 2, 5.25, 1.25, 4.75 ], "rotation":180, "texture": "#main" }, 
                "south": { "uv": [ 1.25, 4.75, 2, 5.25 ], "texture": "#main" }, 
                "west":  { "uv": [ 1.25, 4.75, 2, 5.25 ], "texture": "#main" }, 
                "up":    { "uv": [ 4.5, 3, 5.25, 3.75 ], "texture": "#main" }, 
                "down":  { "uv": [ 4.5, 2.25, 5.25, 3 ], "rotation":180, "texture": "#main" }
            }
        }, 
        {
            "from": [ -0.25, 8.75, 5 ], 
            "to":   [ 2.25, 11.75, 7.5 ], 
            "rotation": { "angle": 0, "axis": "x", "origin": [4, 7.25, 6.25] }, 
            "faces": {
                "north": { "uv": [ 2, 5.25, 1.25, 4.75 ], "rotation":180, "texture": "#main" }, 
                "east":  { "uv": [ 2, 5.25, 1.25, 4.75 ], "rotation":180, "texture": "#main" }, 
                "south": { "uv": [ 1.25, 4.75, 2, 5.25 ], "texture": "#main" }, 
                "west":  { "uv": [ 1.25, 4.75, 2, 5.25 ], "texture": "#main" }, 
                "up":    { "uv": [ 4.5, 3, 5.25, 3.75 ], "texture": "#main" }, 
                "down":  { "uv": [ 4.5, 2.25, 5.25, 3 ], "rotation":180, "texture": "#main" }
            }
        }, 
        {
            "from": [ -0.5, 4.75, 4.75 ], 
            "to":   [ 2.5, 8.75, 7.75 ], 
            "rotation": { "angle": 0, "axis": "x", "origin": [4, 6.25, 6.25] }, 
            "faces": {
                "north": { "uv": [ 3.75, 1.75, 3, 0.75 ], "rotation":180, "texture": "#main" }, 
                "east":  { "uv": [ 3.75, 1.75, 3, 0.75 ], "rotation":180, "texture": "#main" }, 
                "south": { "uv": [ 3, 0.75, 3.75, 1.75 ], "texture": "#main" }, 
                "west":  { "uv": [ 3, 0.75, 3.75, 1.75 ], "texture": "#main" }, 
                "up":    { "uv": [ 0, 4.5, 0.75, 5.25 ], "texture": "#main" }, 
                "down":  { "uv": [ 3.75, 4.25, 4.5, 5 ], "rotation":180, "texture": "#main" }
            }
        }, 
        {
            "from": [ -1, 1.25, 4.25 ], 
            "to":   [ 3, 4.75, 8.25 ], 
            "rotation": { "angle": 0, "axis": "x", "origin": [4, 6.25, 6.25] }, 
            "faces": {
                "north": { "uv": [ 3.5, 0.75, 2.5, 0 ], "rotation":180, "texture": "#main" }, 
                "east":  { "uv": [ 3.5, 0.75, 2.5, 0 ], "rotation":180, "texture": "#main" }, 
                "south": { "uv": [ 2.5, 0, 3.5, 0.75 ], "texture": "#main" }, 
                "west":  { "uv": [ 2.5, 0, 3.5, 0.75 ], "texture": "#main" }, 
                "up":    { "uv": [ 1.5, 0, 2.5, 1 ], "texture": "#main" }, 
                "down":  { "uv": [ 1, 1.5, 2, 2.5 ], "rotation":180, "texture": "#main" }
            }
        }, 
        {
            "from": [ -1.25, 3, 4 ], 
            "to":   [ 3.25, 3, 8.5 ], 
            "rotation": { "angle": 0, "axis": "x", "origin": [4, 3, 6.25] }, 
            "faces": {
                "north": { "uv": [ 2.5, 0, 3.5, 0.75 ], "rotation":180, "texture": "#main" }, 
                "east":  { "uv": [ 3.5, 0.75, 2.5, 0 ], "texture": "#main" }, 
                "south": { "uv": [ 3.5, 0.75, 2.5, 0 ], "texture": "#main" }, 
                "west":  { "uv": [ 2.5, 0, 3.5, 0.75 ], "rotation":180, "texture": "#main" }, 
                "up":    { "uv": [ 1.5, 0, 2.5, 1 ], "rotation":180, "texture": "#main" }, 
                "down":  { "uv": [ 1.5, 0, 2.5, 1 ], "texture": "#main" }
            }
        }, 
        {
            "from": [ 4.75, 3, 4 ], 
            "to":   [ 9.25, 3, 8.5 ], 
            "rotation": { "angle": 0, "axis": "x", "origin": [4, 3, 6.25] }, 
            "faces": {
                "north": { "uv": [ 2.5, 0, 3.5, 0.75 ], "rotation":180, "texture": "#main" }, 
                "east":  { "uv": [ 3.5, 0.75, 2.5, 0 ], "texture": "#main" }, 
                "south": { "uv": [ 3.5, 0.75, 2.5, 0 ], "texture": "#main" }, 
                "west":  { "uv": [ 2.5, 0, 3.5, 0.75 ], "rotation":180, "texture": "#main" }, 
                "up":    { "uv": [ 1.5, 0, 2.5, 1 ], "rotation":180, "texture": "#main" }, 
                "down":  { "uv": [ 1.5, 0, 2.5, 1 ], "texture": "#main" }
            }
        }, 
        {
            "from": [ 5, 1.1, 4.25 ], 
            "to":   [ 9, 1.1, 4.25 ], 
            "rotation": { "angle": 0, "axis": "x", "origin": [4, 3, 6.25] }, 
            "faces": {
                "north": { "uv": [ 2.5, 0, 3.5, 0.75 ], "rotation":180, "texture": "#main" }, 
                "east":  { "uv": [ 3.5, 0.75, 2.5, 0 ], "texture": "#main" }, 
                "south": { "uv": [ 3.5, 0.75, 2.5, 0 ], "texture": "#main" }, 
                "west":  { "uv": [ 2.5, 0, 3.5, 0.75 ], "rotation":180, "texture": "#main" }, 
                "up":    { "uv": [ 1.5, 0, 2.5, 1 ], "rotation":180, "texture": "#main" }, 
                "down":  { "uv": [ 1, 2.5, 0, 1.5 ], "texture": "#main" }
            }
        }, 
        {
            "from": [ -1, 1.1, 4.25 ], 
            "to":   [ 3, 1.1, 4.25 ], 
            "rotation": { "angle": 0, "axis": "x", "origin": [4, 3, 6.25] }, 
            "faces": {
                "north": { "uv": [ 2.5, 0, 3.5, 0.75 ], "rotation":180, "texture": "#main" }, 
                "east":  { "uv": [ 3.5, 0.75, 2.5, 0 ], "texture": "#main" }, 
                "south": { "uv": [ 3.5, 0.75, 2.5, 0 ], "texture": "#main" }, 
                "west":  { "uv": [ 2.5, 0, 3.5, 0.75 ], "rotation":180, "texture": "#main" }, 
                "up":    { "uv": [ 1.5, 0, 2.5, 1 ], "rotation":180, "texture": "#main" }, 
                "down":  { "uv": [ 1, 2.5, 0, 1.5 ], "texture": "#main" }
            }
        }, 
        {
            "from": [ 9.25, 0.5, 4 ], 
            "to":   [ 9.25, 3.5, 8.5 ], 
            "rotation": { "angle": 0, "axis": "x", "origin": [4, 5.5, 6.25] }, 
            "faces": {
                "north": { "uv": [ 3.5, 0.75, 2.5, 0 ], "rotation":180, "texture": "#main" }, 
                "east":  { "uv": [ 3.5, 0.75, 2.5, 0 ], "rotation":180, "texture": "#main" }, 
                "south": { "uv": [ 2.5, 0, 3.5, 0.75 ], "texture": "#main" }, 
                "west":  { "uv": [ 2.5, 0, 3.5, 0.75 ], "texture": "#main" }, 
                "up":    { "uv": [ 1.5, 0, 2.5, 1 ], "texture": "#main" }, 
                "down":  { "uv": [ 3.25, 6, 4.25, 7 ], "rotation":180, "texture": "#main" }
            }
        }, 
        {
            "from": [ 3.25, 0.5, 4 ], 
            "to":   [ 3.25, 3.5, 8.5 ], 
            "rotation": { "angle": 0, "axis": "x", "origin": [4, 5.5, 6.25] }, 
            "faces": {
                "north": { "uv": [ 3.5, 0.75, 2.5, 0 ], "rotation":180, "texture": "#main" }, 
                "east":  { "uv": [ 3.5, 0.75, 2.5, 0 ], "rotation":180, "texture": "#main" }, 
                "south": { "uv": [ 2.5, 0, 3.5, 0.75 ], "texture": "#main" }, 
                "west":  { "uv": [ 2.5, 0, 3.5, 0.75 ], "texture": "#main" }, 
                "up":    { "uv": [ 1.5, 0, 2.5, 1 ], "texture": "#main" }, 
                "down":  { "uv": [ 3.25, 6, 4.25, 7 ], "rotation":180, "texture": "#main" }
            }
        }, 
        {
            "from": [ -1.25, 0.5, 8.5 ], 
            "to":   [ 3.25, 3.5, 8.5 ], 
            "rotation": { "angle": 0, "axis": "x", "origin": [4, 5.5, 6.25] }, 
            "faces": {
                "north": { "uv": [ 3.5, 0.75, 2.5, 0 ], "rotation":180, "texture": "#main" }, 
                "east":  { "uv": [ 3.5, 0.75, 2.5, 0 ], "rotation":180, "texture": "#main" }, 
                "south": { "uv": [ 2.5, 0, 3.5, 0.75 ], "texture": "#main" }, 
                "west":  { "uv": [ 2.5, 0, 3.5, 0.75 ], "texture": "#main" }, 
                "up":    { "uv": [ 1.5, 0, 2.5, 1 ], "texture": "#main" }, 
                "down":  { "uv": [ 3.25, 6, 4.25, 7 ], "rotation":180, "texture": "#main" }
            }
        }, 
        {
            "from": [ 4.75, 0.5, 8.5 ], 
            "to":   [ 9.25, 3.5, 8.5 ], 
            "rotation": { "angle": 0, "axis": "x", "origin": [4, 5.5, 6.25] }, 
            "faces": {
                "north": { "uv": [ 3.5, 0.75, 2.5, 0 ], "rotation":180, "texture": "#main" }, 
                "east":  { "uv": [ 3.5, 0.75, 2.5, 0 ], "rotation":180, "texture": "#main" }, 
                "south": { "uv": [ 2.5, 0, 3.5, 0.75 ], "texture": "#main" }, 
                "west":  { "uv": [ 2.5, 0, 3.5, 0.75 ], "texture": "#main" }, 
                "up":    { "uv": [ 1.5, 0, 2.5, 1 ], "texture": "#main" }, 
                "down":  { "uv": [ 3.25, 6, 4.25, 7 ], "rotation":180, "texture": "#main" }
            }
        }, 
        {
            "from": [ 4.75, 0.5, 4 ], 
            "to":   [ 9.25, 3.5, 4 ], 
            "rotation": { "angle": 0, "axis": "x", "origin": [4, 5.5, 6.25] }, 
            "faces": {
                "north": { "uv": [ 3.5, 0.75, 2.5, 0 ], "rotation":180, "texture": "#main" }, 
                "east":  { "uv": [ 3.5, 0.75, 2.5, 0 ], "rotation":180, "texture": "#main" }, 
                "south": { "uv": [ 2.5, 0, 3.5, 0.75 ], "texture": "#main" }, 
                "west":  { "uv": [ 2.5, 0, 3.5, 0.75 ], "texture": "#main" }, 
                "up":    { "uv": [ 1.5, 0, 2.5, 1 ], "texture": "#main" }, 
                "down":  { "uv": [ 3.25, 6, 4.25, 7 ], "rotation":180, "texture": "#main" }
            }
        }, 
        {
            "from": [ 4.75, 0.5, 4 ], 
            "to":   [ 4.75, 3.5, 8.5 ], 
            "rotation": { "angle": 0, "axis": "x", "origin": [4, 5.5, 6.25] }, 
            "faces": {
                "north": { "uv": [ 3.5, 0.75, 2.5, 0 ], "rotation":180, "texture": "#main" }, 
                "east":  { "uv": [ 3.5, 0.75, 2.5, 0 ], "rotation":180, "texture": "#main" }, 
                "south": { "uv": [ 2.5, 0, 3.5, 0.75 ], "texture": "#main" }, 
                "west":  { "uv": [ 2.5, 0, 3.5, 0.75 ], "texture": "#main" }, 
                "up":    { "uv": [ 1.5, 0, 2.5, 1 ], "texture": "#main" }, 
                "down":  { "uv": [ 3.25, 6, 4.25, 7 ], "rotation":180, "texture": "#main" }
            }
        }, 
        {
            "from": [ -1.25, 0.5, 4 ], 
            "to":   [ 3.25, 3.5, 4 ], 
            "rotation": { "angle": 0, "axis": "x", "origin": [4, 5.5, 6.25] }, 
            "faces": {
                "north": { "uv": [ 3.5, 0.75, 2.5, 0 ], "rotation":180, "texture": "#main" }, 
                "east":  { "uv": [ 3.5, 0.75, 2.5, 0 ], "rotation":180, "texture": "#main" }, 
                "south": { "uv": [ 2.5, 0, 3.5, 0.75 ], "texture": "#main" }, 
                "west":  { "uv": [ 2.5, 0, 3.5, 0.75 ], "texture": "#main" }, 
                "up":    { "uv": [ 1.5, 0, 2.5, 1 ], "texture": "#main" }, 
                "down":  { "uv": [ 3.25, 6, 4.25, 7 ], "rotation":180, "texture": "#main" }
            }
        }, 
        {
            "from": [ -1.25, 0.5, 4 ], 
            "to":   [ -1.25, 3.5, 8.5 ], 
            "rotation": { "angle": 0, "axis": "x", "origin": [4, 5.5, 6.25] }, 
            "faces": {
                "north": { "uv": [ 3.5, 0.75, 2.5, 0 ], "rotation":180, "texture": "#main" }, 
                "east":  { "uv": [ 3.5, 0.75, 2.5, 0 ], "rotation":180, "texture": "#main" }, 
                "south": { "uv": [ 2.5, 0, 3.5, 0.75 ], "texture": "#main" }, 
                "west":  { "uv": [ 2.5, 0, 3.5, 0.75 ], "texture": "#main" }, 
                "up":    { "uv": [ 1.5, 0, 2.5, 1 ], "texture": "#main" }, 
                "down":  { "uv": [ 3.25, 6, 4.25, 7 ], "rotation":180, "texture": "#main" }
            }
        }, 
        {
            "from": [ 5, 1.25, 4.25 ], 
            "to":   [ 9, 4.75, 8.25 ], 
            "rotation": { "angle": 0, "axis": "x", "origin": [4, 6.25, 6.25] }, 
            "faces": {
                "north": { "uv": [ 11.5, 0.75, 10.5, 0 ], "rotation":180, "texture": "#main" }, 
                "east":  { "uv": [ 11.5, 0.75, 10.5, 0 ], "rotation":180, "texture": "#main" }, 
                "south": { "uv": [ 10.5, 0, 11.5, 0.75 ], "texture": "#main" }, 
                "west":  { "uv": [ 10.5, 0, 11.5, 0.75 ], "texture": "#main" }, 
                "up":    { "uv": [ 9.5, 0, 10.5, 1 ], "texture": "#main" }, 
                "down":  { "uv": [ 9, 1.5, 10, 2.5 ], "rotation":180, "texture": "#main" }
            }
        }, 
        {
            "from": [ 5.5, 4.75, 4.75 ], 
            "to":   [ 8.5, 8.75, 7.75 ], 
            "rotation": { "angle": 0, "axis": "x", "origin": [4, 6.25, 6.25] }, 
            "faces": {
                "north": { "uv": [ 11.75, 1.75, 11, 0.75 ], "rotation":180, "texture": "#main" }, 
                "east":  { "uv": [ 11.75, 1.75, 11, 0.75 ], "rotation":180, "texture": "#main" }, 
                "south": { "uv": [ 11, 0.75, 11.75, 1.75 ], "texture": "#main" }, 
                "west":  { "uv": [ 11, 0.75, 11.75, 1.75 ], "texture": "#main" }, 
                "up":    { "uv": [ 8, 4.5, 8.75, 5.25 ], "texture": "#main" }, 
                "down":  { "uv": [ 11.75, 4.25, 12.5, 5 ], "rotation":180, "texture": "#main" }
            }
        }, 
        {
            "from": [ 1, 5.75, 4 ], 
            "to":   [ 7, 7.75, 7.25 ], 
            "rotation": { "angle": 0, "axis": "x", "origin": [4, 6.25, 6.25] }, 
            "faces": {
                "north": { "uv": [ 10.25, 4.75, 8.75, 4.25 ], "rotation":180, "texture": "#main" }, 
                "east":  { "uv": [ 13.75, 0.75, 13.25, 1.5 ], "rotation":90, "texture": "#main" }, 
                "south": { "uv": [ 10.25, 4.25, 8.75, 4.75 ], "texture": "#main" }, 
                "west":  { "uv": [ 13.25, 0.75, 13.75, 1.5 ], "rotation":270, "texture": "#main" }, 
                "up":    { "uv": [ 9.5, 0, 8, 0.75 ], "texture": "#main" }, 
                "down":  { "uv": [ 8, 0, 9.5, 0.75 ], "rotation":180, "texture": "#main" }
            }
        }, 
        {
            "from": [ 5.75, 8.75, 5 ], 
            "to":   [ 8.25, 11.75, 7.5 ], 
            "rotation": { "angle": 0, "axis": "x", "origin": [4, 7.25, 6.25] }, 
            "faces": {
                "north": { "uv": [ 10, 5.25, 9.25, 4.75 ], "rotation":180, "texture": "#main" }, 
                "east":  { "uv": [ 10, 5.25, 9.25, 4.75 ], "rotation":180, "texture": "#main" }, 
                "south": { "uv": [ 9.25, 4.75, 10, 5.25 ], "texture": "#main" }, 
                "west":  { "uv": [ 9.25, 4.75, 10, 5.25 ], "texture": "#main" }, 
                "up":    { "uv": [ 12.5, 3, 13.25, 3.75 ], "texture": "#main" }, 
                "down":  { "uv": [ 12.5, 2.25, 13.25, 3 ], "rotation":180, "texture": "#main" }
            }
        }, 
        {
            "from": [ -0.25, 8.75, 5 ], 
            "to":   [ 2.25, 11.75, 7.5 ], 
            "rotation": { "angle": 0, "axis": "x", "origin": [4, 7.25, 6.25] }, 
            "faces": {
                "north": { "uv": [ 10, 5.25, 9.25, 4.75 ], "rotation":180, "texture": "#main" }, 
                "east":  { "uv": [ 10, 5.25, 9.25, 4.75 ], "rotation":180, "texture": "#main" }, 
                "south": { "uv": [ 9.25, 4.75, 10, 5.25 ], "texture": "#main" }, 
                "west":  { "uv": [ 9.25, 4.75, 10, 5.25 ], "texture": "#main" }, 
                "up":    { "uv": [ 12.5, 3, 13.25, 3.75 ], "texture": "#main" }, 
                "down":  { "uv": [ 12.5, 2.25, 13.25, 3 ], "rotation":180, "texture": "#main" }
            }
        }, 
        {
            "from": [ -0.5, 4.75, 4.75 ], 
            "to":   [ 2.5, 8.75, 7.75 ], 
            "rotation": { "angle": 0, "axis": "x", "origin": [4, 6.25, 6.25] }, 
            "faces": {
                "north": { "uv": [ 11.75, 1.75, 11, 0.75 ], "rotation":180, "texture": "#main" }, 
                "east":  { "uv": [ 11.75, 1.75, 11, 0.75 ], "rotation":180, "texture": "#main" }, 
                "south": { "uv": [ 11, 0.75, 11.75, 1.75 ], "texture": "#main" }, 
                "west":  { "uv": [ 11, 0.75, 11.75, 1.75 ], "texture": "#main" }, 
                "up":    { "uv": [ 8, 4.5, 8.75, 5.25 ], "texture": "#main" }, 
                "down":  { "uv": [ 11.75, 4.25, 12.5, 5 ], "rotation":180, "texture": "#main" }
            }
        }, 
        {
            "from": [ -1, 1.25, 4.25 ], 
            "to":   [ 3, 4.75, 8.25 ], 
            "rotation": { "angle": 0, "axis": "x", "origin": [4, 6.25, 6.25] }, 
            "faces": {
                "north": { "uv": [ 11.5, 0.75, 10.5, 0 ], "rotation":180, "texture": "#main" }, 
                "east":  { "uv": [ 11.5, 0.75, 10.5, 0 ], "rotation":180, "texture": "#main" }, 
                "south": { "uv": [ 10.5, 0, 11.5, 0.75 ], "texture": "#main" }, 
                "west":  { "uv": [ 10.5, 0, 11.5, 0.75 ], "texture": "#main" }, 
                "up":    { "uv": [ 9.5, 0, 10.5, 1 ], "texture": "#main" }, 
                "down":  { "uv": [ 9, 1.5, 10, 2.5 ], "rotation":180, "texture": "#main" }
            }
        }, 
        {
            "from": [ -1.25, 3, 4 ], 
            "to":   [ 3.25, 3, 8.5 ], 
            "rotation": { "angle": 0, "axis": "x", "origin": [4, 3, 6.25] }, 
            "faces": {
                "north": { "uv": [ 10.5, 0, 11.5, 0.75 ], "rotation":180, "texture": "#main" }, 
                "east":  { "uv": [ 11.5, 0.75, 10.5, 0 ], "texture": "#main" }, 
                "south": { "uv": [ 11.5, 0.75, 10.5, 0 ], "texture": "#main" }, 
                "west":  { "uv": [ 10.5, 0, 11.5, 0.75 ], "rotation":180, "texture": "#main" }, 
                "up":    { "uv": [ 9.5, 0, 10.5, 1 ], "rotation":180, "texture": "#main" }, 
                "down":  { "uv": [ 9.5, 0, 10.5, 1 ], "texture": "#main" }
            }
        }, 
        {
            "from": [ 4.75, 3, 4 ], 
            "to":   [ 9.25, 3, 8.5 ], 
            "rotation": { "angle": 0, "axis": "x", "origin": [4, 3, 6.25] }, 
            "faces": {
                "north": { "uv": [ 10.5, 0, 11.5, 0.75 ], "rotation":180, "texture": "#main" }, 
                "east":  { "uv": [ 11.5, 0.75, 10.5, 0 ], "texture": "#main" }, 
                "south": { "uv": [ 11.5, 0.75, 10.5, 0 ], "texture": "#main" }, 
                "west":  { "uv": [ 10.5, 0, 11.5, 0.75 ], "rotation":180, "texture": "#main" }, 
                "up":    { "uv": [ 9.5, 0, 10.5, 1 ], "rotation":180, "texture": "#main" }, 
                "down":  { "uv": [ 9.5, 0, 10.5, 1 ], "texture": "#main" }
            }
        }, 
        {
            "from": [ 5, 1.1, 4.25 ], 
            "to":   [ 9, 1.1, 5 ], 
            "rotation": { "angle": 0, "axis": "x", "origin": [4, 3, 6.25] }, 
            "faces": {
                "north": { "uv": [ 10.5, 0, 11.5, 0.75 ], "rotation":180, "texture": "#main" }, 
                "east":  { "uv": [ 11.5, 0.75, 10.5, 0 ], "texture": "#main" }, 
                "south": { "uv": [ 11.5, 0.75, 10.5, 0 ], "texture": "#main" }, 
                "west":  { "uv": [ 10.5, 0, 11.5, 0.75 ], "rotation":180, "texture": "#main" }, 
                "up":    { "uv": [ 9.5, 0, 10.5, 1 ], "rotation":180, "texture": "#main" }, 
                "down":  { "uv": [ 9, 2, 8, 1.5 ], "texture": "#main" }
            }
        }, 
        {
            "from": [ -1, 1.1, 4.25 ], 
            "to":   [ 3, 1.1, 5 ], 
            "rotation": { "angle": 0, "axis": "x", "origin": [4, 3, 6.25] }, 
            "faces": {
                "north": { "uv": [ 10.5, 0, 11.5, 0.75 ], "rotation":180, "texture": "#main" }, 
                "east":  { "uv": [ 11.5, 0.75, 10.5, 0 ], "texture": "#main" }, 
                "south": { "uv": [ 11.5, 0.75, 10.5, 0 ], "texture": "#main" }, 
                "west":  { "uv": [ 10.5, 0, 11.5, 0.75 ], "rotation":180, "texture": "#main" }, 
                "up":    { "uv": [ 9.5, 0, 10.5, 1 ], "rotation":180, "texture": "#main" }, 
                "down":  { "uv": [ 9, 2, 8, 1.5 ], "texture": "#main" }
            }
        }, 
        {
            "from": [ 9.25, 0.5, 4 ], 
            "to":   [ 9.25, 3.5, 8.5 ], 
            "rotation": { "angle": 0, "axis": "x", "origin": [4, 5.5, 6.25] }, 
            "faces": {
                "north": { "uv": [ 11.5, 0.75, 10.5, 0 ], "rotation":180, "texture": "#main" }, 
                "east":  { "uv": [ 11.5, 0.75, 10.5, 0 ], "rotation":180, "texture": "#main" }, 
                "south": { "uv": [ 10.5, 0, 11.5, 0.75 ], "texture": "#main" }, 
                "west":  { "uv": [ 10.5, 0, 11.5, 0.75 ], "texture": "#main" }, 
                "up":    { "uv": [ 9.5, 0, 10.5, 1 ], "texture": "#main" }, 
                "down":  { "uv": [ 11.25, 6, 12.25, 7 ], "rotation":180, "texture": "#main" }
            }
        }, 
        {
            "from": [ 3.25, 0.5, 4 ], 
            "to":   [ 3.25, 3.5, 8.5 ], 
            "rotation": { "angle": 0, "axis": "x", "origin": [4, 5.5, 6.25] }, 
            "faces": {
                "north": { "uv": [ 11.5, 0.75, 10.5, 0 ], "rotation":180, "texture": "#main" }, 
                "east":  { "uv": [ 11.5, 0.75, 10.5, 0 ], "rotation":180, "texture": "#main" }, 
                "south": { "uv": [ 10.5, 0, 11.5, 0.75 ], "texture": "#main" }, 
                "west":  { "uv": [ 10.5, 0, 11.5, 0.75 ], "texture": "#main" }, 
                "up":    { "uv": [ 9.5, 0, 10.5, 1 ], "texture": "#main" }, 
                "down":  { "uv": [ 11.25, 6, 12.25, 7 ], "rotation":180, "texture": "#main" }
            }
        }, 
        {
            "from": [ -1.25, 0.5, 8.5 ], 
            "to":   [ 3.25, 3.5, 8.5 ], 
            "rotation": { "angle": 0, "axis": "x", "origin": [4, 5.5, 6.25] }, 
            "faces": {
                "north": { "uv": [ 11.5, 0.75, 10.5, 0 ], "rotation":180, "texture": "#main" }, 
                "east":  { "uv": [ 11.5, 0.75, 10.5, 0 ], "rotation":180, "texture": "#main" }, 
                "south": { "uv": [ 10.5, 0, 11.5, 0.75 ], "texture": "#main" }, 
                "west":  { "uv": [ 10.5, 0, 11.5, 0.75 ], "texture": "#main" }, 
                "up":    { "uv": [ 9.5, 0, 10.5, 1 ], "texture": "#main" }, 
                "down":  { "uv": [ 11.25, 6, 12.25, 7 ], "rotation":180, "texture": "#main" }
            }
        }, 
        {
            "from": [ 4.75, 0.5, 8.5 ], 
            "to":   [ 9.25, 3.5, 8.5 ], 
            "rotation": { "angle": 0, "axis": "x", "origin": [4, 5.5, 6.25] }, 
            "faces": {
                "north": { "uv": [ 11.5, 0.75, 10.5, 0 ], "rotation":180, "texture": "#main" }, 
                "east":  { "uv": [ 11.5, 0.75, 10.5, 0 ], "rotation":180, "texture": "#main" }, 
                "south": { "uv": [ 10.5, 0, 11.5, 0.75 ], "texture": "#main" }, 
                "west":  { "uv": [ 10.5, 0, 11.5, 0.75 ], "texture": "#main" }, 
                "up":    { "uv": [ 9.5, 0, 10.5, 1 ], "texture": "#main" }, 
                "down":  { "uv": [ 11.25, 6, 12.25, 7 ], "rotation":180, "texture": "#main" }
            }
        }, 
        {
            "from": [ 4.75, 0.5, 4 ], 
            "to":   [ 9.25, 3.5, 4 ], 
            "rotation": { "angle": 0, "axis": "x", "origin": [4, 5.5, 6.25] }, 
            "faces": {
                "north": { "uv": [ 11.5, 0.75, 10.5, 0 ], "rotation":180, "texture": "#main" }, 
                "east":  { "uv": [ 11.5, 0.75, 10.5, 0 ], "rotation":180, "texture": "#main" }, 
                "south": { "uv": [ 10.5, 0, 11.5, 0.75 ], "texture": "#main" }, 
                "west":  { "uv": [ 10.5, 0, 11.5, 0.75 ], "texture": "#main" }, 
                "up":    { "uv": [ 9.5, 0, 10.5, 1 ], "texture": "#main" }, 
                "down":  { "uv": [ 11.25, 6, 12.25, 7 ], "rotation":180, "texture": "#main" }
            }
        }, 
        {
            "from": [ 4.75, 0.5, 4 ], 
            "to":   [ 4.75, 3.5, 8.5 ], 
            "rotation": { "angle": 0, "axis": "x", "origin": [4, 5.5, 6.25] }, 
            "faces": {
                "north": { "uv": [ 11.5, 0.75, 10.5, 0 ], "rotation":180, "texture": "#main" }, 
                "east":  { "uv": [ 11.5, 0.75, 10.5, 0 ], "rotation":180, "texture": "#main" }, 
                "south": { "uv": [ 10.5, 0, 11.5, 0.75 ], "texture": "#main" }, 
                "west":  { "uv": [ 10.5, 0, 11.5, 0.75 ], "texture": "#main" }, 
                "up":    { "uv": [ 9.5, 0, 10.5, 1 ], "texture": "#main" }, 
                "down":  { "uv": [ 11.25, 6, 12.25, 7 ], "rotation":180, "texture": "#main" }
            }
        }, 
        {
            "from": [ -1.25, 0.5, 4 ], 
            "to":   [ 3.25, 3.5, 4 ], 
            "rotation": { "angle": 0, "axis": "x", "origin": [4, 5.5, 6.25] }, 
            "faces": {
                "north": { "uv": [ 11.5, 0.75, 10.5, 0 ], "rotation":180, "texture": "#main" }, 
                "east":  { "uv": [ 11.5, 0.75, 10.5, 0 ], "rotation":180, "texture": "#main" }, 
                "south": { "uv": [ 10.5, 0, 11.5, 0.75 ], "texture": "#main" }, 
                "west":  { "uv": [ 10.5, 0, 11.5, 0.75 ], "texture": "#main" }, 
                "up":    { "uv": [ 9.5, 0, 10.5, 1 ], "texture": "#main" }, 
                "down":  { "uv": [ 11.25, 6, 12.25, 7 ], "rotation":180, "texture": "#main" }
            }
        }, 
        {
            "from": [ -1.25, 0.5, 4 ], 
            "to":   [ -1.25, 3.5, 8.5 ], 
            "rotation": { "angle": 0, "axis": "x", "origin": [4, 5.5, 6.25] }, 
            "faces": {
                "north": { "uv": [ 11.5, 0.75, 10.5, 0 ], "rotation":180, "texture": "#main" }, 
                "east":  { "uv": [ 11.5, 0.75, 10.5, 0 ], "rotation":180, "texture": "#main" }, 
                "south": { "uv": [ 10.5, 0, 11.5, 0.75 ], "texture": "#main" }, 
                "west":  { "uv": [ 10.5, 0, 11.5, 0.75 ], "texture": "#main" }, 
                "up":    { "uv": [ 9.5, 0, 10.5, 1 ], "texture": "#main" }, 
                "down":  { "uv": [ 11.25, 6, 12.25, 7 ], "rotation":180, "texture": "#main" }
            }
        }, 
        {
            "from": [ 5, 1.25, 4.25 ], 
            "to":   [ 9, 4.75, 8.25 ], 
            "rotation": { "angle": 0, "axis": "x", "origin": [4, 6.25, 6.25] }, 
            "faces": {
                "north": { "uv": [ 3.5, 8.75, 2.5, 8 ], "rotation":180, "texture": "#main" }, 
                "east":  { "uv": [ 3.5, 8.75, 2.5, 8 ], "rotation":180, "texture": "#main" }, 
                "south": { "uv": [ 2.5, 8, 3.5, 8.75 ], "texture": "#main" }, 
                "west":  { "uv": [ 2.5, 8, 3.5, 8.75 ], "texture": "#main" }, 
                "up":    { "uv": [ 1.5, 8, 2.5, 9 ], "texture": "#main" }, 
                "down":  { "uv": [ 1, 9.5, 2, 10.5 ], "rotation":180, "texture": "#main" }
            }
        }, 
        {
            "from": [ 5.5, 4.75, 4.75 ], 
            "to":   [ 8.5, 8.75, 7.75 ], 
            "rotation": { "angle": 0, "axis": "x", "origin": [4, 6.25, 6.25] }, 
            "faces": {
                "north": { "uv": [ 3.75, 9.75, 3, 8.75 ], "rotation":180, "texture": "#main" }, 
                "east":  { "uv": [ 3.75, 9.75, 3, 8.75 ], "rotation":180, "texture": "#main" }, 
                "south": { "uv": [ 3, 8.75, 3.75, 9.75 ], "texture": "#main" }, 
                "west":  { "uv": [ 3, 8.75, 3.75, 9.75 ], "texture": "#main" }, 
                "up":    { "uv": [ 0, 12.5, 0.75, 13.25 ], "texture": "#main" }, 
                "down":  { "uv": [ 3.75, 12.25, 4.5, 13 ], "rotation":180, "texture": "#main" }
            }
        }, 
        {
            "from": [ 1, 5.75, 4 ], 
            "to":   [ 7, 7.75, 7.25 ], 
            "rotation": { "angle": 0, "axis": "x", "origin": [4, 6.25, 6.25] }, 
            "faces": {
                "north": { "uv": [ 2.25, 12.75, 0.75, 12.25 ], "rotation":180, "texture": "#main" }, 
                "east":  { "uv": [ 5.75, 8.75, 5.25, 9.5 ], "rotation":90, "texture": "#main" }, 
                "south": { "uv": [ 2.25, 12.25, 0.75, 12.75 ], "texture": "#main" }, 
                "west":  { "uv": [ 5.25, 8.75, 5.75, 9.5 ], "rotation":270, "texture": "#main" }, 
                "up":    { "uv": [ 1.5, 8, 0, 8.75 ], "texture": "#main" }, 
                "down":  { "uv": [ 0, 8, 1.5, 8.75 ], "rotation":180, "texture": "#main" }
            }
        }, 
        {
            "from": [ 5.75, 8.75, 5 ], 
            "to":   [ 8.25, 11.75, 7.5 ], 
            "rotation": { "angle": 0, "axis": "x", "origin": [4, 7.25, 6.25] }, 
            "faces": {
                "north": { "uv": [ 2, 13.25, 1.25, 12.75 ], "rotation":180, "texture": "#main" }, 
                "east":  { "uv": [ 2, 13.25, 1.25, 12.75 ], "rotation":180, "texture": "#main" }, 
                "south": { "uv": [ 1.25, 12.75, 2, 13.25 ], "texture": "#main" }, 
                "west":  { "uv": [ 1.25, 12.75, 2, 13.25 ], "texture": "#main" }, 
                "up":    { "uv": [ 4.5, 11, 5.25, 11.75 ], "texture": "#main" }, 
                "down":  { "uv": [ 4.5, 10.25, 5.25, 11 ], "rotation":180, "texture": "#main" }
            }
        }, 
        {
            "from": [ -0.25, 8.75, 5 ], 
            "to":   [ 2.25, 11.75, 7.5 ], 
            "rotation": { "angle": 0, "axis": "x", "origin": [4, 7.25, 6.25] }, 
            "faces": {
                "north": { "uv": [ 2, 13.25, 1.25, 12.75 ], "rotation":180, "texture": "#main" }, 
                "east":  { "uv": [ 2, 13.25, 1.25, 12.75 ], "rotation":180, "texture": "#main" }, 
                "south": { "uv": [ 1.25, 12.75, 2, 13.25 ], "texture": "#main" }, 
                "west":  { "uv": [ 1.25, 12.75, 2, 13.25 ], "texture": "#main" }, 
                "up":    { "uv": [ 4.5, 11, 5.25, 11.75 ], "texture": "#main" }, 
                "down":  { "uv": [ 4.5, 10.25, 5.25, 11 ], "rotation":180, "texture": "#main" }
            }
        }, 
        {
            "from": [ -0.5, 4.75, 4.75 ], 
            "to":   [ 2.5, 8.75, 7.75 ], 
            "rotation": { "angle": 0, "axis": "x", "origin": [4, 6.25, 6.25] }, 
            "faces": {
                "north": { "uv": [ 3.75, 9.75, 3, 8.75 ], "rotation":180, "texture": "#main" }, 
                "east":  { "uv": [ 3.75, 9.75, 3, 8.75 ], "rotation":180, "texture": "#main" }, 
                "south": { "uv": [ 3, 8.75, 3.75, 9.75 ], "texture": "#main" }, 
                "west":  { "uv": [ 3, 8.75, 3.75, 9.75 ], "texture": "#main" }, 
                "up":    { "uv": [ 0, 12.5, 0.75, 13.25 ], "texture": "#main" }, 
                "down":  { "uv": [ 3.75, 12.25, 4.5, 13 ], "rotation":180, "texture": "#main" }
            }
        }, 
        {
            "from": [ -1, 1.25, 4.25 ], 
            "to":   [ 3, 4.75, 8.25 ], 
            "rotation": { "angle": 0, "axis": "x", "origin": [4, 6.25, 6.25] }, 
            "faces": {
                "north": { "uv": [ 3.5, 8.75, 2.5, 8 ], "rotation":180, "texture": "#main" }, 
                "east":  { "uv": [ 3.5, 8.75, 2.5, 8 ], "rotation":180, "texture": "#main" }, 
                "south": { "uv": [ 2.5, 8, 3.5, 8.75 ], "texture": "#main" }, 
                "west":  { "uv": [ 2.5, 8, 3.5, 8.75 ], "texture": "#main" }, 
                "up":    { "uv": [ 1.5, 8, 2.5, 9 ], "texture": "#main" }, 
                "down":  { "uv": [ 1, 9.5, 2, 10.5 ], "rotation":180, "texture": "#main" }
            }
        }, 
        {
            "from": [ -1.25, 3, 4 ], 
            "to":   [ 3.25, 3, 8.5 ], 
            "rotation": { "angle": 0, "axis": "x", "origin": [4, 3, 6.25] }, 
            "faces": {
                "north": { "uv": [ 2.5, 8, 3.5, 8.75 ], "rotation":180, "texture": "#main" }, 
                "east":  { "uv": [ 3.5, 8.75, 2.5, 8 ], "texture": "#main" }, 
                "south": { "uv": [ 3.5, 8.75, 2.5, 8 ], "texture": "#main" }, 
                "west":  { "uv": [ 2.5, 8, 3.5, 8.75 ], "rotation":180, "texture": "#main" }, 
                "up":    { "uv": [ 1.5, 8, 2.5, 9 ], "rotation":180, "texture": "#main" }, 
                "down":  { "uv": [ 1.5, 8, 2.5, 9 ], "texture": "#main" }
            }
        }, 
        {
            "from": [ 4.75, 3, 4 ], 
            "to":   [ 9.25, 3, 8.5 ], 
            "rotation": { "angle": 0, "axis": "x", "origin": [4, 3, 6.25] }, 
            "faces": {
                "north": { "uv": [ 2.5, 8, 3.5, 8.75 ], "rotation":180, "texture": "#main" }, 
                "east":  { "uv": [ 3.5, 8.75, 2.5, 8 ], "texture": "#main" }, 
                "south": { "uv": [ 3.5, 8.75, 2.5, 8 ], "texture": "#main" }, 
                "west":  { "uv": [ 2.5, 8, 3.5, 8.75 ], "rotation":180, "texture": "#main" }, 
                "up":    { "uv": [ 1.5, 8, 2.5, 9 ], "rotation":180, "texture": "#main" }, 
                "down":  { "uv": [ 1.5, 8, 2.5, 9 ], "texture": "#main" }
            }
        }, 
        {
            "from": [ 5, 1.1, 4.25 ], 
            "to":   [ 9, 1.1, 6 ], 
            "rotation": { "angle": 0, "axis": "x", "origin": [4, 3, 6.25] }, 
            "faces": {
                "north": { "uv": [ 2.5, 8, 3.5, 8.75 ], "rotation":180, "texture": "#main" }, 
                "east":  { "uv": [ 3.5, 8.75, 2.5, 8 ], "texture": "#main" }, 
                "south": { "uv": [ 3.5, 8.75, 2.5, 8 ], "texture": "#main" }, 
                "west":  { "uv": [ 2.5, 8, 3.5, 8.75 ], "rotation":180, "texture": "#main" }, 
                "up":    { "uv": [ 1.5, 8, 2.5, 9 ], "rotation":180, "texture": "#main" }, 
                "down":  { "uv": [ 1, 10, 0, 9.5 ], "texture": "#main" }
            }
        }, 
        {
            "from": [ -1, 1.1, 4.25 ], 
            "to":   [ 3, 1.1, 6 ], 
            "rotation": { "angle": 0, "axis": "x", "origin": [4, 3, 6.25] }, 
            "faces": {
                "north": { "uv": [ 2.5, 8, 3.5, 8.75 ], "rotation":180, "texture": "#main" }, 
                "east":  { "uv": [ 3.5, 8.75, 2.5, 8 ], "texture": "#main" }, 
                "south": { "uv": [ 3.5, 8.75, 2.5, 8 ], "texture": "#main" }, 
                "west":  { "uv": [ 2.5, 8, 3.5, 8.75 ], "rotation":180, "texture": "#main" }, 
                "up":    { "uv": [ 1.5, 8, 2.5, 9 ], "rotation":180, "texture": "#main" }, 
                "down":  { "uv": [ 1, 10, 0, 9.5 ], "texture": "#main" }
            }
        }, 
        {
            "from": [ 9.25, 0.5, 4 ], 
            "to":   [ 9.25, 3.5, 8.5 ], 
            "rotation": { "angle": 0, "axis": "x", "origin": [4, 5.5, 6.25] }, 
            "faces": {
                "north": { "uv": [ 3.5, 8.75, 2.5, 8 ], "rotation":180, "texture": "#main" }, 
                "east":  { "uv": [ 3.5, 8.75, 2.5, 8 ], "rotation":180, "texture": "#main" }, 
                "south": { "uv": [ 2.5, 8, 3.5, 8.75 ], "texture": "#main" }, 
                "west":  { "uv": [ 2.5, 8, 3.5, 8.75 ], "texture": "#main" }, 
                "up":    { "uv": [ 1.5, 8, 2.5, 9 ], "texture": "#main" }, 
                "down":  { "uv": [ 3.25, 14, 4.25, 15 ], "rotation":180, "texture": "#main" }
            }
        }, 
        {
            "from": [ 3.25, 0.5, 4 ], 
            "to":   [ 3.25, 3.5, 8.5 ], 
            "rotation": { "angle": 0, "axis": "x", "origin": [4, 5.5, 6.25] }, 
            "faces": {
                "north": { "uv": [ 3.5, 8.75, 2.5, 8 ], "rotation":180, "texture": "#main" }, 
                "east":  { "uv": [ 3.5, 8.75, 2.5, 8 ], "rotation":180, "texture": "#main" }, 
                "south": { "uv": [ 2.5, 8, 3.5, 8.75 ], "texture": "#main" }, 
                "west":  { "uv": [ 2.5, 8, 3.5, 8.75 ], "texture": "#main" }, 
                "up":    { "uv": [ 1.5, 8, 2.5, 9 ], "texture": "#main" }, 
                "down":  { "uv": [ 3.25, 14, 4.25, 15 ], "rotation":180, "texture": "#main" }
            }
        }, 
        {
            "from": [ -1.25, 0.5, 8.5 ], 
            "to":   [ 3.25, 3.5, 8.5 ], 
            "rotation": { "angle": 0, "axis": "x", "origin": [4, 5.5, 6.25] }, 
            "faces": {
                "north": { "uv": [ 3.5, 8.75, 2.5, 8 ], "rotation":180, "texture": "#main" }, 
                "east":  { "uv": [ 3.5, 8.75, 2.5, 8 ], "rotation":180, "texture": "#main" }, 
                "south": { "uv": [ 2.5, 8, 3.5, 8.75 ], "texture": "#main" }, 
                "west":  { "uv": [ 2.5, 8, 3.5, 8.75 ], "texture": "#main" }, 
                "up":    { "uv": [ 1.5, 8, 2.5, 9 ], "texture": "#main" }, 
                "down":  { "uv": [ 3.25, 14, 4.25, 15 ], "rotation":180, "texture": "#main" }
            }
        }, 
        {
            "from": [ 4.75, 0.5, 8.5 ], 
            "to":   [ 9.25, 3.5, 8.5 ], 
            "rotation": { "angle": 0, "axis": "x", "origin": [4, 5.5, 6.25] }, 
            "faces": {
                "north": { "uv": [ 3.5, 8.75, 2.5, 8 ], "rotation":180, "texture": "#main" }, 
                "east":  { "uv": [ 3.5, 8.75, 2.5, 8 ], "rotation":180, "texture": "#main" }, 
                "south": { "uv": [ 2.5, 8, 3.5, 8.75 ], "texture": "#main" }, 
                "west":  { "uv": [ 2.5, 8, 3.5, 8.75 ], "texture": "#main" }, 
                "up":    { "uv": [ 1.5, 8, 2.5, 9 ], "texture": "#main" }, 
                "down":  { "uv": [ 3.25, 14, 4.25, 15 ], "rotation":180, "texture": "#main" }
            }
        }, 
        {
            "from": [ 4.75, 0.5, 4 ], 
            "to":   [ 9.25, 3.5, 4 ], 
            "rotation": { "angle": 0, "axis": "x", "origin": [4, 5.5, 6.25] }, 
            "faces": {
                "north": { "uv": [ 3.5, 8.75, 2.5, 8 ], "rotation":180, "texture": "#main" }, 
                "east":  { "uv": [ 3.5, 8.75, 2.5, 8 ], "rotation":180, "texture": "#main" }, 
                "south": { "uv": [ 2.5, 8, 3.5, 8.75 ], "texture": "#main" }, 
                "west":  { "uv": [ 2.5, 8, 3.5, 8.75 ], "texture": "#main" }, 
                "up":    { "uv": [ 1.5, 8, 2.5, 9 ], "texture": "#main" }, 
                "down":  { "uv": [ 3.25, 14, 4.25, 15 ], "rotation":180, "texture": "#main" }
            }
        }, 
        {
            "from": [ 4.75, 0.5, 4 ], 
            "to":   [ 4.75, 3.5, 8.5 ], 
            "rotation": { "angle": 0, "axis": "x", "origin": [4, 5.5, 6.25] }, 
            "faces": {
                "north": { "uv": [ 3.5, 8.75, 2.5, 8 ], "rotation":180, "texture": "#main" }, 
                "east":  { "uv": [ 3.5, 8.75, 2.5, 8 ], "rotation":180, "texture": "#main" }, 
                "south": { "uv": [ 2.5, 8, 3.5, 8.75 ], "texture": "#main" }, 
                "west":  { "uv": [ 2.5, 8, 3.5, 8.75 ], "texture": "#main" }, 
                "up":    { "uv": [ 1.5, 8, 2.5, 9 ], "texture": "#main" }, 
                "down":  { "uv": [ 3.25, 14, 4.25, 15 ], "rotation":180, "texture": "#main" }
            }
        }, 
        {
            "from": [ -1.25, 0.5, 4 ], 
            "to":   [ 3.25, 3.5, 4 ], 
            "rotation": { "angle": 0, "axis": "x", "origin": [4, 5.5, 6.25] }, 
            "faces": {
                "north": { "uv": [ 3.5, 8.75, 2.5, 8 ], "rotation":180, "texture": "#main" }, 
                "east":  { "uv": [ 3.5, 8.75, 2.5, 8 ], "rotation":180, "texture": "#main" }, 
                "south": { "uv": [ 2.5, 8, 3.5, 8.75 ], "texture": "#main" }, 
                "west":  { "uv": [ 2.5, 8, 3.5, 8.75 ], "texture": "#main" }, 
                "up":    { "uv": [ 1.5, 8, 2.5, 9 ], "texture": "#main" }, 
                "down":  { "uv": [ 3.25, 14, 4.25, 15 ], "rotation":180, "texture": "#main" }
            }
        }, 
        {
            "from": [ -1.25, 0.5, 4 ], 
            "to":   [ -1.25, 3.5, 8.5 ], 
            "rotation": { "angle": 0, "axis": "x", "origin": [4, 5.5, 6.25] }, 
            "faces": {
                "north": { "uv": [ 3.5, 8.75, 2.5, 8 ], "rotation":180, "texture": "#main" }, 
                "east":  { "uv": [ 3.5, 8.75, 2.5, 8 ], "rotation":180, "texture": "#main" }, 
                "south": { "uv": [ 2.5, 8, 3.5, 8.75 ], "texture": "#main" }, 
                "west":  { "uv": [ 2.5, 8, 3.5, 8.75 ], "texture": "#main" }, 
                "up":    { "uv": [ 1.5, 8, 2.5, 9 ], "texture": "#main" }, 
                "down":  { "uv": [ 3.25, 14, 4.25, 15 ], "rotation":180, "texture": "#main" }
            }
        }, 
        {
            "from": [ 5, 1.25, 4.25 ], 
            "to":   [ 9, 4.75, 8.25 ], 
            "rotation": { "angle": 0, "axis": "x", "origin": [4, 6.25, 6.25] }, 
            "faces": {
                "north": { "uv": [ 11.5, 8.75, 10.5, 8 ], "rotation":180, "texture": "#main" }, 
                "east":  { "uv": [ 11.5, 8.75, 10.5, 8 ], "rotation":180, "texture": "#main" }, 
                "south": { "uv": [ 10.5, 8, 11.5, 8.75 ], "texture": "#main" }, 
                "west":  { "uv": [ 10.5, 8, 11.5, 8.75 ], "texture": "#main" }, 
                "up":    { "uv": [ 9.5, 8, 10.5, 9 ], "texture": "#main" }, 
                "down":  { "uv": [ 9, 9.5, 10, 10.5 ], "rotation":180, "texture": "#main" }
            }
        }, 
        {
            "from": [ 5.5, 4.75, 4.75 ], 
            "to":   [ 8.5, 8.75, 7.75 ], 
            "rotation": { "angle": 0, "axis": "x", "origin": [4, 6.25, 6.25] }, 
            "faces": {
                "north": { "uv": [ 11.75, 9.75, 11, 8.75 ], "rotation":180, "texture": "#main" }, 
                "east":  { "uv": [ 11.75, 9.75, 11, 8.75 ], "rotation":180, "texture": "#main" }, 
                "south": { "uv": [ 11, 8.75, 11.75, 9.75 ], "texture": "#main" }, 
                "west":  { "uv": [ 11, 8.75, 11.75, 9.75 ], "texture": "#main" }, 
                "up":    { "uv": [ 8, 12.5, 8.75, 13.25 ], "texture": "#main" }, 
                "down":  { "uv": [ 11.75, 12.25, 12.5, 13 ], "rotation":180, "texture": "#main" }
            }
        }, 
        {
            "from": [ 1, 5.75, 4 ], 
            "to":   [ 7, 7.75, 7.25 ], 
            "rotation": { "angle": 0, "axis": "x", "origin": [4, 6.25, 6.25] }, 
            "faces": {
                "north": { "uv": [ 10.25, 12.75, 8.75, 12.25 ], "rotation":180, "texture": "#main" }, 
                "east":  { "uv": [ 13.75, 8.75, 13.25, 9.5 ], "rotation":90, "texture": "#main" }, 
                "south": { "uv": [ 10.25, 12.25, 8.75, 12.75 ], "texture": "#main" }, 
                "west":  { "uv": [ 13.25, 8.75, 13.75, 9.5 ], "rotation":270, "texture": "#main" }, 
                "up":    { "uv": [ 9.5, 8, 8, 8.75 ], "texture": "#main" }, 
                "down":  { "uv": [ 8, 8, 9.5, 8.75 ], "rotation":180, "texture": "#main" }
            }
        }, 
        {
            "from": [ 5.75, 8.75, 5 ], 
            "to":   [ 8.25, 11.75, 7.5 ], 
            "rotation": { "angle": 0, "axis": "x", "origin": [4, 7.25, 6.25] }, 
            "faces": {
                "north": { "uv": [ 10, 13.25, 9.25, 12.75 ], "rotation":180, "texture": "#main" }, 
                "east":  { "uv": [ 10, 13.25, 9.25, 12.75 ], "rotation":180, "texture": "#main" }, 
                "south": { "uv": [ 9.25, 12.75, 10, 13.25 ], "texture": "#main" }, 
                "west":  { "uv": [ 9.25, 12.75, 10, 13.25 ], "texture": "#main" }, 
                "up":    { "uv": [ 12.5, 11, 13.25, 11.75 ], "texture": "#main" }, 
                "down":  { "uv": [ 12.5, 10.25, 13.25, 11 ], "rotation":180, "texture": "#main" }
            }
        }, 
        {
            "from": [ -0.25, 8.75, 5 ], 
            "to":   [ 2.25, 11.75, 7.5 ], 
            "rotation": { "angle": 0, "axis": "x", "origin": [4, 7.25, 6.25] }, 
            "faces": {
                "north": { "uv": [ 10, 13.25, 9.25, 12.75 ], "rotation":180, "texture": "#main" }, 
                "east":  { "uv": [ 10, 13.25, 9.25, 12.75 ], "rotation":180, "texture": "#main" }, 
                "south": { "uv": [ 9.25, 12.75, 10, 13.25 ], "texture": "#main" }, 
                "west":  { "uv": [ 9.25, 12.75, 10, 13.25 ], "texture": "#main" }, 
                "up":    { "uv": [ 12.5, 11, 13.25, 11.75 ], "texture": "#main" }, 
                "down":  { "uv": [ 12.5, 10.25, 13.25, 11 ], "rotation":180, "texture": "#main" }
            }
        }, 
        {
            "from": [ -0.5, 4.75, 4.75 ], 
            "to":   [ 2.5, 8.75, 7.75 ], 
            "rotation": { "angle": 0, "axis": "x", "origin": [4, 6.25, 6.25] }, 
            "faces": {
                "north": { "uv": [ 11.75, 9.75, 11, 8.75 ], "rotation":180, "texture": "#main" }, 
                "east":  { "uv": [ 11.75, 9.75, 11, 8.75 ], "rotation":180, "texture": "#main" }, 
                "south": { "uv": [ 11, 8.75, 11.75, 9.75 ], "texture": "#main" }, 
                "west":  { "uv": [ 11, 8.75, 11.75, 9.75 ], "texture": "#main" }, 
                "up":    { "uv": [ 8, 12.5, 8.75, 13.25 ], "texture": "#main" }, 
                "down":  { "uv": [ 11.75, 12.25, 12.5, 13 ], "rotation":180, "texture": "#main" }
            }
        }, 
        {
            "from": [ -1, 1.25, 4.25 ], 
            "to":   [ 3, 4.75, 8.25 ], 
            "rotation": { "angle": 0, "axis": "x", "origin": [4, 6.25, 6.25] }, 
            "faces": {
                "north": { "uv": [ 11.5, 8.75, 10.5, 8 ], "rotation":180, "texture": "#main" }, 
                "east":  { "uv": [ 11.5, 8.75, 10.5, 8 ], "rotation":180, "texture": "#main" }, 
                "south": { "uv": [ 10.5, 8, 11.5, 8.75 ], "texture": "#main" }, 
                "west":  { "uv": [ 10.5, 8, 11.5, 8.75 ], "texture": "#main" }, 
                "up":    { "uv": [ 9.5, 8, 10.5, 9 ], "texture": "#main" }, 
                "down":  { "uv": [ 9, 9.5, 10, 10.5 ], "rotation":180, "texture": "#main" }
            }
        }, 
        {
            "from": [ -1.25, 3, 4 ], 
            "to":   [ 3.25, 3, 8.5 ], 
            "rotation": { "angle": 0, "axis": "x", "origin": [4, 3, 6.25] }, 
            "faces": {
                "north": { "uv": [ 10.5, 8, 11.5, 8.75 ], "rotation":180, "texture": "#main" }, 
                "east":  { "uv": [ 11.5, 8.75, 10.5, 8 ], "texture": "#main" }, 
                "south": { "uv": [ 11.5, 8.75, 10.5, 8 ], "texture": "#main" }, 
                "west":  { "uv": [ 10.5, 8, 11.5, 8.75 ], "rotation":180, "texture": "#main" }, 
                "up":    { "uv": [ 9.5, 8, 10.5, 9 ], "rotation":180, "texture": "#main" }, 
                "down":  { "uv": [ 9.5, 8, 10.5, 9 ], "texture": "#main" }
            }
        }, 
        {
            "from": [ 4.75, 3, 4 ], 
            "to":   [ 9.25, 3, 8.5 ], 
            "rotation": { "angle": 0, "axis": "x", "origin": [4, 3, 6.25] }, 
            "faces": {
                "north": { "uv": [ 10.5, 8, 11.5, 8.75 ], "rotation":180, "texture": "#main" }, 
                "east":  { "uv": [ 11.5, 8.75, 10.5, 8 ], "texture": "#main" }, 
                "south": { "uv": [ 11.5, 8.75, 10.5, 8 ], "texture": "#main" }, 
                "west":  { "uv": [ 10.5, 8, 11.5, 8.75 ], "rotation":180, "texture": "#main" }, 
                "up":    { "uv": [ 9.5, 8, 10.5, 9 ], "rotation":180, "texture": "#main" }, 
                "down":  { "uv": [ 9.5, 8, 10.5, 9 ], "texture": "#main" }
            }
        }, 
        {
            "from": [ 5, 1.1, 4.25 ], 
            "to":   [ 9, 1.1, 8.25 ], 
            "rotation": { "angle": 0, "axis": "x", "origin": [4, 3, 6.25] }, 
            "faces": {
                "north": { "uv": [ 10.5, 8, 11.5, 8.75 ], "rotation":180, "texture": "#main" }, 
                "east":  { "uv": [ 11.5, 8.75, 10.5, 8 ], "texture": "#main" }, 
                "south": { "uv": [ 11.5, 8.75, 10.5, 8 ], "texture": "#main" }, 
                "west":  { "uv": [ 10.5, 8, 11.5, 8.75 ], "rotation":180, "texture": "#main" }, 
                "up":    { "uv": [ 9.5, 8, 10.5, 9 ], "rotation":180, "texture": "#main" }, 
                "down":  { "uv": [ 9, 10.5, 8, 9.5 ], "texture": "#main" }
            }
        }, 
        {
            "from": [ -1, 1.1, 4.25 ], 
            "to":   [ 3, 1.1, 8.25 ], 
            "rotation": { "angle": 0, "axis": "x", "origin": [4, 3, 6.25] }, 
            "faces": {
                "north": { "uv": [ 10.5, 8, 11.5, 8.75 ], "rotation":180, "texture": "#main" }, 
                "east":  { "uv": [ 11.5, 8.75, 10.5, 8 ], "texture": "#main" }, 
                "south": { "uv": [ 11.5, 8.75, 10.5, 8 ], "texture": "#main" }, 
                "west":  { "uv": [ 10.5, 8, 11.5, 8.75 ], "rotation":180, "texture": "#main" }, 
                "up":    { "uv": [ 9.5, 8, 10.5, 9 ], "rotation":180, "texture": "#main" }, 
                "down":  { "uv": [ 9, 10.5, 8, 9.5 ], "texture": "#main" }
            }
        }, 
        {
            "from": [ 9.25, 0.5, 4 ], 
            "to":   [ 9.25, 3.5, 8.5 ], 
            "rotation": { "angle": 0, "axis": "x", "origin": [4, 5.5, 6.25] }, 
            "faces": {
                "north": { "uv": [ 11.5, 8.75, 10.5, 8 ], "rotation":180, "texture": "#main" }, 
                "east":  { "uv": [ 11.5, 8.75, 10.5, 8 ], "rotation":180, "texture": "#main" }, 
                "south": { "uv": [ 10.5, 8, 11.5, 8.75 ], "texture": "#main" }, 
                "west":  { "uv": [ 10.5, 8, 11.5, 8.75 ], "texture": "#main" }, 
                "up":    { "uv": [ 9.5, 8, 10.5, 9 ], "texture": "#main" }, 
                "down":  { "uv": [ 11.25, 14, 12.25, 15 ], "rotation":180, "texture": "#main" }
            }
        }, 
        {
            "from": [ 3.25, 0.5, 4 ], 
            "to":   [ 3.25, 3.5, 8.5 ], 
            "rotation": { "angle": 0, "axis": "x", "origin": [4, 5.5, 6.25] }, 
            "faces": {
                "north": { "uv": [ 11.5, 8.75, 10.5, 8 ], "rotation":180, "texture": "#main" }, 
                "east":  { "uv": [ 11.5, 8.75, 10.5, 8 ], "rotation":180, "texture": "#main" }, 
                "south": { "uv": [ 10.5, 8, 11.5, 8.75 ], "texture": "#main" }, 
                "west":  { "uv": [ 10.5, 8, 11.5, 8.75 ], "texture": "#main" }, 
                "up":    { "uv": [ 9.5, 8, 10.5, 9 ], "texture": "#main" }, 
                "down":  { "uv": [ 11.25, 14, 12.25, 15 ], "rotation":180, "texture": "#main" }
            }
        }, 
        {
            "from": [ -1.25, 0.5, 8.5 ], 
            "to":   [ 3.25, 3.5, 8.5 ], 
            "rotation": { "angle": 0, "axis": "x", "origin": [4, 5.5, 6.25] }, 
            "faces": {
                "north": { "uv": [ 11.5, 8.75, 10.5, 8 ], "rotation":180, "texture": "#main" }, 
                "east":  { "uv": [ 11.5, 8.75, 10.5, 8 ], "rotation":180, "texture": "#main" }, 
                "south": { "uv": [ 10.5, 8, 11.5, 8.75 ], "texture": "#main" }, 
                "west":  { "uv": [ 10.5, 8, 11.5, 8.75 ], "texture": "#main" }, 
                "up":    { "uv": [ 9.5, 8, 10.5, 9 ], "texture": "#main" }, 
                "down":  { "uv": [ 11.25, 14, 12.25, 15 ], "rotation":180, "texture": "#main" }
            }
        }, 
        {
            "from": [ 4.75, 0.5, 8.5 ], 
            "to":   [ 9.25, 3.5, 8.5 ], 
            "rotation": { "angle": 0, "axis": "x", "origin": [4, 5.5, 6.25] }, 
            "faces": {
                "north": { "uv": [ 11.5, 8.75, 10.5, 8 ], "rotation":180, "texture": "#main" }, 
                "east":  { "uv": [ 11.5, 8.75, 10.5, 8 ], "rotation":180, "texture": "#main" }, 
                "south": { "uv": [ 10.5, 8, 11.5, 8.75 ], "texture": "#main" }, 
                "west":  { "uv": [ 10.5, 8, 11.5, 8.75 ], "texture": "#main" }, 
                "up":    { "uv": [ 9.5, 8, 10.5, 9 ], "texture": "#main" }, 
                "down":  { "uv": [ 11.25, 14, 12.25, 15 ], "rotation":180, "texture": "#main" }
            }
        }, 
        {
            "from": [ 4.75, 0.5, 4 ], 
            "to":   [ 9.25, 3.5, 4 ], 
            "rotation": { "angle": 0, "axis": "x", "origin": [4, 5.5, 6.25] }, 
            "faces": {
                "north": { "uv": [ 11.5, 8.75, 10.5, 8 ], "rotation":180, "texture": "#main" }, 
                "east":  { "uv": [ 11.5, 8.75, 10.5, 8 ], "rotation":180, "texture": "#main" }, 
                "south": { "uv": [ 10.5, 8, 11.5, 8.75 ], "texture": "#main" }, 
                "west":  { "uv": [ 10.5, 8, 11.5, 8.75 ], "texture": "#main" }, 
                "up":    { "uv": [ 9.5, 8, 10.5, 9 ], "texture": "#main" }, 
                "down":  { "uv": [ 11.25, 14, 12.25, 15 ], "rotation":180, "texture": "#main" }
            }
        }, 
        {
            "from": [ 4.75, 0.5, 4 ], 
            "to":   [ 4.75, 3.5, 8.5 ], 
            "rotation": { "angle": 0, "axis": "x", "origin": [4, 5.5, 6.25] }, 
            "faces": {
                "north": { "uv": [ 11.5, 8.75, 10.5, 8 ], "rotation":180, "texture": "#main" }, 
                "east":  { "uv": [ 11.5, 8.75, 10.5, 8 ], "rotation":180, "texture": "#main" }, 
                "south": { "uv": [ 10.5, 8, 11.5, 8.75 ], "texture": "#main" }, 
                "west":  { "uv": [ 10.5, 8, 11.5, 8.75 ], "texture": "#main" }, 
                "up":    { "uv": [ 9.5, 8, 10.5, 9 ], "texture": "#main" }, 
                "down":  { "uv": [ 11.25, 14, 12.25, 15 ], "rotation":180, "texture": "#main" }
            }
        }, 
        {
            "from": [ -1.25, 0.5, 4 ], 
            "to":   [ 3.25, 3.5, 4 ], 
            "rotation": { "angle": 0, "axis": "x", "origin": [4, 5.5, 6.25] }, 
            "faces": {
                "north": { "uv": [ 11.5, 8.75, 10.5, 8 ], "rotation":180, "texture": "#main" }, 
                "east":  { "uv": [ 11.5, 8.75, 10.5, 8 ], "rotation":180, "texture": "#main" }, 
                "south": { "uv": [ 10.5, 8, 11.5, 8.75 ], "texture": "#main" }, 
                "west":  { "uv": [ 10.5, 8, 11.5, 8.75 ], "texture": "#main" }, 
                "up":    { "uv": [ 9.5, 8, 10.5, 9 ], "texture": "#main" }, 
                "down":  { "uv": [ 11.25, 14, 12.25, 15 ], "rotation":180, "texture": "#main" }
            }
        }, 
        {
            "from": [ -1.25, 0.5, 4 ], 
            "to":   [ -1.25, 3.5, 8.5 ], 
            "rotation": { "angle": 0, "axis": "x", "origin": [4, 5.5, 6.25] }, 
            "faces": {
                "north": { "uv": [ 11.5, 8.75, 10.5, 8 ], "rotation":180, "texture": "#main" }, 
                "east":  { "uv": [ 11.5, 8.75, 10.5, 8 ], "rotation":180, "texture": "#main" }, 
                "south": { "uv": [ 10.5, 8, 11.5, 8.75 ], "texture": "#main" }, 
                "west":  { "uv": [ 10.5, 8, 11.5, 8.75 ], "texture": "#main" }, 
                "up":    { "uv": [ 9.5, 8, 10.5, 9 ], "texture": "#main" }, 
                "down":  { "uv": [ 11.25, 14, 12.25, 15 ], "rotation":180, "texture": "#main" }
            }
        }
    ], 
    "gui_light": "front", 
    "display": {
        "thirdperson_righthand": {
            "rotation": [ -32.15, 78.62, 24.39 ], 
            "translation": [ 2.5, -2.5, -5.75 ]
        }, 
        "thirdperson_lefthand": {
            "rotation": [ -32.15, 78.62, 24.39 ], 
            "translation": [ 1.5, -1.5, 2.5 ]
        }, 
        "firstperson_righthand": {
            "translation": [ 4.25, -0.25, 0 ]
        }, 
        "firstperson_lefthand": {
            "translation": [ -1.25, -0.25, 0 ]
        }, 
        "ground": {
            "rotation": [ 90, 0, 0 ], 
            "translation": [ 1.25, 0, 0 ]
        }, 
        "gui": {
            "rotation": [ 131.5, 1, 143 ], 
            "translation": [ -6, -2, 0 ], 
            "scale": [ 1.2, 1.2, 1.2 ]
        }, 
        "head": {
            "rotation": [ 90, 0, 0 ], 
            "translation": [ 2.75, -1, -13.25 ], 
            "scale": [ 1.3, 1.3, 1.3 ]
        }, 
        "fixed": {
            "translation": [ 5, 0, -2 ], 
            "scale": [ 1.6, 1.6, 1.6 ]
        }
    }, 
    "groups": [
        {
            "name": "binoculars", 
            "origin": [
                8, 
                8, 
                8
            ], 
            "color": 0, 
            "children": [
                0, 
                1, 
                2, 
                3, 
                4, 
                5, 
                6, 
                {
                    "name": "eyelids", 
                    "origin": [
                        4, 
                        3, 
                        6.25
                    ], 
                    "color": 0, 
                    "children": []
                }, 
                {
                    "name": "group", 
                    "origin": [
                        4, 
                        3, 
                        6.25
                    ], 
                    "color": 0, 
                    "children": [
                        7, 
                        8, 
                        {
                            "name": "eyelid", 
                            "origin": [
                                4, 
                                3, 
                                6.25
                            ], 
                            "color": 0, 
                            "children": [
                                9, 
                                10
                            ]
                        }
                    ]
                }, 
                {
                    "name": "layer", 
                    "origin": [
                        4, 
                        7, 
                        6.25
                    ], 
                    "color": 0, 
                    "children": [
                        11, 
                        12, 
                        13, 
                        14, 
                        15, 
                        16, 
                        17, 
                        18
                    ]
                }
            ]
        }
    ], 
    "__comment": "Model animated using Fizzy's model animator - http://fizzy81.github.io/animated-models/"
}