{
	"credit": "by Hoffen _InkGhoul",
	"textures": {
		"0": "custom:item/gtws_telescope",
		"1": "custom:item/gtws_telescope_blink",
		"particle": "custom:item/gtws_telescope"
	},
	"elements": [
		{
			"from": [6, 1, 5],
			"to": [11, 6, 10],
			"rotation": {"angle": 0, "axis": "y", "origin": [6, 0, 4]},
			"faces": {
				"north": {"uv": [4, 0, 9, 6], "texture": "#0"},
				"east": {"uv": [4, 0, 9, 6], "texture": "#0"},
				"south": {"uv": [4, 0, 9, 6], "texture": "#0"},
				"west": {"uv": [4, 0, 9, 6], "texture": "#0"},
				"up": {"uv": [4, 14, 6, 16], "texture": "#0"},
				"down": {"uv": [4, 16, 6, 14], "texture": "#0"}
			}
		},
		{
			"from": [5.75, 1, 4.75],
			"to": [11.25, 1, 10.25],
			"rotation": {"angle": 0, "axis": "y", "origin": [6, -5, 4]},
			"faces": {
				"north": {"uv": [4, 0, 9, 6], "texture": "#0"},
				"east": {"uv": [4, 0, 9, 6], "texture": "#0"},
				"south": {"uv": [4, 0, 9, 6], "texture": "#0"},
				"west": {"uv": [4, 0, 9, 6], "texture": "#0"},
				"up": {"uv": [4, 14, 6, 16], "texture": "#0"},
				"down": {"uv": [4, 16, 6, 14], "texture": "#0"}
			}
		},
		{
			"from": [6.5, 6, 5.5],
			"to": [10.5, 11, 9.5],
			"rotation": {"angle": 0, "axis": "y", "origin": [5.5, 5, 3.5]},
			"faces": {
				"north": {"uv": [0, 8, 4, 13], "texture": "#0"},
				"east": {"uv": [0, 8, 4, 13], "texture": "#0"},
				"south": {"uv": [0, 8, 4, 13], "texture": "#0"},
				"west": {"uv": [0, 8, 4, 13], "texture": "#0"},
				"up": {"uv": [4, 14, 6, 16], "texture": "#0"},
				"down": {"uv": [15, 0, 16, 1], "texture": "#0"}
			}
		},
		{
			"from": [7, 11, 6],
			"to": [10, 19, 9],
			"rotation": {"angle": 0, "axis": "y", "origin": [5.5, 11, 3.5]},
			"faces": {
				"north": {"uv": [0, 0, 3, 8], "texture": "#0"},
				"east": {"uv": [0, 0, 3, 8], "texture": "#0"},
				"south": {"uv": [0, 0, 3, 8], "texture": "#0"},
				"west": {"uv": [0, 0, 3, 8], "texture": "#0"},
				"up": {"uv": [0, 13, 3, 16], "texture": "#0"},
				"down": {"uv": [15, 0, 16, 1], "texture": "#0"}
			}
		},
		{
			"from": [7.3, 9, 2],
			"to": [9.3, 17, 4],
			"rotation": {"angle": 0, "axis": "y", "origin": [8.3, 13, 4.1]},
			"faces": {
				"north": {"uv": [11, 6, 13, 14], "texture": "#0"},
				"east": {"uv": [11, 6, 13, 14], "texture": "#0"},
				"south": {"uv": [11, 6, 13, 14], "texture": "#0"},
				"west": {"uv": [11, 6, 13, 14], "texture": "#0"},
				"up": {"uv": [2, 13, 0, 15], "rotation": 90, "texture": "#0"},
				"down": {"uv": [2, 15, 0, 13], "rotation": 270, "texture": "#0"}
			}
		},
		{
			"from": [8.3, 10, 4],
			"to": [8.3, 16, 6],
			"rotation": {"angle": 0, "axis": "y", "origin": [8.3, 13, 2.8]},
			"faces": {
				"north": {"uv": [0, 0, 0, 6], "texture": "#0"},
				"east": {"uv": [11, 0, 13, 6], "texture": "#0"},
				"south": {"uv": [0, 0, 0, 6], "texture": "#0"},
				"west": {"uv": [13, 0, 11, 6], "texture": "#0"},
				"up": {"uv": [0, 0, 2, 0], "rotation": 90, "texture": "#0"},
				"down": {"uv": [0, 0, 2, 0], "rotation": 270, "texture": "#0"}
			}
		},
		{
			"from": [5.75, 0, 4.75],
			"to": [11.25, 2, 4.75],
			"rotation": {"angle": 0, "axis": "y", "origin": [6, 0, 3.75]},
			"faces": {
				"north": {"uv": [4, 4, 9, 6], "texture": "#0"},
				"east": {"uv": [4, 0, 9, 6], "texture": "#0"},
				"south": {"uv": [9, 4, 4, 6], "texture": "#0"},
				"west": {"uv": [4, 0, 9, 6], "texture": "#0"},
				"up": {"uv": [4, 14, 6, 16], "texture": "#0"},
				"down": {"uv": [4, 16, 6, 14], "texture": "#0"}
			}
		},
		{
			"from": [5.75, 0, 10.25],
			"to": [11.25, 2, 10.25],
			"rotation": {"angle": 0, "axis": "y", "origin": [6, 0, 11.25]},
			"faces": {
				"north": {"uv": [9, 4, 4, 6], "texture": "#0"},
				"east": {"uv": [9, 0, 4, 6], "texture": "#0"},
				"south": {"uv": [4, 4, 9, 6], "texture": "#0"},
				"west": {"uv": [9, 0, 4, 6], "texture": "#0"},
				"up": {"uv": [4, 16, 6, 14], "texture": "#0"},
				"down": {"uv": [4, 14, 6, 16], "texture": "#0"}
			}
		},
		{
			"from": [11.25, 0, 4.75],
			"to": [11.25, 2, 10.25],
			"rotation": {"angle": 0, "axis": "y", "origin": [12.25, 0, 5]},
			"faces": {
				"north": {"uv": [4, 0, 9, 6], "texture": "#0"},
				"east": {"uv": [4, 4, 9, 6], "texture": "#0"},
				"south": {"uv": [4, 0, 9, 6], "texture": "#0"},
				"west": {"uv": [9, 4, 4, 6], "texture": "#0"},
				"up": {"uv": [4, 14, 6, 16], "rotation": 90, "texture": "#0"},
				"down": {"uv": [4, 16, 6, 14], "rotation": 270, "texture": "#0"}
			}
		},
		{
			"from": [5.75, 0, 4.75],
			"to": [5.75, 2, 10.25],
			"rotation": {"angle": 0, "axis": "y", "origin": [4.75, 0, 5]},
			"faces": {
				"north": {"uv": [9, 0, 4, 6], "texture": "#0"},
				"east": {"uv": [9, 4, 4, 6], "texture": "#0"},
				"south": {"uv": [9, 0, 4, 6], "texture": "#0"},
				"west": {"uv": [4, 4, 9, 6], "texture": "#0"},
				"up": {"uv": [4, 16, 6, 14], "rotation": 90, "texture": "#0"},
				"down": {"uv": [4, 14, 6, 16], "rotation": 270, "texture": "#0"}
			}
		},
		{
			"from": [6, 0.9, 5],
			"to": [11, 0.9, 10],
			"rotation": {"angle": 0, "axis": "y", "origin": [6, 0.9, 4]},
			"faces": {
				"north": {"uv": [0, 0, 5, 0], "texture": "#missing"},
				"east": {"uv": [0, 0, 5, 0], "texture": "#0"},
				"south": {"uv": [0, 0, 5, 0], "texture": "#missing"},
				"west": {"uv": [0, 0, 5, 0], "texture": "#missing"},
				"up": {"uv": [0, 0, 5, 5], "texture": "#missing"},
				"down": {"uv": [0, 0, 16, 16], "texture": "#1"}
			}
		}
	],
	"gui_light": "front",
	"display": {
		"thirdperson_righthand": {
			"translation": [0.5, -3.75, -1.25]
		},
		"thirdperson_lefthand": {
			"translation": [0.5, -3.75, -1.25]
		},
		"firstperson_righthand": {
			"rotation": [180, -90, 25],
			"translation": [2.13, 2.95, 1.13],
			"scale": [0.68, 0.68, 0.68]
		},
		"firstperson_lefthand": {
			"rotation": [180, -90, 25],
			"translation": [1.13, 3.2, 1.13],
			"scale": [0.68, 0.68, 0.68]
		},
		"ground": {
			"rotation": [90, 0, 0],
			"translation": [1.25, 0, 0]
		},
		"gui": {
			"rotation": [131.5, 1, 143],
			"translation": [0.75, -1.25, 0],
			"scale": [1.1, 1.1, 1.1]
		},
		"head": {
			"rotation": [90, 0, 0],
			"translation": [0.25, -1, -21.5],
			"scale": [1.3, 1.3, 1.3]
		},
		"fixed": {
			"translation": [-0.75, -1.75, -3.5],
			"scale": [1.6, 1.6, 1.6]
		}
	},
	"groups": [
		{
			"name": "body",
			"origin": [8, 8, 8],
			"color": 0,
			"children": [
				0,
				1,
				2,
				3,
				4,
				5,
				{
					"name": "group",
					"origin": [8, 8, 8],
					"color": 0,
					"children": [6, 7, 8, 9]
				},
				{
					"name": "lens",
					"origin": [8, 8, 8],
					"color": 0,
					"children": [10]
				}
			]
		}
	]
}