{
	"credit": "by Hoffen _InkGhoul",
	"texture_size": [128, 128],
	"textures": {
		"1": "custom:item/gtws_painting_back",
		"2": "custom:item/gtws_painting_b",
		"particle": "custom:item/gtws_painting_b"
	},
	"elements": [
		{
			"from": [8, 0, 0],
			"to": [9, 16, 16],
			"rotation": {"angle": 0, "axis": "y", "origin": [16, 16, 11.5]},
			"faces": {
				"north": {"uv": [7.75, 4, 8, 8], "texture": "#2"},
				"east": {"uv": [12, 4, 16, 8], "texture": "#2"},
				"south": {"uv": [7.75, 4, 8, 8], "texture": "#2"},
				"west": {"uv": [0, 0, 4, 4], "texture": "#1"},
				"up": {"uv": [0, 4, 8, 4.25], "rotation": 270, "texture": "#2"},
				"down": {"uv": [0, 7.75, 8, 8], "rotation": 90, "texture": "#2"}
			}
		}
	],
	"gui_light": "front",
	"display": {
		"thirdperson_righthand": {
			"rotation": [17, 180, 0],
			"translation": [-0.25, -2.25, -1.5],
			"scale": [0.6, 0.6, 0.6]
		},
		"thirdperson_lefthand": {
			"rotation": [17, 180, 0],
			"translation": [-0.25, -2.25, -1.5],
			"scale": [0.6, 0.6, 0.6]
		},
		"firstperson_righthand": {
			"rotation": [180, -73, -155],
			"translation": [1.13, 3.2, 1.13],
			"scale": [0.4, 0.4, 0.4]
		},
		"firstperson_lefthand": {
			"rotation": [180, 135, 155],
			"translation": [1.13, 3.2, 1.13],
			"scale": [0.4, 0.4, 0.4]
		},
		"ground": {
			"rotation": [180, 0, -90],
			"translation": [-1, 0, -3.75],
			"scale": [0.8, 0.8, 0.8]
		},
		"gui": {
			"rotation": [-132, -64, -90],
			"translation": [0, -0.5, 0],
			"scale": [0.8, 0.8, 0.8]
		},
		"head": {
			"rotation": [0, 0, 90],
			"translation": [0, 6.75, 0]
		},
		"fixed": {
			"rotation": [0, 90, 0],
			"translation": [0, 0, -0.25],
			"scale": [2, 2, 2]
		}
	},
	"groups": [
		{
			"name": "group",
			"origin": [8, 8, 8],
			"color": 0,
			"children": [0]
		}
	]
}