{
	"credit": "by Hoffen _InkGhoul",
	"texture_size": [128, 128],
	"textures": {
		"1": "custom:item/gtws_painting_a",
		"2": "custom:item/gtws_painting_back",
		"particle": "custom:item/gtws_painting_a"
	},
	"elements": [
		{
			"from": [7, 0, 0],
			"to": [8, 32, 32],
			"faces": {
				"north": {"uv": [0, 0, 0.125, 16], "texture": "#1"},
				"east": {"uv": [0, 0, 16, 16], "texture": "#1"},
				"south": {"uv": [0, 0, 0.125, 16], "texture": "#1"},
				"west": {"uv": [0, 0, 16, 16], "texture": "#2"},
				"up": {"uv": [0, 0, 16, 0.125], "rotation": 90, "texture": "#1"},
				"down": {"uv": [0, 0, 16, 0.125], "rotation": 270, "texture": "#1"}
			}
		}
	],
	"gui_light": "front",
	"display": {
		"thirdperson_righthand": {
			"rotation": [158, 0, 180],
			"translation": [-1.75, -7, 5.75],
			"scale": [0.6, 0.6, 0.6]
		},
		"thirdperson_lefthand": {
			"rotation": [158, 0, 180],
			"translation": [-1.75, -7, 5.75],
			"scale": [0.6, 0.6, 0.6]
		},
		"firstperson_righthand": {
			"rotation": [180, -73, -155],
			"translation": [2.88, 2.2, 1.13],
			"scale": [0.3, 0.3, 0.3]
		},
		"firstperson_lefthand": {
			"rotation": [0, 77.25, -25],
			"translation": [-1.62, 3.2, -0.12],
			"scale": [0.3, 0.3, 0.3]
		},
		"ground": {
			"rotation": [180, 0, -90],
			"translation": [-6, 0, 7.25],
			"scale": [0.8, 0.8, 0.8]
		},
		"gui": {
			"rotation": [-132, -64, -90],
			"translation": [2.25, -4, 0],
			"scale": [0.5, 0.5, 0.5]
		},
		"head": {
			"rotation": [0, 0, 90],
			"translation": [10.5, -2, -12.25],
			"scale": [1.5, 1.5, 1.5]
		},
		"fixed": {
			"rotation": [-180, 90, -180],
			"translation": [-16, -16, -2.5],
			"scale": [2, 4, 4]
		}
	},
	"groups": [
		{
			"name": "group",
			"origin": [8, 8, 8],
			"color": 0,
			"children": [0]
		}
	]
}