{
	"credit": "by Hoffen _InkGhoul",
	"textures": {
		"0": "custom:item/i85_nerd_glasses",
		"particle": "custom:item/i85_nerd_glasses"
	},
	"elements": [
		{
			"from": [3, 0, 4],
			"to": [13, 5, 4],
			"faces": {
				"north": {"uv": [3, 2, 13, 7], "texture": "#0"},
				"east": {"uv": [0, 0, 0, 2.5], "texture": "#0"},
				"south": {"uv": [3, 2, 13, 7], "texture": "#0"},
				"west": {"uv": [0, 0, 0, 2.5], "texture": "#0"},
				"up": {"uv": [5, 0, 0, 0], "texture": "#0"},
				"down": {"uv": [5, 0, 0, 0], "texture": "#0"}
			}
		},
		{
			"from": [6.75, 3.25, 3.5],
			"to": [9.25, 4.5, 4.5],
			"faces": {
				"north": {"uv": [5, 7, 8, 9], "texture": "#0"},
				"east": {"uv": [7, 7, 8, 9], "texture": "#0"},
				"south": {"uv": [8, 7, 5, 9], "texture": "#0"},
				"west": {"uv": [7, 7, 8, 9], "texture": "#0"},
				"up": {"uv": [8, 7, 5, 8], "texture": "#0"},
				"down": {"uv": [8, 7, 5, 9], "texture": "#0"}
			}
		},
		{
			"from": [3, 0, 4],
			"to": [3, 5, 14],
			"rotation": {"angle": 0, "axis": "y", "origin": [3, 2.5, 6]},
			"faces": {
				"north": {"uv": [0, 0, 0, 2.5], "texture": "#0"},
				"east": {"uv": [3, 11, 12, 16], "texture": "#0"},
				"south": {"uv": [0, 0, 0, 2.5], "texture": "#0"},
				"west": {"uv": [12, 11, 3, 16], "texture": "#0"},
				"up": {"uv": [0, 5, 0, 0], "texture": "#0"},
				"down": {"uv": [0, 0, 0, 5], "texture": "#0"}
			}
		},
		{
			"from": [13, 0, 4],
			"to": [13, 5, 14],
			"rotation": {"angle": 0, "axis": "y", "origin": [3, 2.5, 6]},
			"faces": {
				"north": {"uv": [0, 0, 0, 2.5], "texture": "#0"},
				"east": {"uv": [3, 11, 12, 16], "texture": "#0"},
				"south": {"uv": [0, 0, 0, 2.5], "texture": "#0"},
				"west": {"uv": [12, 11, 3, 16], "texture": "#0"},
				"up": {"uv": [0, 5, 0, 0], "texture": "#0"},
				"down": {"uv": [0, 0, 0, 5], "texture": "#0"}
			}
		}
	],
	"gui_light": "front",
	"display": {
		"thirdperson_righthand": {
			"rotation": [82.12, 19.34, -61.47],
			"translation": [4.25, -1.5, -0.75],
			"scale": [0.8, 0.8, 0.8]
		},
		"thirdperson_lefthand": {
			"rotation": [82.12, 19.34, -61.47],
			"translation": [4.25, -1.5, -0.75],
			"scale": [0.8, 0.8, 0.8]
		},
		"firstperson_righthand": {
			"rotation": [151.89, 36.76, -151.11],
			"translation": [9, 3.75, -6.25]
		},
		"firstperson_lefthand": {
			"rotation": [151.89, 36.76, -151.11],
			"translation": [11, 3.75, -6.25]
		},
		"ground": {
			"rotation": [7, 0.01, 0.43],
			"translation": [0, 4.5, 0]
		},
		"gui": {
			"rotation": [-175.49, -24.07, 177.81],
			"translation": [-0.5, 6.25, 0],
			"scale": [1.3, 1.3, 1.3]
		},
		"head": {
			"translation": [0, 6.5, -1.5],
			"scale": [1.5, 1.5, 1.5]
		},
		"fixed": {
			"rotation": [-86.5, 0, 0],
			"translation": [0, 0.5, -13.5],
			"scale": [1.7, 1.7, 1.7]
		}
	},
	"groups": [
		{
			"name": "group",
			"origin": [8, 8, 8],
			"color": 0,
			"children": [0, 1, 2, 3]
		}
	]
}