{
	"credit": "by Hoffen _InkGhoul",
	"textures": {
		"1": "custom:item/i85_sword"
	},
	"elements": [
		{
			"from": [0, 0, 8],
			"to": [3, 3, 9],
			"rotation": {"angle": 0, "axis": "y", "origin": [16, 0, 0]},
			"faces": {
				"north": {"uv": [3, 13, 0, 16], "texture": "#1"},
				"east": {"uv": [7, 10, 6, 13], "texture": "#1"},
				"south": {"uv": [0, 13, 3, 16], "texture": "#1"},
				"west": {"uv": [7, 10, 6, 13], "texture": "#1"},
				"up": {"uv": [8, 10, 5, 11], "texture": "#1"},
				"down": {"uv": [8, 10, 5, 11], "texture": "#1"}
			}
		},
		{
			"from": [2, 3, 8],
			"to": [5, 4, 9],
			"rotation": {"angle": 0, "axis": "y", "origin": [16, 0, 0]},
			"faces": {
				"north": {"uv": [5, 12, 2, 13], "texture": "#1"},
				"east": {"uv": [3, 12, 2, 13], "texture": "#1"},
				"south": {"uv": [2, 12, 5, 13], "texture": "#1"},
				"west": {"uv": [3, 12, 2, 13], "texture": "#1"},
				"up": {"uv": [5, 12, 2, 13], "texture": "#1"},
				"down": {"uv": [5, 12, 2, 13], "texture": "#1"}
			}
		},
		{
			"from": [6, 3, 8],
			"to": [10, 4, 9],
			"rotation": {"angle": 0, "axis": "y", "origin": [16, 0, 0]},
			"faces": {
				"north": {"uv": [10, 12, 6, 13], "texture": "#1"},
				"east": {"uv": [7, 10, 6, 11], "texture": "#1"},
				"south": {"uv": [6, 12, 10, 13], "texture": "#1"},
				"west": {"uv": [7, 10, 6, 11], "texture": "#1"},
				"up": {"uv": [8, 10, 5, 11], "texture": "#1"},
				"down": {"uv": [8, 10, 5, 11], "texture": "#1"}
			}
		},
		{
			"from": [3, 4, 8],
			"to": [9, 5, 9],
			"rotation": {"angle": 0, "axis": "y", "origin": [16, 0, 0]},
			"faces": {
				"north": {"uv": [9, 11, 3, 12], "texture": "#1"},
				"east": {"uv": [7, 10, 6, 11], "texture": "#1"},
				"south": {"uv": [3, 11, 9, 12], "texture": "#1"},
				"west": {"uv": [5, 11, 4, 12], "texture": "#1"},
				"up": {"uv": [3, 11, 6, 12], "texture": "#1"},
				"down": {"uv": [8, 10, 5, 11], "texture": "#1"}
			}
		},
		{
			"from": [4, 5, 8],
			"to": [8, 6, 9],
			"rotation": {"angle": 0, "axis": "y", "origin": [16, 0, 0]},
			"faces": {
				"north": {"uv": [8, 10, 4, 11], "texture": "#1"},
				"east": {"uv": [7, 10, 6, 11], "texture": "#1"},
				"south": {"uv": [4, 10, 8, 11], "texture": "#1"},
				"west": {"uv": [7, 10, 6, 11], "texture": "#1"},
				"up": {"uv": [8, 10, 5, 11], "texture": "#1"},
				"down": {"uv": [8, 10, 5, 11], "texture": "#1"}
			}
		},
		{
			"from": [3, 6, 8],
			"to": [9, 7, 9],
			"rotation": {"angle": 0, "axis": "y", "origin": [16, 0, 0]},
			"faces": {
				"north": {"uv": [9, 9, 3, 10], "texture": "#1"},
				"east": {"uv": [7, 10, 6, 11], "texture": "#1"},
				"south": {"uv": [3, 9, 9, 10], "texture": "#1"},
				"west": {"uv": [7, 10, 6, 11], "texture": "#1"},
				"up": {"uv": [8, 10, 5, 11], "texture": "#1"},
				"down": {"uv": [8, 10, 5, 11], "texture": "#1"}
			}
		},
		{
			"from": [3, 7, 8],
			"to": [10, 8, 9],
			"rotation": {"angle": 0, "axis": "y", "origin": [16, 0, 0]},
			"faces": {
				"north": {"uv": [10, 8, 3, 9], "texture": "#1"},
				"east": {"uv": [7, 10, 6, 11], "texture": "#1"},
				"south": {"uv": [3, 8, 10, 9], "texture": "#1"},
				"west": {"uv": [7, 10, 6, 11], "texture": "#1"},
				"up": {"uv": [3, 8, 10, 9], "texture": "#1"},
				"down": {"uv": [8, 10, 5, 11], "texture": "#1"}
			}
		},
		{
			"from": [6, 8, 8],
			"to": [11, 9, 9],
			"rotation": {"angle": 0, "axis": "y", "origin": [16, 0, 0]},
			"faces": {
				"north": {"uv": [11, 7, 6, 8], "texture": "#1"},
				"east": {"uv": [7, 10, 6, 11], "texture": "#1"},
				"south": {"uv": [6, 7, 11, 8], "texture": "#1"},
				"west": {"uv": [7, 10, 6, 11], "texture": "#1"},
				"up": {"uv": [8, 10, 5, 11], "texture": "#1"},
				"down": {"uv": [8, 10, 5, 11], "texture": "#1"}
			}
		},
		{
			"from": [7, 9, 8],
			"to": [12, 10, 9],
			"rotation": {"angle": 0, "axis": "y", "origin": [16, 0, 0]},
			"faces": {
				"north": {"uv": [12, 6, 7, 7], "texture": "#1"},
				"east": {"uv": [7, 10, 6, 11], "texture": "#1"},
				"south": {"uv": [7, 6, 12, 7], "texture": "#1"},
				"west": {"uv": [7, 10, 6, 11], "texture": "#1"},
				"up": {"uv": [8, 10, 5, 11], "texture": "#1"},
				"down": {"uv": [8, 10, 5, 11], "texture": "#1"}
			}
		},
		{
			"from": [8, 10, 8],
			"to": [13, 11, 9],
			"rotation": {"angle": 0, "axis": "y", "origin": [16, 0, 0]},
			"faces": {
				"north": {"uv": [13, 5, 8, 6], "texture": "#1"},
				"east": {"uv": [7, 10, 6, 11], "texture": "#1"},
				"south": {"uv": [8, 5, 13, 6], "texture": "#1"},
				"west": {"uv": [7, 10, 6, 11], "texture": "#1"},
				"up": {"uv": [8, 10, 5, 11], "texture": "#1"},
				"down": {"uv": [8, 10, 5, 11], "texture": "#1"}
			}
		},
		{
			"from": [9, 11, 8],
			"to": [14, 12, 9],
			"rotation": {"angle": 0, "axis": "y", "origin": [16, 0, 0]},
			"faces": {
				"north": {"uv": [14, 4, 9, 5], "texture": "#1"},
				"east": {"uv": [7, 10, 6, 11], "texture": "#1"},
				"south": {"uv": [9, 4, 14, 5], "texture": "#1"},
				"west": {"uv": [7, 10, 6, 11], "texture": "#1"},
				"up": {"uv": [8, 10, 5, 11], "texture": "#1"},
				"down": {"uv": [8, 10, 5, 11], "texture": "#1"}
			}
		},
		{
			"from": [10, 12, 8],
			"to": [15, 13, 9],
			"rotation": {"angle": 0, "axis": "y", "origin": [16, 0, 0]},
			"faces": {
				"north": {"uv": [15, 3, 10, 4], "texture": "#1"},
				"east": {"uv": [7, 10, 6, 11], "texture": "#1"},
				"south": {"uv": [10, 3, 15, 4], "texture": "#1"},
				"west": {"uv": [7, 10, 6, 11], "texture": "#1"},
				"up": {"uv": [8, 10, 5, 11], "texture": "#1"},
				"down": {"uv": [8, 10, 5, 11], "texture": "#1"}
			}
		},
		{
			"from": [11, 13, 8],
			"to": [16, 14, 9],
			"rotation": {"angle": 0, "axis": "y", "origin": [16, 0, 0]},
			"faces": {
				"north": {"uv": [16, 2, 11, 3], "texture": "#1"},
				"east": {"uv": [7, 10, 6, 11], "texture": "#1"},
				"south": {"uv": [11, 2, 16, 3], "texture": "#1"},
				"west": {"uv": [7, 10, 6, 11], "texture": "#1"},
				"up": {"uv": [8, 10, 5, 11], "texture": "#1"},
				"down": {"uv": [8, 10, 5, 11], "texture": "#1"}
			}
		},
		{
			"from": [12, 14, 8],
			"to": [16, 15, 9],
			"rotation": {"angle": 0, "axis": "y", "origin": [16, 0, 0]},
			"faces": {
				"north": {"uv": [16, 1, 12, 2], "texture": "#1"},
				"east": {"uv": [7, 10, 6, 11], "texture": "#1"},
				"south": {"uv": [12, 1, 16, 2], "texture": "#1"},
				"west": {"uv": [7, 10, 6, 11], "texture": "#1"},
				"up": {"uv": [8, 10, 5, 11], "texture": "#1"},
				"down": {"uv": [8, 10, 5, 11], "texture": "#1"}
			}
		},
		{
			"from": [13, 15, 8],
			"to": [16, 16, 9],
			"rotation": {"angle": 0, "axis": "y", "origin": [16, 0, 0]},
			"faces": {
				"north": {"uv": [16, 0, 13, 1], "texture": "#1"},
				"east": {"uv": [7, 10, 6, 11], "texture": "#1"},
				"south": {"uv": [13, 0, 16, 1], "texture": "#1"},
				"west": {"uv": [7, 10, 6, 11], "texture": "#1"},
				"up": {"uv": [16, 0, 13, 1], "texture": "#1"},
				"down": {"uv": [8, 10, 5, 11], "texture": "#1"}
			}
		},
		{
			"from": [11, 13, 8],
			"to": [16, 14, 9],
			"rotation": {"angle": 0, "axis": "y", "origin": [16, 0, 0]},
			"faces": {
				"north": {"uv": [16, 2, 11, 3], "texture": "#1"},
				"east": {"uv": [7, 10, 6, 11], "texture": "#1"},
				"south": {"uv": [3, 0, 0, 1], "texture": "#1"},
				"west": {"uv": [7, 10, 6, 11], "texture": "#1"},
				"up": {"uv": [8, 10, 5, 11], "texture": "#1"},
				"down": {"uv": [8, 10, 5, 11], "texture": "#1"}
			}
		},
		{
			"from": [2, 8, 8],
			"to": [5, 9, 9],
			"rotation": {"angle": 0, "axis": "y", "origin": [16, 0, 0]},
			"faces": {
				"north": {"uv": [5, 7, 2, 8], "texture": "#1"},
				"east": {"uv": [7, 10, 6, 11], "texture": "#1"},
				"south": {"uv": [2, 7, 5, 8], "texture": "#1"},
				"west": {"uv": [7, 10, 6, 11], "texture": "#1"},
				"up": {"uv": [8, 10, 5, 11], "texture": "#1"},
				"down": {"uv": [8, 10, 5, 11], "texture": "#1"}
			}
		},
		{
			"from": [2, 9, 8],
			"to": [4, 10, 9],
			"rotation": {"angle": 0, "axis": "y", "origin": [16, 0, 0]},
			"faces": {
				"north": {"uv": [4, 6, 2, 7], "texture": "#1"},
				"east": {"uv": [7, 10, 6, 11], "texture": "#1"},
				"south": {"uv": [2, 6, 4, 7], "texture": "#1"},
				"west": {"uv": [7, 10, 6, 11], "texture": "#1"},
				"up": {"uv": [8, 10, 7, 11], "texture": "#1"},
				"down": {"uv": [8, 10, 5, 11], "texture": "#1"}
			}
		},
		{
			"from": [3, 2, 8],
			"to": [4, 3, 9],
			"rotation": {"angle": 0, "axis": "y", "origin": [16, 0, 0]},
			"faces": {
				"north": {"uv": [4, 13, 3, 14], "texture": "#1"},
				"east": {"uv": [4, 13, 3, 14], "texture": "#1"},
				"south": {"uv": [4, 13, 3, 14], "texture": "#1"},
				"west": {"uv": [7, 10, 6, 11], "texture": "#1"},
				"up": {"uv": [6, 10, 5, 11], "texture": "#1"},
				"down": {"uv": [4, 13, 3, 14], "texture": "#1"}
			}
		},
		{
			"from": [8, 2, 8],
			"to": [10, 3, 9],
			"rotation": {"angle": 0, "axis": "y", "origin": [16, 0, 0]},
			"faces": {
				"north": {"uv": [10, 13, 8, 14], "texture": "#1"},
				"east": {"uv": [7, 10, 6, 11], "texture": "#1"},
				"south": {"uv": [10, 13, 8, 14], "texture": "#1"},
				"west": {"uv": [7, 10, 6, 11], "texture": "#1"},
				"up": {"uv": [6, 10, 5, 11], "texture": "#1"},
				"down": {"uv": [6, 10, 5, 11], "texture": "#1"}
			}
		}
	],
	"gui_light": "front",
	"display": {
		"thirdperson_righthand": {
			"rotation": [0, -90, 55],
			"translation": [0, 4, 0.5],
			"scale": [0.85, 0.85, 0.85]
		},
		"thirdperson_lefthand": {
			"rotation": [0, 90, -55],
			"translation": [0, 4, 0.5],
			"scale": [0.85, 0.85, 0.85]
		},
		"firstperson_righthand": {
			"rotation": [0, -90, 25],
			"translation": [1.13, 3.2, 1.13],
			"scale": [0.68, 0.68, 0.68]
		},
		"firstperson_lefthand": {
			"rotation": [0, 90, -25],
			"translation": [1.13, 3.2, 1.13],
			"scale": [0.68, 0.68, 0.68]
		},
		"ground": {
			"rotation": [180, 0, 0],
			"translation": [0, 4.5, 0],
			"scale": [0.8, 0.8, 0.8]
		},
		"gui": {
			"rotation": [0, 0, -90],
			"translation": [-0.25, 0, 0]
		},
		"head": {
			"rotation": [0, 0, -168],
			"translation": [7.5, 8.75, 0],
			"scale": [1.2, 1.2, 1.2]
		},
		"fixed": {
			"rotation": [90, 0, 90],
			"translation": [0, 0.5, -13.5],
			"scale": [1.7, 1.7, 1.7]
		}
	},
	"groups": [
		{
			"name": "group",
			"origin": [8, 8, 8],
			"color": 0,
			"children": [0, 1, 2, 3, 4, 5, 6, 7, 8, 9, 10, 11, 12, 13, 14, 15, 16, 17, 18, 19]
		}
	]
}