{
	"credit": "by Hoffen _InkGhoul",
	"textures": {
		"main": "custom:item/i85_quest_exclamation"
	},
	"elements": [
		{
			"from": [0, 0.25, 8],
			"to": [16, 16.25, 8],
			"rotation": {"angle": 0, "axis": "y", "origin": [8, 9, 8]},
			"faces": {
				"north": {"uv": [4, 0, 8, 4], "texture": "#main"},
				"east": {"uv": [4, 0, 4, 4], "texture": "#main"},
				"south": {"uv": [4, 0, 8, 4], "texture": "#main"},
				"west": {"uv": [4, 0, 4, 4], "texture": "#main"},
				"up": {"uv": [4, 0, 5, 0.25], "texture": "#main"},
				"down": {"uv": [5, 3.75, 4, 4], "texture": "#main"}
			}
		},
		{
			"from": [0, 0.75, 8],
			"to": [16, 16.75, 8],
			"rotation": {"angle": 0, "axis": "y", "origin": [8, 9, 8]},
			"faces": {
				"north": {"uv": [8, 0, 12, 4], "texture": "#main"},
				"east": {"uv": [8, 0, 8, 4], "texture": "#main"},
				"south": {"uv": [8, 0, 12, 4], "texture": "#main"},
				"west": {"uv": [8, 0, 8, 4], "texture": "#main"},
				"up": {"uv": [8, 0, 9, 0.25], "texture": "#main"},
				"down": {"uv": [9, 3.75, 8, 4], "texture": "#main"}
			}
		},
		{
			"from": [0, 1.5, 8],
			"to": [16, 17.5, 8],
			"rotation": {"angle": 0, "axis": "y", "origin": [8, 9, 8]},
			"faces": {
				"north": {"uv": [12, 0, 16, 4], "texture": "#main"},
				"east": {"uv": [12, 0, 12, 4], "texture": "#main"},
				"south": {"uv": [12, 0, 16, 4], "texture": "#main"},
				"west": {"uv": [12, 0, 12, 4], "texture": "#main"},
				"up": {"uv": [12, 0, 13, 0.25], "texture": "#main"},
				"down": {"uv": [13, 3.75, 12, 4], "texture": "#main"}
			}
		},
		{
			"from": [0, 2, 8],
			"to": [16, 18, 8],
			"rotation": {"angle": 0, "axis": "y", "origin": [8, 9, 8]},
			"faces": {
				"north": {"uv": [0, 4, 4, 8], "texture": "#main"},
				"east": {"uv": [0, 4, 0, 8], "texture": "#main"},
				"south": {"uv": [0, 4, 4, 8], "texture": "#main"},
				"west": {"uv": [0, 4, 0, 8], "texture": "#main"},
				"up": {"uv": [0, 4, 1, 4.25], "texture": "#main"},
				"down": {"uv": [1, 7.75, 0, 8], "texture": "#main"}
			}
		},
		{
			"from": [0, 2.25, 8],
			"to": [16, 18.25, 8],
			"rotation": {"angle": 0, "axis": "y", "origin": [8, 9, 8]},
			"faces": {
				"north": {"uv": [4, 4, 8, 8], "texture": "#main"},
				"east": {"uv": [4, 4, 4, 8], "texture": "#main"},
				"south": {"uv": [4, 4, 8, 8], "texture": "#main"},
				"west": {"uv": [4, 4, 4, 8], "texture": "#main"},
				"up": {"uv": [4, 4, 5, 4.25], "texture": "#main"},
				"down": {"uv": [5, 7.75, 4, 8], "texture": "#main"}
			}
		},
		{
			"from": [0, 0, 8],
			"to": [16, 16, 8],
			"rotation": {"angle": 0, "axis": "y", "origin": [8, 9, 8]},
			"faces": {
				"north": {"uv": [0, 0, 4, 4], "texture": "#main"},
				"east": {"uv": [0, 0, 0, 4], "texture": "#main"},
				"south": {"uv": [0, 0, 4, 4], "texture": "#main"},
				"west": {"uv": [0, 0, 0, 4], "texture": "#main"},
				"up": {"uv": [0, 0, 1, 0.25], "texture": "#main"},
				"down": {"uv": [1, 3.75, 0, 4], "texture": "#main"}
			}
		}
	],
	"gui_light": "front",
	"display": {
		"thirdperson_righthand": {
			"translation": [0, 3, 1],
			"scale": [0.55, 0.55, 0.55]
		},
		"thirdperson_lefthand": {
			"translation": [0, 3, 1],
			"scale": [0.55, 0.55, 0.55]
		},
		"firstperson_righthand": {
			"rotation": [-42.4, -57.97, -52.6],
			"translation": [1.88, 3.95, 1.38],
			"scale": [0.4, 0.4, 0.4]
		},
		"firstperson_lefthand": {
			"rotation": [-42.4, -57.97, -52.6],
			"translation": [1.88, 3.95, 1.38],
			"scale": [0.4, 0.4, 0.4]
		},
		"ground": {
			"translation": [0, 2, 0],
			"scale": [0.5, 0.5, 0.5]
		},
		"gui": {
			"translation": [0.25, 0, 0],
			"scale": [0.8, 0.8, 0.8]
		},
		"head": {
			"translation": [-0.75, 20, -1.25],
			"scale": [1.2, 1.2, 1.2]
		},
		"fixed": {
			"rotation": [-90, 180, 0],
			"translation": [0, 0, -16],
			"scale": [1.4, 1.4, 1.4]
		}
	},
	"groups": [
		0,
		1,
		2,
		3,
		4,
		{
			"name": "group",
			"origin": [8, 8, 8],
			"color": 0,
			"children": [5]
		}
	]
}