{
	"credit": "Made with Blockbench",
	"textures": {
		"0": "custom:item/ibe",
		"particle": "custom:item/ibe"
	},
	"elements": [
		{
			"from": [0, 0, 0],
			"to": [2, 3, 7],
			"faces": {
				"north": {"uv": [7, 3, 9, 6], "texture": "#0"},
				"east": {"uv": [0, 0, 7, 3], "texture": "#0"},
				"south": {"uv": [8, 6, 10, 9], "texture": "#0"},
				"west": {"uv": [0, 3, 7, 6], "texture": "#0"},
				"up": {"uv": [2, 13, 0, 6], "texture": "#0"},
				"down": {"uv": [4, 6, 2, 13], "texture": "#0"}
			}
		},
		{
			"from": [2, 0, 0],
			"to": [4, 1, 2],
			"faces": {
				"north": {"uv": [9, 5, 11, 6], "texture": "#0"},
				"east": {"uv": [10, 6, 12, 7], "texture": "#0"},
				"south": {"uv": [10, 7, 12, 8], "texture": "#0"},
				"west": {"uv": [10, 8, 12, 9], "texture": "#0"},
				"up": {"uv": [11, 5, 9, 3], "texture": "#0"},
				"down": {"uv": [6, 9, 4, 11], "texture": "#0"}
			}
		},
		{
			"from": [2, 2, 0],
			"to": [4, 3, 2],
			"faces": {
				"north": {"uv": [10, 9, 12, 10], "texture": "#0"},
				"east": {"uv": [10, 10, 12, 11], "texture": "#0"},
				"south": {"uv": [11, 0, 13, 1], "texture": "#0"},
				"west": {"uv": [11, 1, 13, 2], "texture": "#0"},
				"up": {"uv": [8, 11, 6, 9], "texture": "#0"},
				"down": {"uv": [10, 9, 8, 11], "texture": "#0"}
			}
		},
		{
			"from": [2, 0, 1],
			"to": [6, 3, 1],
			"faces": {
				"north": {"uv": [4, 6, 8, 9], "texture": "#0"},
				"east": {"uv": [0, 0, 0, 3], "texture": "#0"},
				"south": {"uv": [7, 0, 11, 3], "texture": "#0"},
				"west": {"uv": [0, 0, 0, 3], "texture": "#0"},
				"up": {"uv": [4, 0, 0, 0], "texture": "#0"},
				"down": {"uv": [4, 0, 0, 0], "texture": "#0"}
			}
		}
	],
	"display": {
		"thirdperson_righthand": {
			"translation": [3.25, 3, 2.5],
			"scale": [0.55, 0.55, 0.55]
		},
		"thirdperson_lefthand": {
			"translation": [-3.5, 3, 2.5],
			"scale": [0.55, 0.55, 0.55]
		},
		"ground": {
			"translation": [5.75, 5, 0]
		},
		"gui": {
			"rotation": [-162.15, 20.47, 178.02],
			"translation": [-5.25, 11.75, 0],
			"scale": [1.64453, 1.64453, 1.64453]
		},
		"head": {
			"translation": [3.75, 10.25, 4.75],
			"scale": [1.7168, 1.7168, 1.7168]
		},
		"fixed": {
			"translation": [7.5, 11.75, 9],
			"scale": [1.8125, 1.8125, 1.8125]
		}
	}
}