{
	"credit": "by Hoffen _InkGhoul",
	"texture_size": [64, 64],
	"textures": {
		"0": "custom:item/mail_cap",
		"particle": "custom:item/mail_cap"
	},
	"elements": [
		{
			"from": [2.9, 4, 5],
			"to": [12, 7, 9],
			"rotation": {"angle": 0, "axis": "y", "origin": [8, 5.5, 9]},
			"faces": {
				"north": {"uv": [4.5, 5.5, 6.75, 6.25], "texture": "#0"},
				"east": {"uv": [7, 5.5, 8, 6.25], "texture": "#0"},
				"south": {"uv": [4.5, 4.5, 6.75, 5.25], "texture": "#0"},
				"west": {"uv": [8, 5.5, 7, 6.25], "texture": "#0"},
				"up": {"uv": [2.25, 6.5, 0, 5.5], "texture": "#0"},
				"down": {"uv": [7.75, 0, 5.5, 1], "texture": "#0"}
			}
		},
		{
			"from": [2.9, 3.95, 4.15],
			"to": [12, 5.55, 5.45],
			"rotation": {"angle": 0, "axis": "x", "origin": [7.45, 4.9, 4.55]},
			"faces": {
				"north": {"uv": [7.75, 0, 5.5, 1], "rotation": 180, "texture": "#0"},
				"east": {"uv": [7, 5.5, 8, 6.25], "rotation": 270, "texture": "#0"},
				"south": {"uv": [2.25, 6.5, 0, 5.5], "texture": "#0"},
				"west": {"uv": [8, 5.5, 7, 6.25], "rotation": 90, "texture": "#0"},
				"up": {"uv": [4.5, 5.5, 6.75, 6.25], "rotation": 180, "texture": "#0"},
				"down": {"uv": [4.5, 4.5, 6.75, 5.25], "texture": "#0"}
			}
		},
		{
			"from": [2.55, 3, 5],
			"to": [12.35, 4, 13.35],
			"rotation": {"angle": 0, "axis": "y", "origin": [8, 3.5, 9]},
			"faces": {
				"north": {"uv": [10.75, 7.25, 13, 7.5], "texture": "#0"},
				"east": {"uv": [8.25, 8.25, 10.25, 8.5], "texture": "#0"},
				"south": {"uv": [13, 7.25, 10.75, 7.5], "texture": "#0"},
				"west": {"uv": [10.25, 8.25, 8.25, 8.5], "texture": "#0"},
				"up": {"uv": [15.5, 9.75, 13.25, 7.75], "texture": "#0"},
				"down": {"uv": [13, 7.75, 10.75, 9.75], "texture": "#0"}
			}
		},
		{
			"from": [2.35, 3.8, 9],
			"to": [12.45, 5.6, 13],
			"rotation": {"angle": 0, "axis": "y", "origin": [8, 5.5, 12]},
			"faces": {
				"north": {"uv": [0.5, 6.75, 2.75, 7.25], "texture": "#0"},
				"east": {"uv": [3.25, 5.5, 4.25, 6], "texture": "#0"},
				"south": {"uv": [4.25, 9.75, 6.5, 10.25], "texture": "#0"},
				"west": {"uv": [4.25, 5.5, 3.25, 6], "texture": "#0"},
				"up": {"uv": [7.75, 2, 5.5, 1], "texture": "#0"},
				"down": {"uv": [7.75, 2, 5.5, 3], "texture": "#0"}
			}
		},
		{
			"from": [2.25, 3.5, 1],
			"to": [12.75, 4.5, 9],
			"rotation": {"angle": 0, "axis": "y", "origin": [8, 4, 9]},
			"faces": {
				"north": {"uv": [4.5, 7.5, 7.25, 7.75], "texture": "#0"},
				"east": {"uv": [6.75, 6.75, 4.75, 7], "texture": "#0"},
				"south": {"uv": [7.25, 7.5, 4.5, 7.75], "texture": "#0"},
				"west": {"uv": [4.75, 6.75, 6.75, 7], "texture": "#0"},
				"up": {"uv": [2.75, 4, 5.5, 2], "texture": "#0"},
				"down": {"uv": [2.75, 2, 5.5, 4], "texture": "#0"}
			}
		},
		{
			"from": [2.3, 4.9, 3.3],
			"to": [12.7, 6.7, 14.2],
			"rotation": {"angle": 22.5, "axis": "x", "origin": [8, 4.5, 9]},
			"faces": {
				"north": {"uv": [13.25, 5.75, 10.5, 6.25], "texture": "#0"},
				"east": {"uv": [13.25, 6.5, 10.5, 7], "texture": "#0"},
				"south": {"uv": [10.5, 5.75, 13.25, 6.25], "texture": "#0"},
				"west": {"uv": [10.5, 6.5, 13.25, 7], "texture": "#0"},
				"up": {"uv": [2.75, 2.75, 0, 0], "texture": "#0"},
				"down": {"uv": [2.75, 2.75, 0, 5.5], "texture": "#0"}
			}
		},
		{
			"from": [2.35, 4.5, 9.25],
			"to": [12.65, 6.6, 14.65],
			"rotation": {"angle": 0, "axis": "x", "origin": [8, 4.5, 9]},
			"faces": {
				"north": {"uv": [13.25, 5.75, 10.5, 6.25], "texture": "#0"},
				"east": {"uv": [13.25, 6.5, 10.5, 7], "texture": "#0"},
				"south": {"uv": [10.5, 5.75, 13.25, 6.25], "texture": "#0"},
				"west": {"uv": [10.5, 6.5, 13.25, 7], "texture": "#0"},
				"up": {"uv": [2.75, 1.5, 0, 0], "texture": "#0"},
				"down": {"uv": [2.75, 2.75, 0, 5.5], "texture": "#0"}
			}
		},
		{
			"from": [2.5, 4.3, 4.05],
			"to": [12.5, 6.7, 4.05],
			"faces": {
				"north": {"uv": [10.5, 4.5, 13, 5.25], "texture": "#0"},
				"east": {"uv": [0, 0, 0, 0.75], "texture": "#0"},
				"south": {"uv": [13, 4.5, 10.5, 5.25], "texture": "#0"},
				"west": {"uv": [0, 0, 0, 0.75], "texture": "#0"},
				"up": {"uv": [2.5, 0, 0, 0], "texture": "#0"},
				"down": {"uv": [2.5, 0, 0, 0], "texture": "#0"}
			}
		},
		{
			"from": [12.5, 4.3, 4.05],
			"to": [12.5, 5.9, 8.05],
			"rotation": {"angle": 0, "axis": "y", "origin": [13, 5, 4.75]},
			"faces": {
				"north": {"uv": [0, 0, 0, 0.5], "texture": "#0"},
				"east": {"uv": [9.5, 4.75, 10.5, 5.25], "texture": "#0"},
				"south": {"uv": [0, 0, 0, 0.5], "texture": "#0"},
				"west": {"uv": [9.5, 4.75, 10.5, 5.25], "texture": "#0"},
				"up": {"uv": [0, 1, 0, 0], "texture": "#0"},
				"down": {"uv": [0, 0, 0, 1], "texture": "#0"}
			}
		},
		{
			"from": [2.5, 4.3, 4.05],
			"to": [2.5, 5.9, 8.05],
			"rotation": {"angle": 0, "axis": "y", "origin": [13, 5, 4.75]},
			"faces": {
				"north": {"uv": [0, 0, 0, 0.5], "texture": "#0"},
				"east": {"uv": [14, 4.75, 13, 5.25], "texture": "#0"},
				"south": {"uv": [0, 0, 0, 0.5], "texture": "#0"},
				"west": {"uv": [13, 4.75, 14, 5.25], "texture": "#0"},
				"up": {"uv": [0, 1, 0, 0], "texture": "#0"},
				"down": {"uv": [0, 0, 0, 1], "texture": "#0"}
			}
		},
		{
			"from": [11.85, 3.53827, 7.84239],
			"to": [12.85, 5.53827, 9.84239],
			"rotation": {"angle": 22.5, "axis": "x", "origin": [7.5, 4.53827, 8.84239]},
			"faces": {
				"north": {"uv": [10, 3.75, 10, 4.25], "texture": "#0"},
				"east": {"uv": [9.75, 3.75, 10.25, 4.25], "texture": "#0"},
				"south": {"uv": [10, 3.75, 10, 4.25], "texture": "#0"},
				"west": {"uv": [9.75, 3.75, 10.25, 4.25], "texture": "#0"},
				"up": {"uv": [10, 4.25, 10, 3.75], "texture": "#0"},
				"down": {"uv": [10, 3.75, 10, 4.25], "texture": "#0"}
			}
		},
		{
			"from": [2.15, 3.53827, 7.84239],
			"to": [3.15, 5.53827, 9.84239],
			"rotation": {"angle": 22.5, "axis": "x", "origin": [7.5, 4.53827, 8.84239]},
			"faces": {
				"north": {"uv": [10, 3.75, 10, 4.25], "texture": "#0"},
				"east": {"uv": [13.25, 3.75, 13.75, 4.25], "texture": "#0"},
				"south": {"uv": [10, 3.75, 10, 4.25], "texture": "#0"},
				"west": {"uv": [13.25, 3.75, 13.75, 4.25], "texture": "#0"},
				"up": {"uv": [10, 4.25, 10, 3.75], "texture": "#0"},
				"down": {"uv": [10, 3.75, 10, 4.25], "texture": "#0"}
			}
		}
	],
	"gui_light": "front",
	"display": {
		"thirdperson_righthand": {
			"rotation": [16.54, -6.34, -57.34],
			"translation": [3.25, -1.25, -3.25],
			"scale": [0.8, 0.8, 0.8]
		},
		"thirdperson_lefthand": {
			"rotation": [16.54, -6.34, -57.34],
			"translation": [3.25, -1.25, -3.25],
			"scale": [0.8, 0.8, 0.8]
		},
		"firstperson_righthand": {
			"rotation": [-160.11, 73.93, 165.35],
			"translation": [11, 1.25, -9.75],
			"scale": [0.66, 1, 1]
		},
		"firstperson_lefthand": {
			"rotation": [-160.11, 73.93, 165.35],
			"translation": [11, 1.25, -9.75],
			"scale": [0.66, 1, 1]
		},
		"ground": {
			"translation": [0, 3.25, 0],
			"scale": [0.8, 0.8, 0.8]
		},
		"gui": {
			"rotation": [-151.23, -24.54, 175.71],
			"translation": [-0.25, 2.75, 0],
			"scale": [1.2, 1.2, 1.2]
		},
		"head": {
			"rotation": [1.25, 0, -5.25],
			"translation": [1.5, 10, -0.5],
			"scale": [1.5, 1.5, 1.5]
		},
		"fixed": {
			"rotation": [-90, 0, 0],
			"translation": [0, 0, -8],
			"scale": [1.6, 1.6, 1.6]
		}
	},
	"groups": [
		{
			"name": "group",
			"origin": [8, 8, 8],
			"color": 0,
			"children": [
				{
					"name": "group",
					"origin": [8, 5.5, 12],
					"color": 0,
					"children": [0, 1, 2, 3]
				},
				4,
				5,
				6,
				{
					"name": "band",
					"origin": [0, 0, 0],
					"color": 0,
					"children": [7, 8, 9]
				}
			]
		},
		10,
		11
	]
}