{
	"credit": "by Hoffen _InkGhoul",
	"texture_size": [64, 64],
	"textures": {
		"0": "custom:item/mail_bag",
		"particle": "custom:item/mail_bag"
	},
	"elements": [
		{
			"from": [2, 0, 6],
			"to": [14, 8, 9],
			"faces": {
				"north": {"uv": [6.75, 9.25, 9.75, 11.25], "texture": "#0"},
				"east": {"uv": [10.75, 9.25, 10, 11.25], "texture": "#0"},
				"south": {"uv": [6.75, 12.5, 9.75, 14.5], "texture": "#0"},
				"west": {"uv": [10, 9.25, 10.75, 11.25], "texture": "#0"},
				"up": {"uv": [9.75, 12.25, 6.75, 11.5], "texture": "#0"},
				"down": {"uv": [9.75, 11.5, 6.75, 12.25], "texture": "#0"}
			}
		},
		{
			"from": [1.75, 3, 5.5],
			"to": [1.75, 8.25, 8.25],
			"rotation": {"angle": 0, "axis": "y", "origin": [1.75, 5, 5.75]},
			"faces": {
				"north": {"uv": [0, 0, 0, 1.25], "texture": "#0"},
				"east": {"uv": [10.75, 6.75, 11.5, 8.25], "texture": "#0"},
				"south": {"uv": [0, 0, 0, 1.25], "texture": "#0"},
				"west": {"uv": [10.75, 6.75, 11.5, 8.25], "texture": "#0"},
				"up": {"uv": [0, 0.75, 0, 0], "texture": "#0"},
				"down": {"uv": [0, 0, 0, 0.75], "texture": "#0"}
			}
		},
		{
			"from": [1.75, 3, 5.5],
			"to": [14.25, 8.25, 5.5],
			"faces": {
				"north": {"uv": [10, 6.5, 6.5, 8], "texture": "#0"},
				"east": {"uv": [0, 0, 0, 1.25], "texture": "#0"},
				"south": {"uv": [6.5, 6.5, 10, 8], "texture": "#0"},
				"west": {"uv": [0, 0, 0, 1.25], "texture": "#0"},
				"up": {"uv": [3.25, 0, 0, 0], "texture": "#0"},
				"down": {"uv": [3.25, 0, 0, 0], "texture": "#0"}
			}
		},
		{
			"from": [1.75, 8.25, 5.5],
			"to": [14.25, 8.25, 8.25],
			"rotation": {"angle": 0, "axis": "x", "origin": [6, 8.25, 5.75]},
			"faces": {
				"north": {"uv": [0, 0, 3.25, 0], "texture": "#0"},
				"east": {"uv": [0, 0, 0.75, 0], "texture": "#0"},
				"south": {"uv": [0, 0, 3.25, 0], "texture": "#0"},
				"west": {"uv": [0, 0, 0.75, 0], "texture": "#0"},
				"up": {"uv": [6.5, 6.5, 10, 5.75], "texture": "#0"},
				"down": {"uv": [9.75, 5.75, 6.5, 6.5], "texture": "#0"}
			}
		},
		{
			"from": [14.25, 3, 5.5],
			"to": [14.25, 8.25, 8.25],
			"rotation": {"angle": 0, "axis": "y", "origin": [14.25, 5, 5.75]},
			"faces": {
				"north": {"uv": [0, 0, 0, 1.25], "texture": "#0"},
				"east": {"uv": [11.5, 6.75, 10.75, 8.25], "texture": "#0"},
				"south": {"uv": [0, 0, 0, 1.25], "texture": "#0"},
				"west": {"uv": [10.75, 6.75, 11.5, 8.25], "texture": "#0"},
				"up": {"uv": [0, 0.75, 0, 0], "texture": "#0"},
				"down": {"uv": [0, 0, 0, 0.75], "texture": "#0"}
			}
		},
		{
			"from": [2.90547, -1.09526, 5.7],
			"to": [7.40547, 4.15474, 5.7],
			"rotation": {"angle": -22.5, "axis": "z", "origin": [6.05547, 0.72974, 5.7]},
			"faces": {
				"north": {"uv": [13, 3.5, 14.25, 5], "texture": "#0"},
				"east": {"uv": [0, 0, 0, 1.25], "texture": "#0"},
				"south": {"uv": [13, 3.5, 14.25, 5], "texture": "#0"},
				"west": {"uv": [0, 0, 0, 1.25], "texture": "#0"},
				"up": {"uv": [1, 0, 0, 0], "texture": "#0"},
				"down": {"uv": [1, 0, 0, 0], "texture": "#0"}
			}
		},
		{
			"from": [10.75, 0.6, 5.7],
			"to": [15.25, 5.85, 5.7],
			"rotation": {"angle": 22.5, "axis": "z", "origin": [12, 3.625, 5.85]},
			"faces": {
				"north": {"uv": [12.75, 3.5, 11.5, 5], "texture": "#0"},
				"east": {"uv": [0, 0, 0, 1.25], "texture": "#0"},
				"south": {"uv": [11.5, 3.5, 12.75, 5], "texture": "#0"},
				"west": {"uv": [0, 0, 0, 1.25], "texture": "#0"},
				"up": {"uv": [1.25, 0, 0, 0], "texture": "#0"},
				"down": {"uv": [1.25, 0, 0, 0], "texture": "#0"}
			}
		},
		{
			"from": [9.90547, 0.80474, 5.8],
			"to": [14.40547, 6.05474, 5.8],
			"rotation": {"angle": 0, "axis": "z", "origin": [6.05547, 0.72974, 5.7]},
			"faces": {
				"north": {"uv": [14.25, 3.5, 13, 5], "texture": "#0"},
				"east": {"uv": [0, 0, 0, 1.25], "texture": "#0"},
				"south": {"uv": [13, 3.5, 14.25, 5], "texture": "#0"},
				"west": {"uv": [0, 0, 0, 1.25], "texture": "#0"},
				"up": {"uv": [1, 0, 0, 0], "texture": "#0"},
				"down": {"uv": [1, 0, 0, 0], "texture": "#0"}
			}
		},
		{
			"from": [4, 5.6, 8],
			"to": [4, 17, 10],
			"rotation": {"angle": 22.5, "axis": "x", "origin": [4.5, 8, 9]},
			"faces": {
				"north": {"uv": [0, 0, 0, 2.75], "texture": "#0"},
				"east": {"uv": [5.75, 11.75, 5.25, 14.5], "texture": "#0"},
				"south": {"uv": [0, 0, 0, 2.75], "texture": "#0"},
				"west": {"uv": [5.25, 11.75, 5.75, 14.5], "texture": "#0"},
				"up": {"uv": [0, 0.5, 0, 0], "texture": "#0"},
				"down": {"uv": [0, 0, 0, 0.5], "texture": "#0"}
			}
		},
		{
			"from": [11.75, 5.6, 8],
			"to": [11.75, 17, 10],
			"rotation": {"angle": 22.5, "axis": "x", "origin": [3.25, 8, 9]},
			"faces": {
				"north": {"uv": [0, 0, 0, 2.75], "texture": "#0"},
				"east": {"uv": [5.75, 11.75, 5.25, 14.5], "texture": "#0"},
				"south": {"uv": [0, 0, 0, 2.75], "texture": "#0"},
				"west": {"uv": [5.25, 11.75, 5.75, 14.5], "texture": "#0"},
				"up": {"uv": [0, 0.5, 0, 0], "texture": "#0"},
				"down": {"uv": [0, 0, 0, 0.5], "texture": "#0"}
			}
		},
		{
			"from": [4, 8.6, 10],
			"to": [4, 22, 12],
			"rotation": {"angle": 22.5, "axis": "x", "origin": [4.5, 8, 9]},
			"faces": {
				"north": {"uv": [0, 0, 0, 3.25], "texture": "#0"},
				"east": {"uv": [5.75, 8.5, 5.25, 11.75], "texture": "#0"},
				"south": {"uv": [0, 0, 0, 3.25], "texture": "#0"},
				"west": {"uv": [5.25, 8.5, 5.75, 11.75], "texture": "#0"},
				"up": {"uv": [0, 0.5, 0, 0], "texture": "#0"},
				"down": {"uv": [0, 0, 0, 0.5], "texture": "#0"}
			}
		},
		{
			"from": [4, 21.59656, 12.02822],
			"to": [12, 21.59656, 14.02822],
			"rotation": {"angle": 22.5, "axis": "x", "origin": [4, 12.89656, 11.02822]},
			"faces": {
				"north": {"uv": [0, 0, 1.75, 0], "texture": "#0"},
				"east": {"uv": [0, 0, 0.5, 0], "texture": "#0"},
				"south": {"uv": [0, 0, 1.75, 0], "texture": "#0"},
				"west": {"uv": [0, 0, 0.5, 0], "texture": "#0"},
				"up": {"uv": [8.5, 8.75, 6.75, 8.25], "texture": "#0"},
				"down": {"uv": [8.5, 8.25, 6.75, 8.75], "texture": "#0"}
			}
		},
		{
			"from": [11.75, 8.6, 10],
			"to": [11.75, 22, 12],
			"rotation": {"angle": 22.5, "axis": "x", "origin": [3.25, 8, 9]},
			"faces": {
				"north": {"uv": [0, 0, 0, 3.25], "texture": "#0"},
				"east": {"uv": [5.75, 8.5, 5.25, 11.75], "texture": "#0"},
				"south": {"uv": [0, 0, 0, 3.25], "texture": "#0"},
				"west": {"uv": [5.25, 8.5, 5.75, 11.75], "texture": "#0"},
				"up": {"uv": [0, 0.5, 0, 0], "texture": "#0"},
				"down": {"uv": [0, 0, 0, 0.5], "texture": "#0"}
			}
		}
	],
	"gui_light": "front",
	"display": {
		"thirdperson_righthand": {
			"rotation": [127.15, -82.75, 59.17],
			"translation": [-1, -5, 1.5]
		},
		"thirdperson_lefthand": {
			"rotation": [127.15, -82.75, 59.17],
			"translation": [-1, -5.25, 1.75]
		},
		"firstperson_righthand": {
			"rotation": [58.98, 67.06, -69.38],
			"translation": [9.75, 2.5, -4.5],
			"scale": [0.7, 0.7, 0.7]
		},
		"firstperson_lefthand": {
			"rotation": [58.98, 67.06, -69.38],
			"translation": [10, 2.5, -4.5],
			"scale": [0.7, 0.7, 0.7]
		},
		"ground": {
			"rotation": [65.62, -4.87, -7.6],
			"translation": [0, 1.5, 0],
			"scale": [0.8, 0.8, 0.8]
		},
		"gui": {
			"rotation": [149.07, -22.88, 175.6],
			"translation": [0, 0.5, 0]
		},
		"head": {
			"rotation": [-10.5, 0, 0],
			"translation": [0, -21.5, -7.5],
			"scale": [1.6, 1.6, 1.6]
		},
		"fixed": {
			"rotation": [-18.25, 0, 0],
			"translation": [0, -10.5, -8.5],
			"scale": [1.8, 1.8, 1.8]
		}
	},
	"groups": [
		{
			"name": "group",
			"origin": [8, 8, 8],
			"color": 0,
			"children": [
				0,
				{
					"name": "group",
					"origin": [14.25, 5, 5.75],
					"color": 0,
					"children": [1, 2, 3, 4]
				},
				{
					"name": "group",
					"origin": [6.05547, 0.72974, 5.7],
					"color": 0,
					"children": [5, 6, 7]
				}
			]
		},
		{
			"name": "group",
			"origin": [8, 8, 8],
			"color": 0,
			"children": [8, 9, 10, 11, 12]
		}
	]
}