{
	"format_version": "1.21.6",
	"credit": "by Hoffen _InkGhoul",
	"texture_size": [64, 64],
	"textures": {
		"0": "custom:item/impulse/metro_mayhem_winner",
		"1": "custom:item/impulse/metro_mayhem_winner_train",
		"particle": "custom:item/impulse/metro_mayhem_winner"
	},
	"elements": [
		{
			"from": [0.8, -15.6, 0.8],
			"to": [15.2, -10.2, 15.2],
			"rotation": {"angle": 0, "axis": "y", "origin": [8, -13.8, 7.1]},
			"faces": {
				"north": {"uv": [2.5, 13.5, 6.5, 15], "texture": "#0"},
				"east": {"uv": [2.5, 13.5, 6.5, 15], "texture": "#0"},
				"south": {"uv": [2.5, 13.5, 6.5, 15], "texture": "#0"},
				"west": {"uv": [2.5, 13.5, 6.5, 15], "texture": "#0"},
				"up": {"uv": [6.5, 13.5, 2.5, 9.5], "texture": "#0"},
				"down": {"uv": [6.5, 9.5, 2.5, 13.5], "texture": "#0"}
			}
		},
		{
			"from": [4.4, -10.2, 4.4],
			"to": [11.6, -2.1, 11.6],
			"rotation": {"angle": 0, "axis": "y", "origin": [8, -13.8, 7.1]},
			"faces": {
				"north": {"uv": [3.5, 7.25, 5.5, 9.5], "texture": "#0"},
				"east": {"uv": [3.5, 7.25, 5.5, 9.5], "texture": "#0"},
				"south": {"uv": [3.5, 7.25, 5.5, 9.5], "texture": "#0"},
				"west": {"uv": [3.5, 7.25, 5.5, 9.5], "texture": "#0"},
				"up": {"uv": [2.5, 15, 0.5, 13], "texture": "#0"},
				"down": {"uv": [2.5, 13, 0.5, 15], "texture": "#0"}
			}
		},
		{
			"from": [-1, -2.1, -1],
			"to": [2.6, 17.7, 17],
			"rotation": {"angle": 0, "axis": "y", "origin": [8, -11.1, 7.1]},
			"faces": {
				"north": {"uv": [6, 1, 7, 6.5], "texture": "#0"},
				"east": {"uv": [3, 4.25, 3.5, 6], "texture": "#0"},
				"south": {"uv": [2, 1, 3, 6.5], "texture": "#0"},
				"west": {"uv": [2, 1, 7, 6.5], "texture": "#0"},
				"up": {"uv": [9.25, 6.25, 8.25, 1.25], "texture": "#0"},
				"down": {"uv": [1.75, 1.25, 0.75, 6.25], "texture": "#0"}
			}
		},
		{
			"from": [2.6, -2.1, -1],
			"to": [13.4, 17.7, 2.6],
			"rotation": {"angle": 0, "axis": "y", "origin": [8, -11.1, 7.1]},
			"faces": {
				"north": {"uv": [3, 1, 6, 6.5], "texture": "#0"},
				"east": {"uv": [9, 8.75, 10, 14.25], "texture": "#0"},
				"south": {"uv": [3, 4.25, 3.5, 6], "texture": "#0"},
				"west": {"uv": [9.25, 9.25, 10.25, 14.75], "texture": "#0"},
				"up": {"uv": [6.75, 1, 3.75, 0], "texture": "#0"},
				"down": {"uv": [9, 7.5, 6, 6.5], "texture": "#0"}
			}
		},
		{
			"from": [2.6, -4.8, 2.6],
			"to": [13.4, -2.1, 13.4],
			"rotation": {"angle": 0, "axis": "y", "origin": [8, -30.9, 7.1]},
			"faces": {
				"north": {"uv": [3, 6.5, 6, 7.25], "texture": "#0"},
				"east": {"uv": [3, 6.5, 6, 7.25], "texture": "#0"},
				"south": {"uv": [3, 6.5, 6, 7.25], "texture": "#0"},
				"west": {"uv": [3, 6.5, 6, 7.25], "texture": "#0"},
				"up": {"uv": [3, 9.5, 0, 6.5], "texture": "#0"},
				"down": {"uv": [3, 6.5, 0, 9.5], "texture": "#0"}
			}
		},
		{
			"from": [2.6, 10.2, 2.6],
			"to": [13.4, 12.9, 13.4],
			"rotation": {"angle": 0, "axis": "y", "origin": [8, -15.9, 7.1]},
			"faces": {
				"north": {"uv": [3, 6.5, 6, 7.25], "texture": "#0"},
				"east": {"uv": [3, 6.5, 6, 7.25], "texture": "#0"},
				"south": {"uv": [3, 6.5, 6, 7.25], "texture": "#0"},
				"west": {"uv": [3, 6.5, 6, 7.25], "texture": "#0"},
				"up": {"uv": [3, 9.5, 0, 6.5], "texture": "#0"},
				"down": {"uv": [3, 6.5, 0, 9.5], "texture": "#0"}
			}
		},
		{
			"from": [2.6, -2.1, 13.4],
			"to": [13.4, 17.7, 17],
			"rotation": {"angle": 0, "axis": "y", "origin": [8, -11.1, 21.5]},
			"faces": {
				"north": {"uv": [3, 4.25, 3.5, 6], "texture": "#0"},
				"east": {"uv": [9.25, 9.5, 10.25, 15], "texture": "#0"},
				"south": {"uv": [3, 1, 6, 6.5], "texture": "#0"},
				"west": {"uv": [9.25, 8.25, 10.25, 13.75], "texture": "#0"},
				"up": {"uv": [3.75, 1, 0.75, 0], "texture": "#0"},
				"down": {"uv": [9, 6.5, 6, 7.5], "texture": "#0"}
			}
		},
		{
			"from": [13.4, -2.1, -1],
			"to": [17, 17.7, 17],
			"rotation": {"angle": 0, "axis": "y", "origin": [8, -11.1, 7.1]},
			"faces": {
				"north": {"uv": [2, 1, 3, 6.5], "texture": "#0"},
				"east": {"uv": [2, 1, 7, 6.5], "texture": "#0"},
				"south": {"uv": [6, 1, 7, 6.5], "texture": "#0"},
				"west": {"uv": [3, 4.25, 3.5, 6], "texture": "#0"},
				"up": {"uv": [8.25, 6.25, 7.25, 1.25], "texture": "#0"},
				"down": {"uv": [0.75, 1.25, 1.75, 6.25], "texture": "#0"}
			}
		},
		{
			"from": [-8.2, 13.2, 6.2],
			"to": [-1, 17.7, 10.7],
			"rotation": {"angle": 0, "axis": "y", "origin": [8, -11.1, 0.8]},
			"faces": {
				"north": {"uv": [7.75, 7.75, 5.75, 9], "texture": "#0"},
				"east": {"uv": [2.25, 13.5, 1, 14.75], "texture": "#0"},
				"south": {"uv": [5.75, 7.75, 7.75, 9], "texture": "#0"},
				"west": {"uv": [9, 7.75, 7.75, 9], "texture": "#0"},
				"up": {"uv": [6.75, 10.5, 8.75, 9.25], "texture": "#0"},
				"down": {"uv": [6.75, 9.25, 8.75, 10.5], "texture": "#0"}
			}
		},
		{
			"from": [-7.3, 4.2, 6.2],
			"to": [-4.6, 13.2, 10.7],
			"rotation": {"angle": 0, "axis": "y", "origin": [7.1, -11.1, 0.8]},
			"faces": {
				"north": {"uv": [8.75, 10.75, 8, 13.25], "texture": "#0"},
				"east": {"uv": [6.75, 10.75, 8, 13.25], "texture": "#0"},
				"south": {"uv": [8, 10.75, 8.75, 13.25], "texture": "#0"},
				"west": {"uv": [8, 10.75, 6.75, 13.25], "texture": "#0"},
				"up": {"uv": [1.5, 14.5, 2.25, 13.25], "texture": "#0"},
				"down": {"uv": [1.5, 13.5, 2.25, 14.75], "texture": "#0"}
			}
		},
		{
			"from": [-7.3, 0.6, 6.2],
			"to": [-1, 4.2, 10.7],
			"rotation": {"angle": 0, "axis": "y", "origin": [8, -24.6, 0.8]},
			"faces": {
				"north": {"uv": [2.25, 9.75, 0.5, 10.75], "texture": "#0"},
				"east": {"uv": [2.25, 13.75, 1, 14.75], "texture": "#0"},
				"south": {"uv": [0.5, 9.75, 2.25, 10.75], "texture": "#0"},
				"west": {"uv": [2.25, 10.75, 1, 11.75], "texture": "#0"},
				"up": {"uv": [0.5, 13, 2.25, 11.75], "texture": "#0"},
				"down": {"uv": [0.5, 11.75, 2.25, 13], "texture": "#0"}
			}
		},
		{
			"from": [17, 0.6, 6.2],
			"to": [23.3, 4.2, 10.7],
			"rotation": {"angle": 0, "axis": "y", "origin": [8, -24.6, 0.8]},
			"faces": {
				"north": {"uv": [0.5, 9.75, 2.25, 10.75], "texture": "#0"},
				"east": {"uv": [1, 10.75, 2.25, 11.75], "texture": "#0"},
				"south": {"uv": [2.25, 9.75, 0.5, 10.75], "texture": "#0"},
				"west": {"uv": [1, 13.75, 2.25, 14.75], "texture": "#0"},
				"up": {"uv": [2.25, 13, 0.5, 11.75], "texture": "#0"},
				"down": {"uv": [2.25, 11.75, 0.5, 13], "texture": "#0"}
			}
		},
		{
			"from": [20.6, 4.2, 6.2],
			"to": [23.3, 13.2, 10.7],
			"rotation": {"angle": 0, "axis": "y", "origin": [8.9, -11.1, 0.8]},
			"faces": {
				"north": {"uv": [8, 10.75, 8.75, 13.25], "texture": "#0"},
				"east": {"uv": [6.75, 10.75, 8, 13.25], "texture": "#0"},
				"south": {"uv": [8.75, 10.75, 8, 13.25], "texture": "#0"},
				"west": {"uv": [8, 10.75, 6.75, 13.25], "texture": "#0"},
				"up": {"uv": [2.25, 14.75, 1.5, 13.5], "texture": "#0"},
				"down": {"uv": [2, 13.75, 1.25, 15], "texture": "#0"}
			}
		},
		{
			"from": [17, 13.2, 6.2],
			"to": [24.2, 17.7, 10.7],
			"rotation": {"angle": 0, "axis": "y", "origin": [8, -11.1, 0.8]},
			"faces": {
				"north": {"uv": [5.75, 7.75, 7.75, 9], "texture": "#0"},
				"east": {"uv": [7.75, 7.75, 9, 9], "texture": "#0"},
				"south": {"uv": [7.75, 7.75, 5.75, 9], "texture": "#0"},
				"west": {"uv": [1, 13.5, 2.25, 14.75], "texture": "#0"},
				"up": {"uv": [8.75, 10.5, 6.75, 9.25], "texture": "#0"},
				"down": {"uv": [8.75, 9.25, 6.75, 10.5], "texture": "#0"}
			}
		},
		{
			"from": [19.7, -14.2, -3.7],
			"to": [19.7, -3.4, 19.7],
			"rotation": {"angle": 0, "axis": "y", "origin": [8, -27.7, 11.6]},
			"faces": {
				"north": {"uv": [0.25, 0, 0, 3], "texture": "#1"},
				"east": {"uv": [0, 4, 9, 8], "texture": "#1"},
				"south": {"uv": [0.25, 0, 0, 3], "texture": "#1"},
				"west": {"uv": [9, 4, 0, 8], "texture": "#1"},
				"up": {"uv": [0.25, 4, 0, 0], "texture": "#missing"},
				"down": {"uv": [0.25, 4, 0, 0], "texture": "#missing"}
			}
		},
		{
			"from": [-3.7, -14.2, -3.7],
			"to": [19.7, -3.4, -3.7],
			"rotation": {"angle": 0, "axis": "y", "origin": [8, -27.7, 4.4]},
			"faces": {
				"north": {"uv": [0, 0, 9, 4], "texture": "#1"},
				"east": {"uv": [0.25, 0, 0, 3.25], "texture": "#1"},
				"south": {"uv": [9, 0, 0, 4], "texture": "#1"},
				"west": {"uv": [0.25, 0, 0, 3.25], "texture": "#1"},
				"up": {"uv": [0.25, 0, 4, 0.25], "texture": "#missing"},
				"down": {"uv": [0.25, 0, 4, 0.25], "texture": "#missing"}
			}
		},
		{
			"from": [-3.7, -14.2, -3.7],
			"to": [-3.7, -3.4, 19.7],
			"rotation": {"angle": 0, "axis": "y", "origin": [8, -27.7, 4.4]},
			"faces": {
				"north": {"uv": [0, 0, 0.25, 3], "texture": "#1"},
				"east": {"uv": [9, 4, 0, 8], "texture": "#1"},
				"south": {"uv": [0, 0, 0.25, 3], "texture": "#1"},
				"west": {"uv": [0, 4, 9, 8], "texture": "#1"},
				"up": {"uv": [0, 0, 0.25, 4], "texture": "#missing"},
				"down": {"uv": [0, 0, 0.25, 4], "texture": "#missing"}
			}
		},
		{
			"from": [-3.7, -14.2, 19.7],
			"to": [19.7, -3.4, 19.7],
			"rotation": {"angle": 0, "axis": "y", "origin": [8, -27.7, 11.6]},
			"faces": {
				"north": {"uv": [9, 0, 0, 4], "texture": "#1"},
				"east": {"uv": [0, 0, 0.25, 3.25], "texture": "#1"},
				"south": {"uv": [0, 0, 9, 4], "texture": "#1"},
				"west": {"uv": [0, 0, 0.25, 3.25], "texture": "#1"},
				"up": {"uv": [0, 0, 4, 0.25], "texture": "#missing"},
				"down": {"uv": [0, 0, 4, 0.25], "texture": "#missing"}
			}
		},
		{
			"from": [1.8, 18.8, 7.8],
			"to": [14.2, 32, 7.8],
			"rotation": {"angle": 0, "axis": "y", "origin": [1.7, 23.3, 7.8]},
			"faces": {
				"north": {"uv": [13, 0, 16, 3.25], "texture": "#0"},
				"east": {"uv": [0.5, 0, 0, 6.5], "texture": "#missing"},
				"south": {"uv": [13, 0, 16, 3.25], "texture": "#0"},
				"west": {"uv": [0.5, 0, 0, 6.5], "texture": "#missing"},
				"up": {"uv": [0.5, 0, 8, 0.5], "texture": "#missing"},
				"down": {"uv": [0.5, 0, 8, 0.5], "texture": "#missing"}
			}
		},
		{
			"from": [0.8, 17.8, 0.9],
			"to": [0.8, 19, 14.9],
			"rotation": {"angle": 0, "axis": "y", "origin": [1.7, 22.3, 14.9]},
			"faces": {
				"north": {"uv": [16, 3.25, 13, 3.5], "texture": "#0"},
				"east": {"uv": [13, 3.25, 16, 3.5], "texture": "#0"},
				"south": {"uv": [16, 3.25, 13, 3.5], "texture": "#0"},
				"west": {"uv": [13, 3.25, 16, 3.5], "texture": "#0"},
				"up": {"uv": [0.5, 0.5, 8, 0], "texture": "#missing"},
				"down": {"uv": [0.5, 0.5, 8, 0], "texture": "#missing"}
			}
		},
		{
			"from": [15.2, 17.8, 0.9],
			"to": [15.2, 19, 14.9],
			"rotation": {"angle": 0, "axis": "y", "origin": [16.1, 22.3, 14.9]},
			"faces": {
				"north": {"uv": [16, 3.25, 13, 3.5], "texture": "#0"},
				"east": {"uv": [13, 3.25, 16, 3.5], "texture": "#0"},
				"south": {"uv": [16, 3.25, 13, 3.5], "texture": "#0"},
				"west": {"uv": [13, 3.25, 16, 3.5], "texture": "#0"},
				"up": {"uv": [0.5, 0.5, 8, 0], "texture": "#missing"},
				"down": {"uv": [0.5, 0.5, 8, 0], "texture": "#missing"}
			}
		},
		{
			"from": [0.8, 17.8, 14.9],
			"to": [15.2, 19, 14.9],
			"rotation": {"angle": 0, "axis": "y", "origin": [14.3, 22.3, 14.9]},
			"faces": {
				"north": {"uv": [13, 3.25, 16, 3.5], "texture": "#0"},
				"east": {"uv": [0.5, 0, 0, 6.5], "texture": "#missing"},
				"south": {"uv": [13, 3.25, 16, 3.5], "texture": "#0"},
				"west": {"uv": [0.5, 0, 0, 6.5], "texture": "#missing"},
				"up": {"uv": [8, 0.5, 0.5, 0], "texture": "#missing"},
				"down": {"uv": [8, 0.5, 0.5, 0], "texture": "#missing"}
			}
		},
		{
			"from": [0.8, 17.8, 0.9],
			"to": [15.2, 19, 0.9],
			"rotation": {"angle": 0, "axis": "y", "origin": [14.3, 22.3, 0.9]},
			"faces": {
				"north": {"uv": [13, 3.25, 16, 3.5], "texture": "#0"},
				"east": {"uv": [0.5, 0, 0, 6.5], "texture": "#missing"},
				"south": {"uv": [13, 3.25, 16, 3.5], "texture": "#0"},
				"west": {"uv": [0.5, 0, 0, 6.5], "texture": "#missing"},
				"up": {"uv": [8, 0.5, 0.5, 0], "texture": "#missing"},
				"down": {"uv": [8, 0.5, 0.5, 0], "texture": "#missing"}
			}
		}
	],
	"gui_light": "front",
	"display": {
		"thirdperson_righthand": {
			"rotation": [74, 0, 0],
			"translation": [2.75, 4.25, 4.25],
			"scale": [0.5, 0.5, 0.5]
		},
		"thirdperson_lefthand": {
			"rotation": [74, 0, 0],
			"translation": [2.75, 4.25, 4.25],
			"scale": [0.5, 0.5, 0.5]
		},
		"firstperson_righthand": {
			"rotation": [7, -48, 0],
			"translation": [0, 6.5, 0.25],
			"scale": [0.3, 0.3, 0.3]
		},
		"firstperson_lefthand": {
			"rotation": [7, -48, 0],
			"translation": [0, 6.5, 0.25],
			"scale": [0.3, 0.3, 0.3]
		},
		"ground": {
			"rotation": [-14, 0, 0],
			"translation": [0, 23.5, 0],
			"scale": [0.6, 0.6, 0.6]
		},
		"gui": {
			"rotation": [14, 17, 8],
			"translation": [0, -0.25, 0],
			"scale": [0.4, 0.4, 0.4]
		},
		"head": {
			"translation": [0, 27.5, 0],
			"scale": [0.9, 0.9, 0.9]
		},
		"fixed": {
			"rotation": [-90, 0, 0],
			"translation": [0, 0, -35.25],
			"scale": [1.5, 1.5, 1.5]
		}
	},
	"groups": [
		{
			"name": "group",
			"origin": [8, 8, 8],
			"color": 0,
			"children": [
				0,
				1,
				2,
				3,
				4,
				5,
				6,
				7,
				{
					"name": "group",
					"origin": [8, -11, 0],
					"color": 0,
					"children": [8, 9, 10, 11, 12, 13]
				},
				{
					"name": "group",
					"origin": [8, 0, 12],
					"color": 0,
					"children": [14, 15, 16, 17]
				},
				{
					"name": "group",
					"origin": [8, 8, 8],
					"color": 0,
					"children": [18, 19, 20, 21, 22]
				}
			]
		}
	]
}