{
	"format_version": "1.21.6",
	"credit": "by Hoffen _InkGhoul",
	"texture_size": [64, 64],
	"textures": {
		"0": "custom:item/impulse/pizza",
		"1": "custom:item/impulse/metro_mayhem_bronce",
		"particle": "custom:item/impulse/metro_mayhem_bronce"
	},
	"elements": [
		{
			"from": [2, -5, 2],
			"to": [14, -1, 14],
			"rotation": {"angle": 0, "axis": "y", "origin": [8, 8, 8]},
			"faces": {
				"north": {"uv": [6.75, 13.25, 9.75, 14.25], "texture": "#1"},
				"east": {"uv": [6.75, 13.25, 9.75, 14.25], "texture": "#1"},
				"south": {"uv": [6.75, 13.25, 9.75, 14.25], "texture": "#1"},
				"west": {"uv": [6.75, 13.25, 9.75, 14.25], "texture": "#1"},
				"up": {"uv": [3.75, 9, 6.75, 12], "rotation": 270, "texture": "#1"},
				"down": {"uv": [3.75, 9, 6.75, 12], "rotation": 90, "texture": "#1"}
			}
		},
		{
			"from": [1, 7, 12],
			"to": [15, 21, 15],
			"rotation": {"angle": 0, "axis": "y", "origin": [8, 8, 8]},
			"faces": {
				"north": {"uv": [6.5, 5.25, 10, 8.75], "texture": "#1"},
				"east": {"uv": [6.5, 5.25, 7.25, 8.75], "texture": "#1"},
				"south": {"uv": [6.5, 5.25, 10, 8.75], "texture": "#1"},
				"west": {"uv": [9.25, 5.25, 10, 8.75], "texture": "#1"},
				"up": {"uv": [6.5, 1.75, 7.25, 5.25], "rotation": 270, "texture": "#1"},
				"down": {"uv": [5.5, 5.25, 6.25, 8.75], "rotation": 90, "texture": "#1"}
			}
		},
		{
			"from": [1, 7, 1],
			"to": [15, 21, 4],
			"rotation": {"angle": 0, "axis": "y", "origin": [8, 8, 8]},
			"faces": {
				"north": {"uv": [6.5, 5.25, 10, 8.75], "texture": "#1"},
				"east": {"uv": [9.25, 5.25, 10, 8.75], "texture": "#1"},
				"south": {"uv": [6.5, 5.25, 10, 8.75], "texture": "#1"},
				"west": {"uv": [6.5, 5.25, 7.25, 8.75], "texture": "#1"},
				"up": {"uv": [9.25, 1.75, 10, 5.25], "rotation": 270, "texture": "#1"},
				"down": {"uv": [6.25, 5.25, 5.5, 8.75], "rotation": 90, "texture": "#1"}
			}
		},
		{
			"from": [12, 7, 4],
			"to": [15, 21, 12],
			"rotation": {"angle": 0, "axis": "y", "origin": [8, 8, 8]},
			"faces": {
				"north": {"uv": [6.5, 5.25, 7.25, 8.75], "texture": "#1"},
				"east": {"uv": [7.25, 5.25, 9.25, 8.75], "texture": "#1"},
				"south": {"uv": [6.5, 5.25, 7.25, 8.75], "texture": "#1"},
				"west": {"uv": [7.25, 5.25, 9.25, 8.75], "texture": "#1"},
				"up": {"uv": [7.25, 1.75, 9.25, 2.5], "rotation": 270, "texture": "#1"},
				"down": {"uv": [3.25, 5.5, 5.25, 6.25], "rotation": 90, "texture": "#1"}
			}
		},
		{
			"from": [1, 7, 4],
			"to": [4, 21, 12],
			"rotation": {"angle": 0, "axis": "y", "origin": [8, 8, 8]},
			"faces": {
				"north": {"uv": [0, 0, 0.75, 3.5], "texture": "#1"},
				"east": {"uv": [7.25, 5.25, 9.25, 8.75], "texture": "#1"},
				"south": {"uv": [0, 0, 0.75, 3.5], "texture": "#1"},
				"west": {"uv": [7.25, 5.25, 9.25, 8.75], "texture": "#1"},
				"up": {"uv": [7.25, 4.5, 9.25, 5.25], "rotation": 270, "texture": "#1"},
				"down": {"uv": [3.25, 5.5, 5.25, 6.25], "rotation": 90, "texture": "#1"}
			}
		},
		{
			"from": [-4, 17, 6],
			"to": [1, 21, 9],
			"rotation": {"angle": 0, "axis": "y", "origin": [8, 8, 8]},
			"faces": {
				"north": {"uv": [10.25, 5.5, 11.5, 6.5], "texture": "#1"},
				"east": {"uv": [0, 0, 0.75, 1], "texture": "#1"},
				"south": {"uv": [11.5, 5.5, 10.25, 6.5], "texture": "#1"},
				"west": {"uv": [11.5, 5.5, 12.25, 6.5], "texture": "#1"},
				"up": {"uv": [12.25, 5.5, 13, 6.75], "rotation": 270, "texture": "#1"},
				"down": {"uv": [12.25, 5.5, 13, 6.75], "rotation": 90, "texture": "#1"}
			}
		},
		{
			"from": [-4, 7, 6],
			"to": [1, 11, 9],
			"rotation": {"angle": 0, "axis": "y", "origin": [8, 8, 8]},
			"faces": {
				"north": {"uv": [11.5, 8, 10.25, 9], "texture": "#1"},
				"east": {"uv": [0, 14.5, 0.75, 15.5], "texture": "#1"},
				"south": {"uv": [10.25, 8, 11.5, 9], "texture": "#1"},
				"west": {"uv": [11.5, 8, 12.25, 9], "texture": "#1"},
				"up": {"uv": [13, 9, 12.25, 7.75], "rotation": 270, "texture": "#1"},
				"down": {"uv": [12.25, 7.75, 13, 9], "rotation": 90, "texture": "#1"}
			}
		},
		{
			"from": [-4, 11, 6],
			"to": [-2, 17, 9],
			"rotation": {"angle": 0, "axis": "y", "origin": [8, 8, 8]},
			"faces": {
				"north": {"uv": [11.25, 6.5, 10.75, 8], "texture": "#1"},
				"east": {"uv": [11.25, 6.5, 12, 8], "texture": "#1"},
				"south": {"uv": [10.75, 6.5, 11.25, 8], "texture": "#1"},
				"west": {"uv": [11.25, 6.5, 12, 8], "texture": "#1"},
				"up": {"uv": [0.75, 15, 1.5, 15.5], "rotation": 270, "texture": "#1"},
				"down": {"uv": [0.5, 15, 1.25, 15.5], "rotation": 90, "texture": "#1"}
			}
		},
		{
			"from": [15, 17, 6],
			"to": [20, 21, 9],
			"rotation": {"angle": 0, "axis": "y", "origin": [8, 8, 8]},
			"faces": {
				"north": {"uv": [11.5, 5.5, 10.25, 6.5], "texture": "#1"},
				"east": {"uv": [12.25, 5.5, 11.5, 6.5], "texture": "#1"},
				"south": {"uv": [10.25, 5.5, 11.5, 6.5], "texture": "#1"},
				"west": {"uv": [0.75, 0, 0, 1], "texture": "#1"},
				"up": {"uv": [12.25, 6.75, 13, 5.5], "rotation": 270, "texture": "#1"},
				"down": {"uv": [12.25, 6.75, 13, 5.5], "rotation": 90, "texture": "#1"}
			}
		},
		{
			"from": [15, 7, 6],
			"to": [20, 11, 9],
			"rotation": {"angle": 0, "axis": "y", "origin": [8, 8, 8]},
			"faces": {
				"north": {"uv": [10.25, 8, 11.5, 9], "texture": "#1"},
				"east": {"uv": [12.25, 8, 11.5, 9], "texture": "#1"},
				"south": {"uv": [11.5, 8, 10.25, 9], "texture": "#1"},
				"west": {"uv": [0.75, 14.5, 0, 15.5], "texture": "#1"},
				"up": {"uv": [13, 7.75, 12.25, 9], "rotation": 270, "texture": "#1"},
				"down": {"uv": [12.25, 9, 13, 7.75], "rotation": 90, "texture": "#1"}
			}
		},
		{
			"from": [18, 11, 6],
			"to": [20, 17, 9],
			"rotation": {"angle": 0, "axis": "y", "origin": [8, 8, 8]},
			"faces": {
				"north": {"uv": [10.75, 6.5, 11.25, 8], "texture": "#1"},
				"east": {"uv": [12, 6.5, 11.25, 8], "texture": "#1"},
				"south": {"uv": [11.25, 6.5, 10.75, 8], "texture": "#1"},
				"west": {"uv": [12, 6.5, 11.25, 8], "texture": "#1"},
				"up": {"uv": [0.75, 15.5, 1.5, 15], "rotation": 270, "texture": "#1"},
				"down": {"uv": [0.5, 15.5, 1.25, 15], "rotation": 90, "texture": "#1"}
			}
		},
		{
			"from": [3, 4, 3],
			"to": [13, 7, 13],
			"rotation": {"angle": 0, "axis": "y", "origin": [8, 8, 8]},
			"faces": {
				"north": {"uv": [7, 8.75, 9.5, 9.5], "texture": "#1"},
				"east": {"uv": [7, 8.75, 9.5, 9.5], "texture": "#1"},
				"south": {"uv": [7, 8.75, 9.5, 9.5], "texture": "#1"},
				"west": {"uv": [7, 8.75, 9.5, 9.5], "texture": "#1"},
				"up": {"uv": [7, 9.5, 9.5, 12], "rotation": 270, "texture": "#1"},
				"down": {"uv": [7, 9.5, 9.5, 12], "rotation": 90, "texture": "#1"}
			}
		},
		{
			"from": [3, 14, 3],
			"to": [13, 17, 13],
			"rotation": {"angle": 0, "axis": "y", "origin": [8, 18, 8]},
			"faces": {
				"north": {"uv": [7, 8.75, 9.5, 9.5], "texture": "#1"},
				"east": {"uv": [7, 8.75, 9.5, 9.5], "texture": "#1"},
				"south": {"uv": [7, 8.75, 9.5, 9.5], "texture": "#1"},
				"west": {"uv": [7, 8.75, 9.5, 9.5], "texture": "#1"},
				"up": {"uv": [7, 9.5, 9.5, 12], "rotation": 270, "texture": "#1"},
				"down": {"uv": [7, 9.5, 9.5, 12], "rotation": 90, "texture": "#1"}
			}
		},
		{
			"from": [5, -1, 5],
			"to": [11, 4, 11],
			"rotation": {"angle": 0, "axis": "y", "origin": [8, 8, 8]},
			"faces": {
				"north": {"uv": [7.5, 12, 9, 13.25], "texture": "#1"},
				"east": {"uv": [7.5, 12, 9, 13.25], "texture": "#1"},
				"south": {"uv": [7.5, 12, 9, 13.25], "texture": "#1"},
				"west": {"uv": [7.5, 12, 9, 13.25], "texture": "#1"},
				"up": {"uv": [0, 14.5, 1.5, 16], "rotation": 270, "texture": "#1"},
				"down": {"uv": [0, 14.5, 1.5, 16], "rotation": 90, "texture": "#1"}
			}
		},
		{
			"from": [6, 21.6, 7],
			"to": [14, 27.6, 9],
			"rotation": {"angle": -22.5, "axis": "z", "origin": [10.11549, 23.6, 9]},
			"faces": {
				"north": {"uv": [0, 0, 8, 6], "texture": "#0"},
				"east": {"uv": [8, 10, 14, 12], "rotation": 270, "texture": "#0"},
				"south": {"uv": [8, 12, 0, 6], "rotation": 180, "texture": "#0"},
				"west": {"uv": [14, 10, 8, 12], "rotation": 90, "texture": "#0"},
				"up": {"uv": [8, 8, 16, 10], "rotation": 180, "texture": "#0"},
				"down": {"uv": [6, 14, 12, 16], "texture": "#0"}
			}
		},
		{
			"from": [7, 16.6, 7],
			"to": [13, 21.6, 9],
			"rotation": {"angle": -22.5, "axis": "z", "origin": [10.11549, 23.6, 9]},
			"faces": {
				"north": {"uv": [0, 0, 6, 5], "texture": "#0"},
				"east": {"uv": [6, 12, 11, 14], "rotation": 270, "texture": "#0"},
				"south": {"uv": [6, 16, 0, 11], "rotation": 180, "texture": "#0"},
				"west": {"uv": [6, 12, 11, 14], "rotation": 90, "texture": "#0"},
				"up": {"uv": [0, 0, 6, 2], "rotation": 180, "texture": "#0"},
				"down": {"uv": [6, 14, 12, 16], "texture": "#0"}
			}
		},
		{
			"from": [5, 27.6, 7],
			"to": [15, 30.6, 10],
			"rotation": {"angle": -22.5, "axis": "z", "origin": [10.11549, 23.6, 9]},
			"faces": {
				"north": {"uv": [0, 0, 10, 3], "texture": "#0"},
				"east": {"uv": [10, 0, 13, 3], "rotation": 270, "texture": "#0"},
				"south": {"uv": [0, 0, 10, 3], "texture": "#0"},
				"west": {"uv": [13, 0, 10, 3], "rotation": 90, "texture": "#0"},
				"up": {"uv": [13, 0, 16, 10], "rotation": 270, "texture": "#0"},
				"down": {"uv": [0, 3, 10, 6], "texture": "#0"}
			}
		},
		{
			"from": [6, 27.85, 10.25],
			"to": [14, 30.85, 10.25],
			"rotation": {"angle": -22.5, "axis": "z", "origin": [10.11549, 23.6, 9]},
			"faces": {
				"north": {"uv": [1, 0, 9, 3], "texture": "#0"},
				"east": {"uv": [10, 0, 13, 3], "rotation": 270, "texture": "#0"},
				"south": {"uv": [1, 0, 9, 3], "texture": "#0"},
				"west": {"uv": [13, 0, 10, 3], "rotation": 90, "texture": "#0"},
				"up": {"uv": [13, 0, 16, 10], "rotation": 270, "texture": "#0"},
				"down": {"uv": [0, 3, 10, 6], "texture": "#0"}
			}
		},
		{
			"from": [6, 30.85, 7.25],
			"to": [14, 30.85, 10.25],
			"rotation": {"angle": -22.5, "axis": "z", "origin": [10.11549, 23.6, 9]},
			"faces": {
				"north": {"uv": [0, 0, 10, 3], "texture": "#0"},
				"east": {"uv": [10, 0, 13, 3], "rotation": 270, "texture": "#0"},
				"south": {"uv": [1, 0, 9, 3], "texture": "#0"},
				"west": {"uv": [13, 0, 10, 3], "rotation": 90, "texture": "#0"},
				"up": {"uv": [13, 1, 16, 9], "rotation": 270, "texture": "#0"},
				"down": {"uv": [1, 3, 9, 6], "texture": "#0"}
			}
		},
		{
			"from": [7.9264, 25.00732, 9.1],
			"to": [10.1764, 27.25732, 9.1],
			"rotation": {"angle": -22.5, "axis": "z", "origin": [10.11549, 23.6, 9]},
			"faces": {
				"north": {"uv": [9, 7, 11, 9], "texture": "#0"},
				"east": {"uv": [0, 0, 2, 1], "rotation": 270, "texture": "#missing"},
				"south": {"uv": [9, 7, 11, 9], "rotation": 180, "texture": "#0"},
				"west": {"uv": [0, 0, 2, 1], "rotation": 90, "texture": "#missing"},
				"up": {"uv": [0, 0, 2, 1], "rotation": 180, "texture": "#missing"},
				"down": {"uv": [0, 1, 2, 0], "texture": "#missing"}
			}
		},
		{
			"from": [10.85655, 23.07118, 9.1],
			"to": [13.10655, 25.32118, 9.1],
			"rotation": {"angle": -22.5, "axis": "z", "origin": [10.11549, 23.6, 9]},
			"faces": {
				"north": {"uv": [9, 7, 11, 9], "texture": "#0"},
				"east": {"uv": [0, 0, 2, 1], "rotation": 270, "texture": "#missing"},
				"south": {"uv": [9, 7, 11, 9], "rotation": 180, "texture": "#0"},
				"west": {"uv": [0, 0, 2, 1], "rotation": 90, "texture": "#missing"},
				"up": {"uv": [0, 0, 2, 1], "rotation": 180, "texture": "#missing"},
				"down": {"uv": [0, 1, 2, 0], "texture": "#missing"}
			}
		},
		{
			"from": [9.61565, 18.22761, 9.1],
			"to": [11.86565, 20.47761, 9.1],
			"rotation": {"angle": -22.5, "axis": "z", "origin": [10.11549, 23.6, 9]},
			"faces": {
				"north": {"uv": [9, 7, 11, 9], "texture": "#0"},
				"east": {"uv": [0, 0, 2, 1], "rotation": 270, "texture": "#missing"},
				"south": {"uv": [9, 7, 11, 9], "rotation": 180, "texture": "#0"},
				"west": {"uv": [0, 0, 2, 1], "rotation": 90, "texture": "#missing"},
				"up": {"uv": [0, 0, 2, 1], "rotation": 180, "texture": "#missing"},
				"down": {"uv": [0, 1, 2, 0], "texture": "#missing"}
			}
		},
		{
			"from": [10, 16.35, 9.25],
			"to": [12, 18.35, 9.25],
			"rotation": {"angle": -22.5, "axis": "z", "origin": [10.11549, 23.6, 9]},
			"faces": {
				"north": {"uv": [14, 13, 12, 15], "texture": "#0"},
				"east": {"uv": [10, 0, 13, 3], "rotation": 270, "texture": "#0"},
				"south": {"uv": [12, 13, 14, 15], "texture": "#0"},
				"west": {"uv": [13, 0, 10, 3], "rotation": 90, "texture": "#0"},
				"up": {"uv": [13, 0, 16, 10], "rotation": 270, "texture": "#0"},
				"down": {"uv": [0, 3, 10, 6], "texture": "#0"}
			}
		},
		{
			"from": [10, 16.35, 6.25],
			"to": [12, 16.35, 9.25],
			"rotation": {"angle": -22.5, "axis": "z", "origin": [10.11549, 23.6, 9]},
			"faces": {
				"north": {"uv": [0, 0, 10, 3], "texture": "#0"},
				"east": {"uv": [10, 0, 13, 3], "rotation": 270, "texture": "#0"},
				"south": {"uv": [3, 14, 5, 16], "texture": "#0"},
				"west": {"uv": [13, 0, 10, 3], "rotation": 90, "texture": "#0"},
				"up": {"uv": [16, 12, 14, 15], "rotation": 270, "texture": "#0"},
				"down": {"uv": [14, 12, 16, 15], "texture": "#0"}
			}
		}
	],
	"gui_light": "front",
	"display": {
		"thirdperson_righthand": {
			"rotation": [74, -180, 0],
			"translation": [2.75, 4.25, 4.25],
			"scale": [0.5, 0.5, 0.5]
		},
		"thirdperson_lefthand": {
			"rotation": [74, -180, 0],
			"translation": [2.75, 4.25, 4.25],
			"scale": [0.5, 0.5, 0.5]
		},
		"firstperson_righthand": {
			"rotation": [7, -48, 0],
			"translation": [0, 3.75, 0.25],
			"scale": [0.3, 0.3, 0.3]
		},
		"firstperson_lefthand": {
			"rotation": [7, -48, 0],
			"translation": [0, 3.75, 0.25],
			"scale": [0.3, 0.3, 0.3]
		},
		"ground": {
			"rotation": [-14, 0, 0],
			"translation": [0, 8.5, 0],
			"scale": [0.6, 0.6, 0.6]
		},
		"gui": {
			"rotation": [14, 17, 8],
			"translation": [0.25, -1.75, 0],
			"scale": [0.4, 0.4, 0.4]
		},
		"head": {
			"rotation": [0, -180, 0],
			"translation": [0, 18, 0],
			"scale": [0.9, 0.9, 0.9]
		},
		"fixed": {
			"rotation": [90, 0, -180],
			"translation": [0, 0, -16.75],
			"scale": [1.3, 1.3, 1.3]
		}
	},
	"groups": [
		{
			"name": "group",
			"origin": [8, 8, 8],
			"color": 0,
			"children": [
				{
					"name": "group",
					"origin": [8, -11, 0],
					"color": 0,
					"children": []
				},
				0,
				1,
				2,
				3,
				4,
				5,
				6,
				7,
				8,
				9,
				10,
				11,
				12,
				13
			]
		},
		{
			"name": "pizza",
			"origin": [8, 8, 8],
			"color": 0,
			"children": [
				14,
				15,
				16,
				17,
				18,
				{
					"name": "pp",
					"origin": [9, 2.1, 4],
					"color": 0,
					"children": [19, 20, 21, 22, 23]
				}
			]
		}
	]
}