{
	"credit": "by Hoffen _InkGhoul",
	"texture_size": [64, 64],
	"textures": {
		"1": "custom:item/gtws_painting_back",
		"2": "custom:item/permit_painting_1",
		"3": "custom:item/permit_small_text",
		"particle": "custom:item/permit_painting_1"
	},
	"elements": [
		{
			"from": [7, 0, 0],
			"to": [8, 32, 32],
			"rotation": {"angle": 0, "axis": "y", "origin": [16, 16, 11.5]},
			"faces": {
				"north": {"uv": [1.75, 1.75, 2, 14.25], "texture": "#2"},
				"east": {"uv": [1.75, 1.75, 14.25, 14.25], "texture": "#2"},
				"south": {"uv": [14, 1.75, 14.25, 14.25], "texture": "#2"},
				"west": {"uv": [0, 0, 16, 16], "texture": "#1"},
				"up": {"uv": [1.75, 1.75, 14.25, 2], "rotation": 270, "texture": "#2"},
				"down": {"uv": [1.75, 14, 14.25, 14.25], "rotation": 90, "texture": "#2"}
			}
		},
		{
			"from": [8.1, 5.9, 12.3],
			"to": [8.1, 7.55, 15.6],
			"faces": {
				"north": {"uv": [0, 0, 0, 0.5], "texture": "#missing"},
				"east": {"uv": [0, 2, 16, 10], "texture": "#3"},
				"south": {"uv": [0, 0, 0, 0.5], "texture": "#missing"},
				"west": {"uv": [0, 0, 1, 0.5], "texture": "#missing"},
				"up": {"uv": [0, 0, 0, 1], "texture": "#missing"},
				"down": {"uv": [0, 0, 0, 1], "texture": "#missing"}
			}
		}
	],
	"gui_light": "front",
	"display": {
		"thirdperson_righthand": {
			"rotation": [158, 0, 180],
			"translation": [-1.25, -7, 5.75],
			"scale": [0.6, 0.6, 0.6]
		},
		"thirdperson_lefthand": {
			"rotation": [158, 0, 180],
			"translation": [-1.25, -7, 5.75],
			"scale": [0.6, 0.6, 0.6]
		},
		"firstperson_righthand": {
			"rotation": [180, -73, -155],
			"translation": [2.88, 2.2, 1.13],
			"scale": [0.3, 0.3, 0.3]
		},
		"firstperson_lefthand": {
			"rotation": [0, 77.25, -25],
			"translation": [-1.62, 3.2, -0.12],
			"scale": [0.3, 0.3, 0.3]
		},
		"ground": {
			"rotation": [180, 0, -90],
			"translation": [-1, 0, 6.75],
			"scale": [0.8, 0.8, 0.8]
		},
		"gui": {
			"rotation": [-132, -64, -90],
			"translation": [2.25, -4, 0],
			"scale": [0.5, 0.5, 0.5]
		},
		"head": {
			"rotation": [0, 0, 90],
			"translation": [7, 7.25, -8.5]
		},
		"fixed": {
			"rotation": [0, 90, 0],
			"translation": [-32, 0, -2.25],
			"scale": [2, 2, 2]
		}
	},
	"groups": [
		{
			"name": "group",
			"origin": [8, 8, 8],
			"color": 0,
			"children": [0, 1]
		}
	]
}