{
	"credit": "by Hoffen _InkGhoul",
	"texture_size": [32, 32],
	"textures": {
		"0": "custom:item/pina_colada",
		"particle": "custom:item/pina_colada"
	},
	"elements": [
		{
			"from": [4.25, 2.5, 4.25],
			"to": [11.75, 12.5, 11.75],
			"rotation": {"angle": 0, "axis": "y", "origin": [7, 4.5, 7]},
			"faces": {
				"north": {"uv": [6, 7.5, 10, 12.5], "texture": "#0"},
				"east": {"uv": [6, 7.5, 10, 12.5], "texture": "#0"},
				"south": {"uv": [6, 7.5, 10, 12.5], "texture": "#0"},
				"west": {"uv": [6, 7.5, 10, 12.5], "texture": "#0"},
				"up": {"uv": [6, 3.5, 10, 7.5], "texture": "#0"},
				"down": {"uv": [6, 3.5, 10, 7.5], "texture": "#0"}
			}
		},
		{
			"from": [9, 10.5, 10],
			"to": [11, 21.5, 10],
			"rotation": {"angle": 0, "axis": "y", "origin": [10, 10.5, 5]},
			"faces": {
				"north": {"uv": [10.5, 2.5, 11.5, 8], "texture": "#0"},
				"east": {"uv": [0, 0, 0, 2.75], "texture": "#0"},
				"south": {"uv": [10.5, 2.5, 11.5, 8], "texture": "#0"},
				"west": {"uv": [0, 0, 0, 2.75], "texture": "#0"},
				"up": {"uv": [0.5, 0, 0, 0], "texture": "#0"},
				"down": {"uv": [0.5, 0, 0, 0], "texture": "#0"}
			}
		},
		{
			"from": [2.5, 10.5, 7],
			"to": [10.5, 20.5, 7],
			"rotation": {"angle": 22.5, "axis": "z", "origin": [5.5, 10.5, 2]},
			"faces": {
				"north": {"uv": [12, 6.5, 15.5, 11], "texture": "#0"},
				"east": {"uv": [0, 0, 0, 2.5], "texture": "#0"},
				"south": {"uv": [15.5, 6.5, 12, 11], "texture": "#0"},
				"west": {"uv": [0, 0, 0, 2.5], "texture": "#0"},
				"up": {"uv": [2, 0, 0, 0], "texture": "#0"},
				"down": {"uv": [2, 0, 0, 0], "texture": "#0"}
			}
		},
		{
			"from": [6, 20.5, 6],
			"to": [14, 20.5, 10],
			"rotation": {"angle": -22.5, "axis": "x", "origin": [10, 20.5, 10]},
			"faces": {
				"north": {"uv": [0, 0, 2, 0], "texture": "#0"},
				"east": {"uv": [0, 0, 1, 0], "texture": "#0"},
				"south": {"uv": [0, 0, 2, 0], "texture": "#0"},
				"west": {"uv": [0, 0, 1, 0], "texture": "#0"},
				"up": {"uv": [9, 2.5, 13, 0.5], "texture": "#0"},
				"down": {"uv": [9, 0.5, 13, 2.5], "texture": "#0"}
			}
		},
		{
			"from": [6, 20.5, 10],
			"to": [14, 20.5, 14],
			"rotation": {"angle": 22.5, "axis": "x", "origin": [9, 20.5, 10]},
			"faces": {
				"north": {"uv": [0, 0, 2, 0], "texture": "#0"},
				"east": {"uv": [0, 0, 1, 0], "texture": "#0"},
				"south": {"uv": [0, 0, 2, 0], "texture": "#0"},
				"west": {"uv": [0, 0, 1, 0], "texture": "#0"},
				"up": {"uv": [9, 0.5, 13, 2.5], "texture": "#0"},
				"down": {"uv": [9, 2.5, 13, 0.5], "texture": "#0"}
			}
		},
		{
			"from": [3.5, 2, 3.5],
			"to": [12.5, 13.75, 12.5],
			"rotation": {"angle": 0, "axis": "y", "origin": [7, 2, 7]},
			"faces": {
				"north": {"uv": [0, 0, 4.5, 6], "texture": "#0"},
				"east": {"uv": [0, 0, 4.5, 6], "texture": "#0"},
				"south": {"uv": [0, 0, 4.5, 6], "texture": "#0"},
				"west": {"uv": [0, 0, 4.5, 6], "texture": "#0"},
				"up": {"uv": [4.5, 11, 0, 6.5], "texture": "#0"},
				"down": {"uv": [4.5, 6.5, 0, 11], "texture": "#0"}
			}
		},
		{
			"from": [5, 0, 5],
			"to": [11, 2, 11],
			"rotation": {"angle": 0, "axis": "y", "origin": [7, -9, 7]},
			"faces": {
				"north": {"uv": [1, 10.5, 4, 11.5], "texture": "#0"},
				"east": {"uv": [1, 10.5, 4, 11.5], "texture": "#0"},
				"south": {"uv": [1, 10.5, 4, 11.5], "texture": "#0"},
				"west": {"uv": [1, 10.5, 4, 11.5], "texture": "#0"},
				"up": {"uv": [16, 1.5, 16, 0], "texture": "#0"},
				"down": {"uv": [6.5, 13, 9.5, 16], "texture": "#0"}
			}
		}
	],
	"gui_light": "front",
	"display": {
		"thirdperson_righthand": {
			"rotation": [60.25, 0, 0],
			"translation": [0, 3, 2],
			"scale": [0.55, 0.55, 0.55]
		},
		"thirdperson_lefthand": {
			"rotation": [60.25, 0, 0],
			"translation": [0, 3, 2],
			"scale": [0.55, 0.55, 0.55]
		},
		"firstperson_righthand": {
			"rotation": [-180, 77, -180],
			"translation": [1.75, 0, 0],
			"scale": [0.4, 0.4, 0.4]
		},
		"firstperson_lefthand": {
			"rotation": [-180, 77, -180],
			"translation": [1.75, 0, 0],
			"scale": [0.4, 0.4, 0.4]
		},
		"ground": {
			"rotation": [90, 0, 0],
			"translation": [0, 0.5, 0],
			"scale": [0.6, 0.6, 0.6]
		},
		"gui": {
			"rotation": [-153.62, -26.46, 170.77],
			"translation": [-0.25, -1.5, 0],
			"scale": [0.8, 0.8, 0.8]
		},
		"head": {
			"rotation": [0, -22, 0],
			"translation": [0.25, 13.25, -0.5],
			"scale": [0.8, 0.8, 0.8]
		},
		"fixed": {
			"rotation": [-90, 180, 0],
			"translation": [0, 0, -8.75],
			"scale": [1.1, 1.1, 1.1]
		}
	},
	"groups": [
		{
			"name": "group",
			"origin": [8, 8, 8],
			"color": 0,
			"children": [
				0,
				{
					"name": "group",
					"origin": [10, 9.5, 2],
					"color": 0,
					"children": [1, 2, 3, 4]
				},
				5,
				6
			]
		}
	]
}