{
	"credit": "Made with Blockbench",
	"texture_size": [32, 32],
	"textures": {
		"0": "custom:item/plumbob",
		"particle": "custom:item/plumbob"
	},
	"elements": [
		{
			"from": [6, 5, 6],
			"to": [10, 14, 10],
			"faces": {
				"north": {"uv": [0, 0, 2, 4.5], "texture": "#0"},
				"east": {"uv": [2, 0, 4, 4.5], "texture": "#0"},
				"south": {"uv": [4, 0, 6, 4.5], "texture": "#0"},
				"west": {"uv": [0, 4.5, 2, 9], "texture": "#0"},
				"up": {"uv": [4, 6.5, 2, 4.5], "texture": "#0"},
				"down": {"uv": [6, 4.5, 4, 6.5], "texture": "#0"}
			}
		},
		{
			"from": [7, 9, 4],
			"to": [9, 16, 6],
			"rotation": {"angle": 22.5, "axis": "x", "origin": [8, 9.5, 5]},
			"faces": {
				"north": {"uv": [4, 6.5, 5, 10], "texture": "#0"},
				"east": {"uv": [5, 6.5, 6, 10], "texture": "#0"},
				"south": {"uv": [7, 0, 8, 3.5], "texture": "#0"},
				"west": {"uv": [7, 3.5, 8, 7], "texture": "#0"},
				"up": {"uv": [13, 13.5, 12, 12.5], "texture": "#0"},
				"down": {"uv": [14, 0, 13, 1], "texture": "#0"}
			}
		},
		{
			"from": [7, 2.22836, 4.85195],
			"to": [9, 9.22836, 6.85195],
			"rotation": {"angle": -22.5, "axis": "x", "origin": [8, 6.72836, 3.85195]},
			"faces": {
				"north": {"uv": [9, 3.5, 10, 7], "texture": "#0"},
				"east": {"uv": [9, 7, 10, 10.5], "texture": "#0"},
				"south": {"uv": [10, 0, 11, 3.5], "texture": "#0"},
				"west": {"uv": [2, 10, 3, 13.5], "texture": "#0"},
				"up": {"uv": [14, 6, 13, 5], "texture": "#0"},
				"down": {"uv": [14, 6, 13, 7], "texture": "#0"}
			}
		},
		{
			"from": [7, 9, 10],
			"to": [9, 16, 12],
			"rotation": {"angle": -22.5, "axis": "x", "origin": [8, 9.5, 11]},
			"faces": {
				"north": {"uv": [6, 0, 7, 3.5], "texture": "#0"},
				"east": {"uv": [6, 3.5, 7, 7], "texture": "#0"},
				"south": {"uv": [2, 6.5, 3, 10], "texture": "#0"},
				"west": {"uv": [3, 6.5, 4, 10], "texture": "#0"},
				"up": {"uv": [1, 13.5, 0, 12.5], "texture": "#0"},
				"down": {"uv": [2, 12.5, 1, 13.5], "texture": "#0"}
			}
		},
		{
			"from": [7, 2.22836, 9.14805],
			"to": [9, 9.22836, 11.14805],
			"rotation": {"angle": 22.5, "axis": "x", "origin": [8, 6.72836, 12.14805]},
			"faces": {
				"north": {"uv": [9, 10.5, 10, 14], "texture": "#0"},
				"east": {"uv": [10, 10.5, 11, 14], "texture": "#0"},
				"south": {"uv": [11, 0, 12, 3.5], "texture": "#0"},
				"west": {"uv": [11, 3.5, 12, 7], "texture": "#0"},
				"up": {"uv": [2, 14.5, 1, 13.5], "texture": "#0"},
				"down": {"uv": [3, 13.5, 2, 14.5], "texture": "#0"}
			}
		},
		{
			"from": [7, 12, 7],
			"to": [9, 17, 9],
			"faces": {
				"north": {"uv": [11, 7, 12, 9.5], "texture": "#0"},
				"east": {"uv": [11, 9.5, 12, 12], "texture": "#0"},
				"south": {"uv": [12, 0, 13, 2.5], "texture": "#0"},
				"west": {"uv": [12, 2.5, 13, 5], "texture": "#0"},
				"up": {"uv": [14, 12, 13, 11], "texture": "#0"},
				"down": {"uv": [14, 12, 13, 13], "texture": "#0"}
			}
		},
		{
			"from": [7, 2, 7],
			"to": [9, 7, 9],
			"faces": {
				"north": {"uv": [12, 5, 13, 7.5], "texture": "#0"},
				"east": {"uv": [12, 7.5, 13, 10], "texture": "#0"},
				"south": {"uv": [12, 10, 13, 12.5], "texture": "#0"},
				"west": {"uv": [11, 12, 12, 14.5], "texture": "#0"},
				"up": {"uv": [14, 14, 13, 13], "texture": "#0"},
				"down": {"uv": [1, 13.5, 0, 14.5], "texture": "#0"}
			}
		},
		{
			"from": [4, 9, 7],
			"to": [6, 16, 9],
			"rotation": {"angle": -22.5, "axis": "z", "origin": [5, 9.5, 8]},
			"faces": {
				"north": {"uv": [6, 7, 7, 10.5], "texture": "#0"},
				"east": {"uv": [7, 7, 8, 10.5], "texture": "#0"},
				"south": {"uv": [8, 0, 9, 3.5], "texture": "#0"},
				"west": {"uv": [8, 3.5, 9, 7], "texture": "#0"},
				"up": {"uv": [14, 2, 13, 1], "texture": "#0"},
				"down": {"uv": [14, 2, 13, 3], "texture": "#0"}
			}
		},
		{
			"from": [4.85195, 2.22836, 7],
			"to": [6.85195, 9.22836, 9],
			"rotation": {"angle": 22.5, "axis": "z", "origin": [3.85195, 6.72836, 8]},
			"faces": {
				"north": {"uv": [10, 7, 11, 10.5], "texture": "#0"},
				"east": {"uv": [6, 10.5, 7, 14], "texture": "#0"},
				"south": {"uv": [7, 10.5, 8, 14], "texture": "#0"},
				"west": {"uv": [8, 10.5, 9, 14], "texture": "#0"},
				"up": {"uv": [14, 10, 13, 9], "texture": "#0"},
				"down": {"uv": [14, 10, 13, 11], "texture": "#0"}
			}
		},
		{
			"from": [10, 9, 7],
			"to": [12, 16, 9],
			"rotation": {"angle": 22.5, "axis": "z", "origin": [11, 9.5, 8]},
			"faces": {
				"north": {"uv": [8, 7, 9, 10.5], "texture": "#0"},
				"east": {"uv": [0, 9, 1, 12.5], "texture": "#0"},
				"south": {"uv": [9, 0, 10, 3.5], "texture": "#0"},
				"west": {"uv": [1, 9, 2, 12.5], "texture": "#0"},
				"up": {"uv": [14, 4, 13, 3], "texture": "#0"},
				"down": {"uv": [14, 4, 13, 5], "texture": "#0"}
			}
		},
		{
			"from": [9.14805, 2.22836, 7],
			"to": [11.14805, 9.22836, 9],
			"rotation": {"angle": -22.5, "axis": "z", "origin": [12.14805, 6.72836, 8]},
			"faces": {
				"north": {"uv": [3, 10, 4, 13.5], "texture": "#0"},
				"east": {"uv": [10, 3.5, 11, 7], "texture": "#0"},
				"south": {"uv": [4, 10, 5, 13.5], "texture": "#0"},
				"west": {"uv": [5, 10, 6, 13.5], "texture": "#0"},
				"up": {"uv": [14, 8, 13, 7], "texture": "#0"},
				"down": {"uv": [14, 8, 13, 9], "texture": "#0"}
			}
		}
	],
	"display": {
		"thirdperson_righthand": {
			"rotation": [75, 45, 0],
			"translation": [0, 0.5, 0],
			"scale": [0.375, 0.375, 0.375]
		},
		"thirdperson_lefthand": {
			"rotation": [75, 45, 0],
			"translation": [0, 0.5, 0],
			"scale": [0.375, 0.375, 0.375]
		},
		"ground": {
			"translation": [0, 6, 0]
		},
		"gui": {
			"translation": [0, -1.25, 0]
		},
		"head": {
			"translation": [0, 13.5, 0]
		},
		"fixed": {
			"translation": [0, -1.5, 0]
		}
	}
}