{
	"format_version": "1.21.6",
	"credit": "by Hoffen _InkGhoul",
	"texture_size": [32, 32],
	"textures": {
		"0": "custom:item/scarfari_balloon_chicken",
		"1": "custom:item/scarfari_balloon_string",
		"particle": "custom:item/scarfari_balloon_chicken"
	},
	"elements": [
		{
			"from": [4, -8, 3.75],
			"to": [12, 24, 3.75],
			"rotation": {"angle": 22.5, "axis": "y", "origin": [8, 14, 3.75]},
			"faces": {
				"north": {"uv": [0, 0, 4, 16], "texture": "#1"},
				"east": {"uv": [8.5, 0, 8, 16], "texture": "#1"},
				"south": {"uv": [4, 0, 0, 16], "texture": "#1"},
				"west": {"uv": [8.5, 0, 8, 16], "texture": "#1"},
				"up": {"uv": [12, 0, 8.5, 0.5], "texture": "#1"},
				"down": {"uv": [12, 0, 8.5, 0.5], "texture": "#1"}
			}
		},
		{
			"from": [4.8, 21.55, 1.6],
			"to": [11.2, 27.95, 8],
			"rotation": {"angle": 0, "axis": "y", "origin": [8, 19.32032, 6.84853]},
			"faces": {
				"north": {"uv": [0, 0, 4, 4], "texture": "#0"},
				"east": {"uv": [0, 4, 4, 8], "texture": "#0"},
				"south": {"uv": [4, 4, 8, 8], "texture": "#0"},
				"west": {"uv": [4, 4, 0, 8], "texture": "#0"},
				"up": {"uv": [8, 4, 4, 0], "texture": "#0"},
				"down": {"uv": [8, 0, 4, 4], "texture": "#0"}
			}
		},
		{
			"from": [6.4, 21.55, 0],
			"to": [9.6, 23.15, 1.6],
			"rotation": {"angle": 0, "axis": "y", "origin": [8, 19.32032, 6.84853]},
			"faces": {
				"north": {"uv": [9, 5, 11, 6], "texture": "#0"},
				"east": {"uv": [10, 5, 11, 6], "texture": "#0"},
				"south": {"uv": [9, 7, 11, 8], "texture": "#0"},
				"west": {"uv": [10, 5, 11, 6], "texture": "#0"},
				"up": {"uv": [11, 5, 9, 4], "texture": "#0"},
				"down": {"uv": [11, 6, 9, 7], "texture": "#0"}
			}
		},
		{
			"from": [10.16, 23.15, 1.52],
			"to": [11.76, 24.75, 3.12],
			"rotation": {"angle": -22.5, "axis": "y", "origin": [10.96, 23.95, 2.32]},
			"faces": {
				"north": {"uv": [3, 6, 4, 7], "texture": "#0"},
				"east": {"uv": [3, 6, 4, 7], "texture": "#0"},
				"south": {"uv": [3, 6, 4, 7], "texture": "#0"},
				"west": {"uv": [3, 6, 4, 7], "texture": "#0"},
				"up": {"uv": [4, 7, 3, 6], "texture": "#0"},
				"down": {"uv": [4, 6, 3, 7], "texture": "#0"}
			}
		},
		{
			"from": [4.24, 23.15, 1.52],
			"to": [5.84, 24.75, 3.12],
			"rotation": {"angle": 22.5, "axis": "y", "origin": [5.04, 23.95, 2.32]},
			"faces": {
				"north": {"uv": [4, 6, 3, 7], "texture": "#0"},
				"east": {"uv": [4, 6, 3, 7], "texture": "#0"},
				"south": {"uv": [4, 6, 3, 7], "texture": "#0"},
				"west": {"uv": [4, 6, 3, 7], "texture": "#0"},
				"up": {"uv": [3, 7, 4, 6], "texture": "#0"},
				"down": {"uv": [3, 6, 4, 7], "texture": "#0"}
			}
		},
		{
			"from": [6.4, 19.95, 3.2],
			"to": [9.6, 21.55, 4.8],
			"rotation": {"angle": 0, "axis": "y", "origin": [8, 19.32032, 6.84853]},
			"faces": {
				"north": {"uv": [9, 8, 11, 9], "texture": "#0"},
				"east": {"uv": [12, 8, 11, 9], "texture": "#0"},
				"south": {"uv": [11, 8, 9, 9], "texture": "#0"},
				"west": {"uv": [11, 8, 12, 9], "texture": "#0"},
				"up": {"uv": [11, 9, 9, 8], "texture": "#0"},
				"down": {"uv": [11, 8, 9, 9], "texture": "#0"}
			}
		},
		{
			"from": [4.8, 16.75, 4.8],
			"to": [11.2, 23.15, 11.2],
			"rotation": {"angle": 0, "axis": "y", "origin": [8, 19.32032, 6.84853]},
			"faces": {
				"north": {"uv": [4, 8, 8, 12], "texture": "#0"},
				"east": {"uv": [0, 8, 4, 12], "texture": "#0"},
				"south": {"uv": [0, 12, 4, 16], "texture": "#0"},
				"west": {"uv": [4, 8, 0, 12], "texture": "#0"},
				"up": {"uv": [8, 12, 4, 8], "texture": "#0"},
				"down": {"uv": [8, 8, 4, 12], "texture": "#0"}
			}
		},
		{
			"from": [4.8, 18.95136, 12.63347],
			"to": [11.2, 18.95136, 17.43347],
			"rotation": {"angle": -45, "axis": "x", "origin": [8, 19.32032, 6.84853]},
			"faces": {
				"north": {"uv": [0, 0, 4, 0.5], "texture": "#0"},
				"east": {"uv": [0, 0, 3, 0.5], "texture": "#0"},
				"south": {"uv": [0, 0, 4, 0.5], "texture": "#0"},
				"west": {"uv": [0, 0, 3, 0.5], "texture": "#0"},
				"up": {"uv": [8, 15, 4, 12], "texture": "#0"},
				"down": {"uv": [8, 12, 4, 15], "texture": "#0"}
			}
		},
		{
			"from": [10.70799, 13.36557, 4.88],
			"to": [12.30799, 19.76557, 11.12],
			"rotation": {"angle": 45, "axis": "z", "origin": [8, 19.32032, 6.84853]},
			"faces": {
				"north": {"uv": [13, 0, 12, 4], "texture": "#0"},
				"east": {"uv": [12, 0, 8, 4], "texture": "#0"},
				"south": {"uv": [15, 0, 14, 4], "texture": "#0"},
				"west": {"uv": [8, 0, 12, 4], "texture": "#0"},
				"up": {"uv": [5, 16, 4, 12], "texture": "#0"},
				"down": {"uv": [14, 0, 13, 4], "texture": "#0"}
			}
		},
		{
			"from": [3.69201, 13.36557, 4.88],
			"to": [5.29201, 19.76557, 11.12],
			"rotation": {"angle": -45, "axis": "z", "origin": [8, 19.32032, 6.84853]},
			"faces": {
				"north": {"uv": [12, 0, 13, 4], "texture": "#0"},
				"east": {"uv": [12, 0, 8, 4], "texture": "#0"},
				"south": {"uv": [14, 0, 15, 4], "texture": "#0"},
				"west": {"uv": [8, 0, 12, 4], "texture": "#0"},
				"up": {"uv": [5, 16, 4, 12], "texture": "#0"},
				"down": {"uv": [13, 0, 14, 4], "texture": "#0"}
			}
		},
		{
			"from": [8.06414, 12.98029, 8],
			"to": [9.66414, 17.78029, 8],
			"rotation": {"angle": 22.5, "axis": "z", "origin": [8, 19.32032, 6.84853]},
			"faces": {
				"north": {"uv": [8.5, 9.5, 10.5, 12.5], "texture": "#0"},
				"east": {"uv": [0.5, 0, 0, 3.5], "texture": "#0"},
				"south": {"uv": [10.5, 9.5, 8.5, 12.5], "texture": "#0"},
				"west": {"uv": [0.5, 0, 0, 3.5], "texture": "#0"},
				"up": {"uv": [2, 0, 0.5, 0.5], "texture": "#0"},
				"down": {"uv": [2, 0, 0.5, 0.5], "texture": "#0"}
			}
		},
		{
			"from": [8.06414, 12.98029, 6.4],
			"to": [9.66414, 12.98029, 8],
			"rotation": {"angle": 22.5, "axis": "z", "origin": [8, 19.32032, 6.84853]},
			"faces": {
				"north": {"uv": [0, 0, 2, 0.5], "texture": "#0"},
				"east": {"uv": [0, 0, 1, 0.5], "texture": "#0"},
				"south": {"uv": [0, 0, 2, 0.5], "texture": "#0"},
				"west": {"uv": [0, 0, 1, 0.5], "texture": "#0"},
				"up": {"uv": [10.5, 13, 8.5, 12], "texture": "#0"},
				"down": {"uv": [10.5, 12, 8.5, 13], "texture": "#0"}
			}
		},
		{
			"from": [6.33586, 12.98029, 8],
			"to": [7.93586, 17.78029, 8],
			"rotation": {"angle": -22.5, "axis": "z", "origin": [8, 19.32032, 6.84853]},
			"faces": {
				"north": {"uv": [10.5, 9.5, 8.5, 12.5], "texture": "#0"},
				"east": {"uv": [0.5, 0, 0, 3.5], "texture": "#0"},
				"south": {"uv": [8.5, 9.5, 10.5, 12.5], "texture": "#0"},
				"west": {"uv": [0.5, 0, 0, 3.5], "texture": "#0"},
				"up": {"uv": [2, 0, 0.5, 0.5], "texture": "#0"},
				"down": {"uv": [2, 0, 0.5, 0.5], "texture": "#0"}
			}
		},
		{
			"from": [6.33586, 12.98029, 6.4],
			"to": [7.93586, 12.98029, 8],
			"rotation": {"angle": -22.5, "axis": "z", "origin": [8, 19.32032, 6.84853]},
			"faces": {
				"north": {"uv": [0, 0.5, 2, 0], "texture": "#0"},
				"east": {"uv": [0, 0.5, 1, 0], "texture": "#0"},
				"south": {"uv": [0, 0.5, 2, 0], "texture": "#0"},
				"west": {"uv": [0, 0.5, 1, 0], "texture": "#0"},
				"up": {"uv": [10.5, 13, 8.5, 12], "texture": "#0"},
				"down": {"uv": [10.5, 12, 8.5, 13], "texture": "#0"}
			}
		}
	],
	"gui_light": "front",
	"display": {
		"thirdperson_righthand": {
			"rotation": [74.97, -27, -5.21],
			"translation": [0.25, 0.25, 15],
			"scale": [0.8, 0.8, 0.8]
		},
		"thirdperson_lefthand": {
			"rotation": [74.97, -27, -5.21],
			"translation": [0.25, 0.25, 15],
			"scale": [0.8, 0.8, 0.8]
		},
		"firstperson_righthand": {
			"rotation": [-109.85, 78.13, 106.73],
			"translation": [3.5, 4, 0],
			"scale": [0.5, 0.5, 0.5]
		},
		"firstperson_lefthand": {
			"rotation": [-109.85, 78.13, 106.73],
			"translation": [3.5, 4, 0],
			"scale": [0.5, 0.5, 0.5]
		},
		"ground": {
			"translation": [0, 10.75, 0],
			"scale": [0.8, 0.8, 0.8]
		},
		"gui": {
			"rotation": [-152, 41, -180],
			"translation": [0.25, -8, 0],
			"scale": [0.7, 0.7, 0.7]
		},
		"head": {
			"translation": [0, 20, 4.75]
		},
		"fixed": {
			"rotation": [-90, 0, 0],
			"translation": [0, 7.75, -32],
			"scale": [2, 2, 2]
		}
	},
	"groups": [
		0,
		{
			"name": "group",
			"origin": [8, 8, 8],
			"color": 0,
			"children": [1, 2, 3, 4, 5, 6, 7, 8, 9, 10, 11, 12, 13]
		}
	]
}