{
	"credit": "By MukiTanuki",
	"parent": "shield",
	"textures": {
		"0": "custom:item/shield_small_base",
		"1": "custom:item/shield_gem",
		"particle": "custom:item/shield_small_base"
	},
	"elements": [
		{
			"from": [4, 4, 6],
			"to": [12, 12, 8],
			"rotation": {"angle": 45, "axis": "z", "origin": [8, 8, 8]},
			"faces": {
				"north": {"uv": [0, 0, 8, 8], "texture": "#0"},
				"east": {"uv": [8, 8, 10, 16], "texture": "#0"},
				"south": {"uv": [0, 8, 8, 16], "texture": "#0"},
				"west": {"uv": [8, 0, 10, 8], "texture": "#0"},
				"up": {"uv": [12, 8, 10, 0], "rotation": 270, "texture": "#0"},
				"down": {"uv": [12, 8, 10, 16], "rotation": 90, "texture": "#0"}
			}
		},
		{
			"from": [4, 4, 5.5],
			"to": [12, 12, 5.5],
			"rotation": {"angle": 45, "axis": "z", "origin": [8, 8, 8]},
			"faces": {
				"north": {"uv": [0, 0, 8, 8], "texture": "#1"},
				"east": {"uv": [0, 0, 0, 8], "texture": "#1"},
				"south": {"uv": [0, 8, 8, 16], "texture": "#1"},
				"west": {"uv": [0, 0, 0, 8], "texture": "#1"},
				"up": {"uv": [0, 8, 0, 0], "rotation": 270, "texture": "#1"},
				"down": {"uv": [0, 0, 0, 8], "rotation": 90, "texture": "#1"}
			}
		}
	],
	"display": {
		"thirdperson_righthand": {
			"rotation": [0, -90, 0],
			"translation": [2, -1.5, 0.25]
		},
		"thirdperson_lefthand": {
			"rotation": [0, -90, 0],
			"translation": [2, -1.5, 0.25]
		},
		"gui": {
			"rotation": [0, 180, 0]
		}
	}
}