{
	"credit": "by Hoffen _InkGhoul",
	"texture_size": [64, 64],
	"textures": {
		"0": "custom:item/skizzbeans_wither_texture",
		"particle": "custom:item/skizzbeans_wither_texture"
	},
	"elements": [
		{
			"from": [0, 10, 5],
			"to": [6, 16, 11],
			"rotation": {"angle": 0, "axis": "y", "origin": [-1, 0, 0]},
			"faces": {
				"north": {"uv": [5.25, 6, 6.75, 7.5], "texture": "#0"},
				"east": {"uv": [6.5, 0, 8, 1.5], "texture": "#0"},
				"south": {"uv": [6.5, 1.5, 8, 3], "texture": "#0"},
				"west": {"uv": [8, 0, 6.5, 1.5], "texture": "#0"},
				"up": {"uv": [8.25, 7.5, 6.75, 6], "texture": "#0"},
				"down": {"uv": [6.75, 7.5, 5.25, 9], "texture": "#0"}
			}
		},
		{
			"from": [1, 8, 6.5],
			"to": [14, 11, 8.5],
			"faces": {
				"north": {"uv": [5.25, 4.5, 8.5, 5.25], "texture": "#0"},
				"east": {"uv": [10, 9.5, 10.5, 10.25], "texture": "#0"},
				"south": {"uv": [5.25, 5.25, 8.5, 6], "texture": "#0"},
				"west": {"uv": [6.75, 10.25, 7.25, 11], "texture": "#0"},
				"up": {"uv": [11.75, 5, 8.5, 4.5], "texture": "#0"},
				"down": {"uv": [11.75, 5, 8.5, 5.5], "texture": "#0"}
			}
		},
		{
			"from": [5, 2.3, 6.6],
			"to": [10, 10.9, 9.6],
			"faces": {
				"north": {"uv": [5.25, 0, 6.5, 2.25], "texture": "#0"},
				"east": {"uv": [5.25, 9, 6, 11.25], "texture": "#0"},
				"south": {"uv": [5.25, 2.25, 6.5, 4.5], "texture": "#0"},
				"west": {"uv": [6, 9, 6.75, 11.25], "texture": "#0"},
				"up": {"uv": [10.75, 3.75, 9.5, 3], "texture": "#0"},
				"down": {"uv": [10.75, 3.75, 9.5, 4.5], "texture": "#0"}
			}
		},
		{
			"from": [2.25, 5.1, 7.4],
			"to": [12.75, 7.1, 9.4],
			"rotation": {"angle": 0, "axis": "y", "origin": [2, 0.2, -0.2]},
			"faces": {
				"north": {"uv": [8.5, 5.5, 11.25, 6], "texture": "#0"},
				"east": {"uv": [7.25, 10.25, 7.75, 10.75], "texture": "#0"},
				"south": {"uv": [9.25, 9, 12, 9.5], "texture": "#0"},
				"west": {"uv": [7.75, 10.25, 8.25, 10.75], "texture": "#0"},
				"up": {"uv": [12.25, 0.5, 9.5, 0], "texture": "#0"},
				"down": {"uv": [12.25, 0.5, 9.5, 1], "texture": "#0"}
			}
		},
		{
			"from": [2.25, 2.5, 7.4],
			"to": [12.75, 4.5, 9.4],
			"rotation": {"angle": 0, "axis": "y", "origin": [2, -2.4, -0.2]},
			"faces": {
				"north": {"uv": [9.5, 1, 12.25, 1.5], "texture": "#0"},
				"east": {"uv": [8.25, 10.25, 8.75, 10.75], "texture": "#0"},
				"south": {"uv": [9.5, 1.5, 12.25, 2], "texture": "#0"},
				"west": {"uv": [8.75, 10.25, 9.25, 10.75], "texture": "#0"},
				"up": {"uv": [12.25, 2.5, 9.5, 2], "texture": "#0"},
				"down": {"uv": [12.25, 2.5, 9.5, 3], "texture": "#0"}
			}
		},
		{
			"from": [5.1, -1.55, 6.6],
			"to": [9.9, 3.65, 9.6],
			"rotation": {"angle": -45, "axis": "x", "origin": [7.5, 3.15, 8.1]},
			"faces": {
				"north": {"uv": [6.75, 9, 8, 10.25], "texture": "#0"},
				"east": {"uv": [9.25, 9.5, 10, 10.75], "texture": "#0"},
				"south": {"uv": [8, 9, 9.25, 10.25], "texture": "#0"},
				"west": {"uv": [9.75, 6, 10.5, 7.25], "texture": "#0"},
				"up": {"uv": [11, 8, 9.75, 7.25], "texture": "#0"},
				"down": {"uv": [11, 8, 9.75, 8.75], "texture": "#0"}
			}
		},
		{
			"from": [9, 10, 5],
			"to": [15, 16, 11],
			"rotation": {"angle": 0, "axis": "y", "origin": [1, 0, 0]},
			"faces": {
				"north": {"uv": [6.75, 7.5, 8.25, 9], "texture": "#0"},
				"east": {"uv": [8, 0, 9.5, 1.5], "texture": "#0"},
				"south": {"uv": [8, 1.5, 9.5, 3], "texture": "#0"},
				"west": {"uv": [9.5, 0, 8, 1.5], "texture": "#0"},
				"up": {"uv": [9.75, 7.5, 8.25, 6], "texture": "#0"},
				"down": {"uv": [9.75, 7.5, 8.25, 9], "texture": "#0"}
			}
		},
		{
			"from": [-0.25, 9.75, 4.75],
			"to": [6.25, 16.25, 4.75],
			"rotation": {"angle": 0, "axis": "y", "origin": [1, 0, 0]},
			"faces": {
				"north": {"uv": [6.5, 3, 8, 4.5], "texture": "#0"},
				"east": {"uv": [8, 0, 9.5, 1.5], "texture": "#0"},
				"south": {"uv": [8, 3, 6.5, 4.5], "texture": "#0"},
				"west": {"uv": [9.5, 0, 8, 1.5], "texture": "#0"},
				"up": {"uv": [9.75, 7.5, 8.25, 6], "texture": "#0"},
				"down": {"uv": [9.75, 7.5, 8.25, 9], "texture": "#0"}
			}
		},
		{
			"from": [8.75, 9.75, 4.75],
			"to": [15.25, 16.25, 4.75],
			"rotation": {"angle": 0, "axis": "y", "origin": [1, 0, 0]},
			"faces": {
				"north": {"uv": [8, 3, 9.5, 4.5], "texture": "#0"},
				"east": {"uv": [8, 0, 9.5, 1.5], "texture": "#0"},
				"south": {"uv": [9.5, 3, 8, 4.5], "texture": "#0"},
				"west": {"uv": [9.5, 0, 8, 1.5], "texture": "#0"},
				"up": {"uv": [9.75, 7.5, 8.25, 6], "texture": "#0"},
				"down": {"uv": [9.75, 7.5, 8.25, 9], "texture": "#0"}
			}
		}
	],
	"gui_light": "front",
	"display": {
		"thirdperson_righthand": {
			"rotation": [73.25, 0, 0],
			"translation": [0.25, 0.75, 0.5],
			"scale": [0.6, 0.6, 0.6]
		},
		"thirdperson_lefthand": {
			"rotation": [73.25, 0, 0],
			"translation": [3, 0.75, 16.75],
			"scale": [0.6, 0.6, 0.6]
		},
		"firstperson_righthand": {
			"rotation": [11.26, -6.76, 3.56],
			"translation": [3.25, -0.5, -2.75],
			"scale": [0.6, 0.6, 0.6]
		},
		"firstperson_lefthand": {
			"rotation": [11.26, -6.76, 3.56],
			"translation": [3.25, -0.5, -2.75],
			"scale": [0.6, 0.6, 0.6]
		},
		"ground": {
			"translation": [0, 6.25, 0],
			"scale": [0.6, 0.6, 0.6]
		},
		"gui": {
			"rotation": [180, -17, 180],
			"translation": [-0.5, 0.5, 0]
		},
		"head": {
			"translation": [0.5, 16.25, -1]
		},
		"fixed": {
			"rotation": [-84.75, 0, 0],
			"translation": [0.75, 0, -13.75],
			"scale": [1.2, 1.2, 1.2]
		}
	},
	"groups": [
		{
			"name": "group",
			"origin": [8, 8, 8],
			"color": 0,
			"children": [
				0,
				1,
				2,
				3,
				4,
				5,
				6,
				{
					"name": "group",
					"origin": [1, 0, 0],
					"color": 0,
					"children": [7, 8]
				}
			]
		}
	]
}