{
	"credit": "Made with Blockbench",
	"texture_size": [64, 64],
	"textures": {
		"1": "custom:item/solarpunk_hat"
	},
	"elements": [
		{
			"name": "Head",
			"from": [1.28986, 7.9, 3.34097],
			"to": [15.28986, 7.9, 17.34097],
			"rotation": {"angle": 0, "axis": "y", "origin": [8.28986, 7.9, 10.34097]},
			"faces": {
				"north": {"uv": [3.5, 3.5, 7, 3.5], "texture": "#1"},
				"east": {"uv": [0, 3.5, 3.5, 3.5], "texture": "#1"},
				"south": {"uv": [10.5, 3.5, 14, 3.5], "texture": "#1"},
				"west": {"uv": [7, 3.5, 10.5, 3.5], "texture": "#1"},
				"up": {"uv": [7, 3.5, 3.5, 0], "texture": "#1"},
				"down": {"uv": [7, 0, 3.5, 3.5], "texture": "#1"}
			}
		},
		{
			"name": "Head",
			"from": [3.68986, 8.4, 5.84097],
			"to": [12.68986, 12.4, 14.84097],
			"rotation": {"angle": 0, "axis": "y", "origin": [10.68986, 9.2, 9.84097]},
			"faces": {
				"north": {"uv": [2.25, 5.75, 4.5, 6.75], "texture": "#1"},
				"east": {"uv": [0, 5.75, 2.25, 6.75], "texture": "#1"},
				"south": {"uv": [6.75, 5.75, 9, 6.75], "texture": "#1"},
				"west": {"uv": [4.5, 5.75, 6.75, 6.75], "texture": "#1"},
				"up": {"uv": [4.5, 5.75, 2.25, 3.5], "texture": "#1"},
				"down": {"uv": [6.75, 3.5, 4.5, 5.75], "texture": "#1"}
			}
		},
		{
			"name": "Head",
			"from": [3.58986, 8, 9.84097],
			"to": [4.58986, 17, 10.84097],
			"rotation": {"angle": 0, "axis": "y", "origin": [10.58986, 13.8, 9.84097]},
			"faces": {
				"north": {"uv": [9.25, 8.75, 9.5, 11], "texture": "#1"},
				"east": {"uv": [9, 8.75, 9.25, 11], "texture": "#1"},
				"south": {"uv": [9.75, 8.75, 10, 11], "texture": "#1"},
				"west": {"uv": [9.5, 8.75, 9.75, 11], "texture": "#1"},
				"up": {"uv": [9.5, 8.75, 9.25, 8.5], "texture": "#1"},
				"down": {"uv": [9.75, 8.5, 9.5, 8.75], "texture": "#1"}
			}
		},
		{
			"name": "Head",
			"from": [2.78986, 7.9, 5.14052],
			"to": [6.78986, 11.9, 6.14052],
			"rotation": {"angle": 17.5, "axis": "y", "origin": [4.78986, 9.95, 6.04052]},
			"faces": {
				"north": {"uv": [9.25, 3.75, 10.25, 4.75], "texture": "#1"},
				"east": {"uv": [9, 3.75, 9.25, 4.75], "texture": "#1"},
				"south": {"uv": [10.5, 3.75, 11.5, 4.75], "texture": "#1"},
				"west": {"uv": [10.25, 3.75, 10.5, 4.75], "texture": "#1"},
				"up": {"uv": [10.25, 3.75, 9.25, 3.5], "texture": "#1"},
				"down": {"uv": [11.25, 3.5, 10.25, 3.75], "texture": "#1"}
			}
		},
		{
			"name": "Head",
			"from": [2.88986, 8.1, 6.04052],
			"to": [6.68986, 11.9, 6.84052],
			"rotation": {"angle": 17.5, "axis": "y", "origin": [4.78986, 9.95, 6.04052]},
			"faces": {
				"north": {"uv": [9.25, 5, 10.25, 6], "texture": "#1"},
				"east": {"uv": [9, 5, 9.25, 6], "texture": "#1"},
				"south": {"uv": [10.5, 5, 11.5, 6], "texture": "#1"},
				"west": {"uv": [10.25, 5, 10.5, 6], "texture": "#1"},
				"up": {"uv": [10.25, 5, 9.25, 4.75], "texture": "#1"},
				"down": {"uv": [11.25, 4.75, 10.25, 5], "texture": "#1"}
			}
		},
		{
			"name": "Head",
			"from": [9.61014, 7.9, 5.14052],
			"to": [13.61014, 11.9, 6.14052],
			"rotation": {"angle": -17.5, "axis": "y", "origin": [11.61014, 9.95, 6.04052]},
			"faces": {
				"north": {"uv": [9.25, 6.25, 10.25, 7.25], "texture": "#1"},
				"east": {"uv": [9, 6.25, 9.25, 7.25], "texture": "#1"},
				"south": {"uv": [10.5, 6.25, 11.5, 7.25], "texture": "#1"},
				"west": {"uv": [10.25, 6.25, 10.5, 7.25], "texture": "#1"},
				"up": {"uv": [10.25, 6.25, 9.25, 6], "texture": "#1"},
				"down": {"uv": [11.25, 6, 10.25, 6.25], "texture": "#1"}
			}
		},
		{
			"name": "Head",
			"from": [9.71014, 8.1, 6.04052],
			"to": [13.51014, 11.9, 6.84052],
			"rotation": {"angle": -17.5, "axis": "y", "origin": [11.61014, 9.95, 6.04052]},
			"faces": {
				"north": {"uv": [9.25, 7.5, 10.25, 8.5], "texture": "#1"},
				"east": {"uv": [9, 7.5, 9.25, 8.5], "texture": "#1"},
				"south": {"uv": [10.5, 7.5, 11.5, 8.5], "texture": "#1"},
				"west": {"uv": [10.25, 7.5, 10.5, 8.5], "texture": "#1"},
				"up": {"uv": [10.25, 7.5, 9.25, 7.25], "texture": "#1"},
				"down": {"uv": [11.25, 7.25, 10.25, 7.5], "texture": "#1"}
			}
		},
		{
			"name": "Head",
			"from": [3.48986, 7.9, 5.64097],
			"to": [12.88986, 10.3, 15.04097],
			"rotation": {"angle": 0, "axis": "y", "origin": [10.68986, 8.1, 9.84097]},
			"faces": {
				"north": {"uv": [2.25, 9, 4.5, 9.5], "texture": "#1"},
				"east": {"uv": [0, 9, 2.25, 9.5], "texture": "#1"},
				"south": {"uv": [6.75, 9, 9, 9.5], "texture": "#1"},
				"west": {"uv": [4.5, 9, 6.75, 9.5], "texture": "#1"},
				"up": {"uv": [4.5, 9, 2.25, 6.75], "texture": "#1"},
				"down": {"uv": [6.75, 6.75, 4.5, 9], "texture": "#1"}
			}
		}
	],
	"gui_light": "front",
	"display": {
		"thirdperson_righthand": {
			"rotation": [0, 137, 0],
			"translation": [-0.5, 0.5, 2],
			"scale": [0.9, 0.9, 0.9]
		},
		"thirdperson_lefthand": {
			"rotation": [0, 137, 0],
			"translation": [-0.5, 0.5, 2],
			"scale": [0.9, 0.9, 0.9]
		},
		"firstperson_righthand": {
			"rotation": [0, 117, 0],
			"translation": [0.75, 1.25, 0],
			"scale": [0.7, 0.7, 0.7]
		},
		"firstperson_lefthand": {
			"rotation": [0, 117, 0],
			"translation": [0.75, 1.25, 0],
			"scale": [0.7, 0.7, 0.7]
		},
		"ground": {
			"rotation": [10, 0, 13],
			"translation": [0, -0.25, -0.5],
			"scale": [0.5, 0.5, 0.5]
		},
		"gui": {
			"rotation": [22.5, 135, 0],
			"translation": [-1.25, -3.25, 0],
			"scale": [0.9, 0.9, 0.9]
		},
		"head": {
			"rotation": [10, 0, 0],
			"translation": [0, 1.25, -4],
			"scale": [1.6, 1.6, 1.6]
		}
	},
	"groups": [
		{
			"name": "Head2",
			"origin": [8.08986, 24, 10.64097],
			"color": 0,
			"children": [0, 1, 2, 3, 4, 5, 6, 7]
		}
	]
}