{
	"credit": "Made with Blockbench",
	"textures": {
		"0": "custom:item/jevin/candycane",
		"particle": "custom:item/jevin/candycane"
	},
	"elements": [
		{
			"from": [7, 0, 7],
			"to": [9, 12, 9],
			"rotation": {"angle": 0, "axis": "y", "origin": [7, 2, 7]},
			"faces": {
				"north": {"uv": [0, 0, 2, 12], "texture": "#0"},
				"east": {"uv": [2, 0, 4, 12], "texture": "#0"},
				"south": {"uv": [4, 0, 6, 12], "texture": "#0"},
				"west": {"uv": [6, 0, 8, 12], "texture": "#0"},
				"up": {"uv": [12, 6, 10, 4], "texture": "#0"},
				"down": {"uv": [12, 6, 10, 8], "texture": "#0"}
			}
		},
		{
			"from": [10, 8, 7],
			"to": [12, 12, 9],
			"rotation": {"angle": 0, "axis": "y", "origin": [10, 2, 7]},
			"faces": {
				"north": {"uv": [8, 0, 10, 4], "texture": "#0"},
				"east": {"uv": [8, 4, 10, 8], "texture": "#0"},
				"south": {"uv": [8, 8, 10, 12], "texture": "#0"},
				"west": {"uv": [10, 0, 12, 4], "texture": "#0"},
				"up": {"uv": [12, 10, 10, 8], "texture": "#0"},
				"down": {"uv": [12, 10, 10, 12], "texture": "#0"}
			}
		},
		{
			"from": [9, 10, 7],
			"to": [10, 12, 9],
			"rotation": {"angle": 0, "axis": "y", "origin": [9, 2, 7]},
			"faces": {
				"north": {"uv": [2, 12, 3, 14], "texture": "#0"},
				"east": {"uv": [0, 12, 2, 14], "texture": "#0"},
				"south": {"uv": [12, 2, 13, 4], "texture": "#0"},
				"west": {"uv": [12, 0, 14, 2], "texture": "#0"},
				"up": {"uv": [4, 14, 3, 12], "texture": "#0"},
				"down": {"uv": [5, 12, 4, 14], "texture": "#0"}
			}
		}
	],
	"display": {
		"thirdperson_righthand": {
			"rotation": [0, 90, 55],
			"translation": [0, 0, 3],
			"scale": [1.19961, 1.19, 1.19961]
		},
		"thirdperson_lefthand": {
			"rotation": [170.71, -86.12, 108.87],
			"translation": [0, 0, 3],
			"scale": [1.19, 1.19, 1.19]
		},
		"firstperson_righthand": {
			"rotation": [-14.25, 82.75, 0],
			"translation": [0, 4.75, 0]
		},
		"firstperson_lefthand": {
			"rotation": [-5, -82.75, 0],
			"translation": [0, 4.75, 0]
		},
		"ground": {
			"translation": [0, 2, 0],
			"scale": [0.5, 0.5, 0.5]
		},
		"gui": {
			"rotation": [-171.51, -20.42, -127.27],
			"translation": [1.75, 0, 0],
			"scale": [1.28906, 1.28906, 1.28906]
		},
		"fixed": {
			"rotation": [-7.25, 0.74, 45.33],
			"translation": [-0.75, 0, 0]
		}
	}
}