{
	"credit": "Made with Blockbench",
	"texture_size": [32, 32],
	"textures": {
		"0": "custom:item/jevin/cookies",
		"particle": "custom:item/jevin/cookies"
	},
	"elements": [
		{
			"from": [3, 0, 3],
			"to": [13, 1, 13],
			"rotation": {"angle": 0, "axis": "y", "origin": [2, 0, 2]},
			"faces": {
				"north": {"uv": [0, 10, 5, 10.5], "texture": "#0"},
				"east": {"uv": [10, 0, 15, 0.5], "texture": "#0"},
				"south": {"uv": [10, 0.5, 15, 1], "texture": "#0"},
				"west": {"uv": [10, 1, 15, 1.5], "texture": "#0"},
				"up": {"uv": [5, 5, 0, 0], "texture": "#0"},
				"down": {"uv": [5, 5, 0, 10], "texture": "#0"}
			}
		},
		{
			"from": [3, 1, 13],
			"to": [13, 2, 14],
			"rotation": {"angle": 0, "axis": "y", "origin": [2, 1, 12]},
			"faces": {
				"north": {"uv": [10, 1.5, 15, 2], "texture": "#0"},
				"east": {"uv": [4.5, 11, 5, 11.5], "texture": "#0"},
				"south": {"uv": [10, 2, 15, 2.5], "texture": "#0"},
				"west": {"uv": [5, 11, 5.5, 11.5], "texture": "#0"},
				"up": {"uv": [15, 3, 10, 2.5], "texture": "#0"},
				"down": {"uv": [15, 3, 10, 3.5], "texture": "#0"}
			}
		},
		{
			"from": [5, 1, 14],
			"to": [11, 2, 15],
			"rotation": {"angle": 0, "axis": "y", "origin": [2, 1, 13]},
			"faces": {
				"north": {"uv": [1.5, 11, 4.5, 11.5], "texture": "#0"},
				"east": {"uv": [5, 12.5, 5.5, 13], "texture": "#0"},
				"south": {"uv": [6.5, 11, 9.5, 11.5], "texture": "#0"},
				"west": {"uv": [9, 12.5, 9.5, 13], "texture": "#0"},
				"up": {"uv": [14, 7.5, 11, 7], "texture": "#0"},
				"down": {"uv": [14, 7.5, 11, 8], "texture": "#0"}
			}
		},
		{
			"from": [5, 1, 1],
			"to": [11, 2, 2],
			"rotation": {"angle": 0, "axis": "y", "origin": [2, 1, 0]},
			"faces": {
				"north": {"uv": [11, 8, 14, 8.5], "texture": "#0"},
				"east": {"uv": [4, 13, 4.5, 13.5], "texture": "#0"},
				"south": {"uv": [11, 8.5, 14, 9], "texture": "#0"},
				"west": {"uv": [4.5, 13, 5, 13.5], "texture": "#0"},
				"up": {"uv": [14, 9.5, 11, 9], "texture": "#0"},
				"down": {"uv": [14, 9.5, 11, 10], "texture": "#0"}
			}
		},
		{
			"from": [2, 1, 3],
			"to": [3, 2, 13],
			"rotation": {"angle": 0, "axis": "y", "origin": [1, 1, 11]},
			"faces": {
				"north": {"uv": [5, 11.5, 5.5, 12], "texture": "#0"},
				"east": {"uv": [10, 5, 15, 5.5], "texture": "#0"},
				"south": {"uv": [9, 11.5, 9.5, 12], "texture": "#0"},
				"west": {"uv": [10, 5.5, 15, 6], "texture": "#0"},
				"up": {"uv": [10.5, 11, 10, 6], "texture": "#0"},
				"down": {"uv": [0.5, 10.5, 0, 15.5], "texture": "#0"}
			}
		},
		{
			"from": [13, 1, 3],
			"to": [14, 2, 13],
			"rotation": {"angle": 0, "axis": "y", "origin": [12, 1, 11]},
			"faces": {
				"north": {"uv": [4, 12, 4.5, 12.5], "texture": "#0"},
				"east": {"uv": [0.5, 10.5, 5.5, 11], "texture": "#0"},
				"south": {"uv": [4.5, 12, 5, 12.5], "texture": "#0"},
				"west": {"uv": [10.5, 6, 15.5, 6.5], "texture": "#0"},
				"up": {"uv": [6, 15.5, 5.5, 10.5], "texture": "#0"},
				"down": {"uv": [6.5, 10.5, 6, 15.5], "texture": "#0"}
			}
		},
		{
			"from": [14, 1, 5],
			"to": [15, 2, 11],
			"rotation": {"angle": 0, "axis": "y", "origin": [13, 1, 11]},
			"faces": {
				"north": {"uv": [5, 12, 5.5, 12.5], "texture": "#0"},
				"east": {"uv": [6.5, 10.5, 9.5, 11], "texture": "#0"},
				"south": {"uv": [9, 12, 9.5, 12.5], "texture": "#0"},
				"west": {"uv": [10.5, 6.5, 13.5, 7], "texture": "#0"},
				"up": {"uv": [11, 10, 10.5, 7], "texture": "#0"},
				"down": {"uv": [10, 10.5, 9.5, 13.5], "texture": "#0"}
			}
		},
		{
			"from": [1, 1, 5],
			"to": [2, 2, 11],
			"rotation": {"angle": 0, "axis": "y", "origin": [0, 1, 11]},
			"faces": {
				"north": {"uv": [4, 12.5, 4.5, 13], "texture": "#0"},
				"east": {"uv": [10.5, 10, 13.5, 10.5], "texture": "#0"},
				"south": {"uv": [4.5, 12.5, 5, 13], "texture": "#0"},
				"west": {"uv": [10.5, 10.5, 13.5, 11], "texture": "#0"},
				"up": {"uv": [1, 14, 0.5, 11], "texture": "#0"},
				"down": {"uv": [1.5, 11, 1, 14], "texture": "#0"}
			}
		},
		{
			"from": [3, 1, 2],
			"to": [13, 2, 3],
			"rotation": {"angle": 0, "axis": "y", "origin": [2, 1, 1]},
			"faces": {
				"north": {"uv": [10, 3.5, 15, 4], "texture": "#0"},
				"east": {"uv": [4, 11.5, 4.5, 12], "texture": "#0"},
				"south": {"uv": [10, 4, 15, 4.5], "texture": "#0"},
				"west": {"uv": [4.5, 11.5, 5, 12], "texture": "#0"},
				"up": {"uv": [15, 5, 10, 4.5], "texture": "#0"},
				"down": {"uv": [10, 10, 5, 10.5], "texture": "#0"}
			}
		},
		{
			"from": [7, 1, 4],
			"to": [12, 2, 9],
			"rotation": {"angle": 0, "axis": "y", "origin": [10, 0, 4]},
			"faces": {
				"north": {"uv": [10, 11, 12.5, 11.5], "texture": "#0"},
				"east": {"uv": [1.5, 11.5, 4, 12], "texture": "#0"},
				"south": {"uv": [6.5, 11.5, 9, 12], "texture": "#0"},
				"west": {"uv": [10, 11.5, 12.5, 12], "texture": "#0"},
				"up": {"uv": [7.5, 2.5, 5, 0], "texture": "#0"},
				"down": {"uv": [7.5, 2.5, 5, 5], "texture": "#0"}
			}
		},
		{
			"from": [6.5, 2, 6.75],
			"to": [11.5, 3, 11.75],
			"rotation": {"angle": 45, "axis": "y", "origin": [9, 2.5, 9.25]},
			"faces": {
				"north": {"uv": [6.5, 12.5, 9, 13], "texture": "#0"},
				"east": {"uv": [10, 12.5, 12.5, 13], "texture": "#0"},
				"south": {"uv": [12.5, 11, 15, 11.5], "texture": "#0"},
				"west": {"uv": [12.5, 11.5, 15, 12], "texture": "#0"},
				"up": {"uv": [10, 5, 7.5, 2.5], "texture": "#0"},
				"down": {"uv": [7.5, 7.5, 5, 10], "texture": "#0"}
			}
		},
		{
			"from": [4, 2, 3],
			"to": [9, 3, 8],
			"rotation": {"angle": -22.5, "axis": "x", "origin": [6.5, 2.5, 5.5]},
			"faces": {
				"north": {"uv": [12.5, 12, 15, 12.5], "texture": "#0"},
				"east": {"uv": [12.5, 12.5, 15, 13], "texture": "#0"},
				"south": {"uv": [1.5, 13, 4, 13.5], "texture": "#0"},
				"west": {"uv": [6.5, 13, 9, 13.5], "texture": "#0"},
				"up": {"uv": [10, 7.5, 7.5, 5], "texture": "#0"},
				"down": {"uv": [10, 7.5, 7.5, 10], "texture": "#0"}
			}
		},
		{
			"from": [4, 1, 7],
			"to": [9, 2, 12],
			"rotation": {"angle": 0, "axis": "y", "origin": [7, 0, 7]},
			"faces": {
				"north": {"uv": [1.5, 12, 4, 12.5], "texture": "#0"},
				"east": {"uv": [6.5, 12, 9, 12.5], "texture": "#0"},
				"south": {"uv": [10, 12, 12.5, 12.5], "texture": "#0"},
				"west": {"uv": [1.5, 12.5, 4, 13], "texture": "#0"},
				"up": {"uv": [7.5, 7.5, 5, 5], "texture": "#0"},
				"down": {"uv": [10, 0, 7.5, 2.5], "texture": "#0"}
			}
		}
	],
	"display": {
		"thirdperson_righthand": {
			"rotation": [75, 45, 0],
			"translation": [0, 4.25, 5],
			"scale": [0.94141, 0.94141, 0.94141]
		},
		"thirdperson_lefthand": {
			"rotation": [75, 45, 0],
			"translation": [0, 4.25, 5],
			"scale": [0.94141, 0.94141, 0.94141]
		},
		"firstperson_righthand": {
			"translation": [0, 5.5, 0]
		},
		"firstperson_lefthand": {
			"translation": [0, 6, 0]
		},
		"ground": {
			"translation": [0, 6.75, 0]
		},
		"gui": {
			"rotation": [30, 225, 0],
			"translation": [0, 5.25, 0],
			"scale": [0.97656, 0.97656, 0.97656]
		},
		"head": {
			"translation": [0, 15.25, 0],
			"scale": [1.21484, 1.21484, 1.21484]
		}
	}
}