{
	"credit": "Made with Blockbench",
	"texture_size": [32, 32],
	"textures": {
		"1": "custom:item/jevin/eggnog"
	},
	"elements": [
		{
			"from": [5.5, 0, 5.5],
			"to": [10.5, 7, 10.5],
			"rotation": {"angle": 0, "axis": "y", "origin": [7.5, 0, 7.5]},
			"faces": {
				"north": {"uv": [6, 6, 8.5, 9.5], "texture": "#1"},
				"east": {"uv": [8.5, 6, 11, 9.5], "texture": "#1"},
				"south": {"uv": [0, 9, 2.5, 12.5], "texture": "#1"},
				"west": {"uv": [9, 0, 11.5, 3.5], "texture": "#1"},
				"up": {"uv": [5, 11.5, 2.5, 9], "texture": "#1"},
				"down": {"uv": [11.5, 3.5, 9, 6], "texture": "#1"}
			}
		},
		{
			"from": [5, 0, 5],
			"to": [11, 9, 11],
			"rotation": {"angle": 0, "axis": "y", "origin": [7, 0, 7]},
			"faces": {
				"north": {"uv": [0, 0, 3, 4.5], "texture": "#1"},
				"east": {"uv": [3, 0, 6, 4.5], "texture": "#1"},
				"south": {"uv": [0, 4.5, 3, 9], "texture": "#1"},
				"west": {"uv": [3, 4.5, 6, 9], "texture": "#1"},
				"up": {"uv": [9, 3, 6, 0], "texture": "#1"},
				"down": {"uv": [9, 3, 6, 6], "texture": "#1"}
			}
		},
		{
			"from": [11.75, 9.25, 7],
			"to": [12.75, 12.25, 8],
			"rotation": {"angle": -22.5, "axis": "z", "origin": [11.25, 10.5, 7.5]},
			"faces": {
				"north": {"uv": [7, 9.5, 7.5, 11], "texture": "#1"},
				"east": {"uv": [7.5, 9.5, 8, 11], "texture": "#1"},
				"south": {"uv": [8, 9.5, 8.5, 11], "texture": "#1"},
				"west": {"uv": [8.5, 9.5, 9, 11], "texture": "#1"},
				"up": {"uv": [9.5, 10, 9, 9.5], "texture": "#1"},
				"down": {"uv": [10, 9.5, 9.5, 10], "texture": "#1"}
			}
		},
		{
			"from": [10.75, 11.25, 7],
			"to": [11.75, 12.25, 8],
			"rotation": {"angle": -22.5, "axis": "z", "origin": [11.25, 10.5, 7.5]},
			"faces": {
				"north": {"uv": [10, 9.5, 10.5, 10], "texture": "#1"},
				"east": {"uv": [10, 10, 10.5, 10.5], "texture": "#1"},
				"south": {"uv": [9, 10.5, 9.5, 11], "texture": "#1"},
				"west": {"uv": [9.5, 10.5, 10, 11], "texture": "#1"},
				"up": {"uv": [11, 10, 10.5, 9.5], "texture": "#1"},
				"down": {"uv": [10.5, 10.5, 10, 11], "texture": "#1"}
			}
		},
		{
			"from": [9.75, 6.25, 7],
			"to": [10.75, 12.25, 8],
			"rotation": {"angle": -22.5, "axis": "z", "origin": [11.25, 10.5, 7.5]},
			"faces": {
				"north": {"uv": [5, 9, 5.5, 12], "texture": "#1"},
				"east": {"uv": [5.5, 9, 6, 12], "texture": "#1"},
				"south": {"uv": [6, 9.5, 6.5, 12.5], "texture": "#1"},
				"west": {"uv": [6.5, 9.5, 7, 12.5], "texture": "#1"},
				"up": {"uv": [9.5, 10.5, 9, 10], "texture": "#1"},
				"down": {"uv": [10, 10, 9.5, 10.5], "texture": "#1"}
			}
		}
	],
	"display": {
		"thirdperson_righthand": {
			"rotation": [75, 45, 0],
			"translation": [0, 2.5, 3.5],
			"scale": [0.50977, 0.50977, 0.50977]
		},
		"thirdperson_lefthand": {
			"rotation": [75, 45, 0],
			"translation": [0, 2.5, 3.5],
			"scale": [0.50977, 0.50977, 0.50977]
		},
		"firstperson_righthand": {
			"rotation": [0, -90, 25],
			"translation": [1.13, 3.2, 1.13],
			"scale": [0.68, 0.68, 0.68]
		},
		"firstperson_lefthand": {
			"rotation": [0, -90, 25],
			"translation": [1.13, 3.2, 1.13],
			"scale": [0.68, 0.68, 0.68]
		},
		"ground": {
			"translation": [0, 2, 0],
			"scale": [0.5, 0.5, 0.5]
		},
		"gui": {
			"rotation": [-148.44, 52.89, 177.95],
			"translation": [0, 1.75, 0],
			"scale": [0.86523, 0.86523, 0.86523]
		},
		"head": {
			"translation": [0, 14, 0]
		},
		"fixed": {
			"scale": [0.5, 0.5, 0.5]
		}
	}
}