{
	"credit": "Made with Blockbench",
	"textures": {
		"0": "custom:item/jevin/hotcocoa",
		"particle": "custom:item/jevin/hotcocoa"
	},
	"elements": [
		{
			"from": [5, 0, 5],
			"to": [11, 6, 11],
			"rotation": {"angle": 0, "axis": "y", "origin": [7, 0, 7]},
			"faces": {
				"north": {"uv": [0, 0, 3, 3], "texture": "#0"},
				"east": {"uv": [0, 3, 3, 6], "texture": "#0"},
				"south": {"uv": [3, 0, 6, 3], "texture": "#0"},
				"west": {"uv": [3, 3, 6, 6], "texture": "#0"},
				"up": {"uv": [3, 9, 0, 6], "texture": "#0"},
				"down": {"uv": [9, 0, 6, 3], "texture": "#0"}
			}
		},
		{
			"from": [5, 6, 5],
			"to": [11, 7, 6],
			"rotation": {"angle": 0, "axis": "y", "origin": [7, 7, 7]},
			"faces": {
				"north": {"uv": [4.5, 6, 7.5, 6.5], "texture": "#0"},
				"east": {"uv": [7.5, 8, 8, 8.5], "texture": "#0"},
				"south": {"uv": [6, 5, 9, 5.5], "texture": "#0"},
				"west": {"uv": [8, 7.5, 8.5, 8], "texture": "#0"},
				"up": {"uv": [9, 6, 6, 5.5], "texture": "#0"},
				"down": {"uv": [7.5, 6.5, 4.5, 7], "texture": "#0"}
			}
		},
		{
			"from": [5, 6, 10],
			"to": [11, 7, 11],
			"rotation": {"angle": 0, "axis": "y", "origin": [7, 7, 12]},
			"faces": {
				"north": {"uv": [4.5, 7, 7.5, 7.5], "texture": "#0"},
				"east": {"uv": [8, 8, 8.5, 8.5], "texture": "#0"},
				"south": {"uv": [7.5, 3, 10.5, 3.5], "texture": "#0"},
				"west": {"uv": [5.5, 8.5, 6, 9], "texture": "#0"},
				"up": {"uv": [10.5, 4, 7.5, 3.5], "texture": "#0"},
				"down": {"uv": [10.5, 4, 7.5, 4.5], "texture": "#0"}
			}
		},
		{
			"from": [5, 6, 6],
			"to": [6, 7, 10],
			"rotation": {"angle": 0, "axis": "y", "origin": [7, 7, 11]},
			"faces": {
				"north": {"uv": [6, 8.5, 6.5, 9], "texture": "#0"},
				"east": {"uv": [7.5, 4.5, 9.5, 5], "texture": "#0"},
				"south": {"uv": [6.5, 8.5, 7, 9], "texture": "#0"},
				"west": {"uv": [5.5, 7.5, 7.5, 8], "texture": "#0"},
				"up": {"uv": [8, 8, 7.5, 6], "texture": "#0"},
				"down": {"uv": [3.5, 8, 3, 10], "texture": "#0"}
			}
		},
		{
			"from": [10, 6, 6],
			"to": [11, 7, 10],
			"rotation": {"angle": 0, "axis": "y", "origin": [12, 7, 11]},
			"faces": {
				"north": {"uv": [7, 8.5, 7.5, 9], "texture": "#0"},
				"east": {"uv": [5.5, 8, 7.5, 8.5], "texture": "#0"},
				"south": {"uv": [7.5, 8.5, 8, 9], "texture": "#0"},
				"west": {"uv": [8, 6, 10, 6.5], "texture": "#0"},
				"up": {"uv": [4, 10, 3.5, 8], "texture": "#0"},
				"down": {"uv": [4.5, 8, 4, 10], "texture": "#0"}
			}
		},
		{
			"from": [2, 1, 7.5],
			"to": [5, 5, 8.5],
			"rotation": {"angle": 0, "axis": "y", "origin": [1, -1, 6.5]},
			"faces": {
				"north": {"uv": [3, 6, 4.5, 8], "texture": "#0"},
				"east": {"uv": [4.5, 7.5, 5, 9.5], "texture": "#0"},
				"south": {"uv": [6, 3, 7.5, 5], "texture": "#0"},
				"west": {"uv": [5, 7.5, 5.5, 9.5], "texture": "#0"},
				"up": {"uv": [9.5, 7, 8, 6.5], "texture": "#0"},
				"down": {"uv": [9.5, 7, 8, 7.5], "texture": "#0"}
			}
		}
	],
	"display": {
		"thirdperson_righthand": {
			"rotation": [0, 90, 55],
			"translation": [0, 4, 2.5],
			"scale": [0.85, 0.85, 0.85]
		},
		"thirdperson_lefthand": {
			"rotation": [-134.5, -86.5, 167.5],
			"translation": [0, 4, 2.5],
			"scale": [0.85, 0.85, 0.85]
		},
		"firstperson_righthand": {
			"translation": [0, 4, 0]
		},
		"firstperson_lefthand": {
			"translation": [0, 4, 0]
		},
		"ground": {
			"translation": [0, 6.5, 0],
			"scale": [1.06641, 1.06641, 1.06641]
		},
		"gui": {
			"rotation": [30, 225, 0],
			"translation": [0, 4, 0],
			"scale": [1.10352, 1.10352, 1.10352]
		},
		"fixed": {
			"rotation": [0, 180, 0],
			"translation": [0, 0, -2]
		}
	}
}