{
	"credit": "Made with Blockbench",
	"texture_size": [32, 32],
	"textures": {
		"0": "custom:item/jevin/milkncookies",
		"particle": "custom:item/jevin/milkncookies"
	},
	"elements": [
		{
			"from": [10.5, 0, 9.5],
			"to": [13.5, 5, 12.5],
			"rotation": {"angle": 0, "axis": "y", "origin": [12.5, 0, 11.5]},
			"faces": {
				"north": {"uv": [9, 0, 10.5, 2.5], "texture": "#0"},
				"east": {"uv": [9, 2.5, 10.5, 5], "texture": "#0"},
				"south": {"uv": [9, 5, 10.5, 7.5], "texture": "#0"},
				"west": {"uv": [9, 7.5, 10.5, 10], "texture": "#0"},
				"up": {"uv": [1.5, 11, 0, 9.5], "texture": "#0"},
				"down": {"uv": [6.5, 9.5, 5, 11], "texture": "#0"}
			}
		},
		{
			"from": [10, 0, 9],
			"to": [14, 7, 13],
			"rotation": {"angle": 0, "axis": "y", "origin": [12, 0, 11]},
			"faces": {
				"north": {"uv": [0, 0, 2, 3.5], "texture": "#0"},
				"east": {"uv": [2, 0, 4, 3.5], "texture": "#0"},
				"south": {"uv": [0, 3.5, 2, 7], "texture": "#0"},
				"west": {"uv": [2, 3.5, 4, 7], "texture": "#0"},
				"up": {"uv": [7, 9.5, 5, 7.5], "texture": "#0"},
				"down": {"uv": [9, 7.5, 7, 9.5], "texture": "#0"}
			}
		},
		{
			"from": [8, 0, 4],
			"to": [13, 1, 9],
			"rotation": {"angle": 0, "axis": "y", "origin": [8, 0, 4]},
			"faces": {
				"north": {"uv": [10.5, 0, 13, 0.5], "texture": "#0"},
				"east": {"uv": [10.5, 0.5, 13, 1], "texture": "#0"},
				"south": {"uv": [10.5, 1, 13, 1.5], "texture": "#0"},
				"west": {"uv": [1.5, 10.5, 4, 11], "texture": "#0"},
				"up": {"uv": [6.5, 7.5, 4, 5], "texture": "#0"},
				"down": {"uv": [9, 0, 6.5, 2.5], "texture": "#0"}
			}
		},
		{
			"from": [3, 0, 3],
			"to": [8, 1, 8],
			"rotation": {"angle": 0, "axis": "y", "origin": [5.5, 0.5, 5.5]},
			"faces": {
				"north": {"uv": [6.5, 9.5, 9, 10], "texture": "#0"},
				"east": {"uv": [1.5, 10, 4, 10.5], "texture": "#0"},
				"south": {"uv": [6.5, 10, 9, 10.5], "texture": "#0"},
				"west": {"uv": [9, 10, 11.5, 10.5], "texture": "#0"},
				"up": {"uv": [6.5, 2.5, 4, 0], "texture": "#0"},
				"down": {"uv": [6.5, 2.5, 4, 5], "texture": "#0"}
			}
		},
		{
			"from": [5, 1, 6],
			"to": [10, 2, 11],
			"rotation": {"angle": 45, "axis": "y", "origin": [7.5, 1.5, 8.5]},
			"faces": {
				"north": {"uv": [10.5, 3.5, 13, 4], "texture": "#0"},
				"east": {"uv": [10.5, 4, 13, 4.5], "texture": "#0"},
				"south": {"uv": [10.5, 4.5, 13, 5], "texture": "#0"},
				"west": {"uv": [10.5, 5, 13, 5.5], "texture": "#0"},
				"up": {"uv": [2.5, 9.5, 0, 7], "texture": "#0"},
				"down": {"uv": [5, 7.5, 2.5, 10], "texture": "#0"}
			}
		},
		{
			"from": [4, 0, 9],
			"to": [9, 1, 14],
			"rotation": {"angle": 0, "axis": "y", "origin": [4, 0, 9]},
			"faces": {
				"north": {"uv": [10.5, 1.5, 13, 2], "texture": "#0"},
				"east": {"uv": [10.5, 2, 13, 2.5], "texture": "#0"},
				"south": {"uv": [10.5, 2.5, 13, 3], "texture": "#0"},
				"west": {"uv": [10.5, 3, 13, 3.5], "texture": "#0"},
				"up": {"uv": [9, 5, 6.5, 2.5], "texture": "#0"},
				"down": {"uv": [9, 5, 6.5, 7.5], "texture": "#0"}
			}
		}
	],
	"display": {
		"thirdperson_righthand": {
			"rotation": [75, 45, 0],
			"translation": [0, 2.5, 0],
			"scale": [0.375, 0.375, 0.375]
		},
		"thirdperson_lefthand": {
			"rotation": [75, 45, 0],
			"translation": [0, 2.5, 0],
			"scale": [0.375, 0.375, 0.375]
		},
		"firstperson_righthand": {
			"rotation": [0, 45, 0],
			"translation": [0, 5.25, 0],
			"scale": [0.4, 0.4, 0.4]
		},
		"firstperson_lefthand": {
			"rotation": [0, 225, 0],
			"translation": [0, 4.25, 0],
			"scale": [0.4, 0.4, 0.4]
		},
		"ground": {
			"translation": [0, 2, 0],
			"scale": [0.5, 0.5, 0.5]
		},
		"gui": {
			"rotation": [30, 225, 0],
			"scale": [0.625, 0.625, 0.625]
		},
		"fixed": {
			"scale": [0.5, 0.5, 0.5]
		}
	}
}