{
	"credit": "Made with Blockbench",
	"texture_size": [32, 32],
	"textures": {
		"2": "custom:item/jevinhats/santahat"
	},
	"elements": [
		{
			"from": [4, 0, 4],
			"to": [12, 2, 12],
			"faces": {
				"north": {"uv": [7, 7.5, 11, 8.5], "texture": "#2"},
				"east": {"uv": [0, 8, 4, 9], "texture": "#2"},
				"south": {"uv": [4, 8.5, 8, 9.5], "texture": "#2"},
				"west": {"uv": [8, 8.5, 12, 9.5], "texture": "#2"},
				"up": {"uv": [4, 4, 0, 0], "texture": "#2"},
				"down": {"uv": [4, 4, 0, 8], "texture": "#2"}
			}
		},
		{
			"from": [5, 2, 5],
			"to": [11, 7, 11],
			"faces": {
				"north": {"uv": [4, 6, 7, 8.5], "texture": "#2"},
				"east": {"uv": [7, 0, 10, 2.5], "texture": "#2"},
				"south": {"uv": [7, 2.5, 10, 5], "texture": "#2"},
				"west": {"uv": [7, 5, 10, 7.5], "texture": "#2"},
				"up": {"uv": [7, 3, 4, 0], "texture": "#2"},
				"down": {"uv": [7, 3, 4, 6], "texture": "#2"}
			}
		},
		{
			"from": [5, 7, 7],
			"to": [9, 10, 11],
			"faces": {
				"north": {"uv": [4, 9.5, 6, 11], "texture": "#2"},
				"east": {"uv": [6, 9.5, 8, 11], "texture": "#2"},
				"south": {"uv": [8, 9.5, 10, 11], "texture": "#2"},
				"west": {"uv": [10, 0, 12, 1.5], "texture": "#2"},
				"up": {"uv": [2, 11, 0, 9], "texture": "#2"},
				"down": {"uv": [4, 9, 2, 11], "texture": "#2"}
			}
		},
		{
			"from": [4, 8, 9],
			"to": [7, 11, 12],
			"faces": {
				"north": {"uv": [10, 1.5, 11.5, 3], "texture": "#2"},
				"east": {"uv": [10, 3, 11.5, 4.5], "texture": "#2"},
				"south": {"uv": [10, 4.5, 11.5, 6], "texture": "#2"},
				"west": {"uv": [10, 6, 11.5, 7.5], "texture": "#2"},
				"up": {"uv": [11.5, 11, 10, 9.5], "texture": "#2"},
				"down": {"uv": [1.5, 11, 0, 12.5], "texture": "#2"}
			}
		},
		{
			"from": [2, 6, 11],
			"to": [5, 9, 14],
			"faces": {
				"north": {"uv": [1.5, 11, 3, 12.5], "texture": "#2"},
				"east": {"uv": [3, 11, 4.5, 12.5], "texture": "#2"},
				"south": {"uv": [4.5, 11, 6, 12.5], "texture": "#2"},
				"west": {"uv": [6, 11, 7.5, 12.5], "texture": "#2"},
				"up": {"uv": [9, 12.5, 7.5, 11], "texture": "#2"},
				"down": {"uv": [10.5, 11, 9, 12.5], "texture": "#2"}
			}
		}
	],
	"display": {
		"thirdperson_righthand": {
			"translation": [0, 4.25, 0]
		},
		"ground": {
			"translation": [0, 3.75, 0]
		},
		"gui": {
			"rotation": [-146, 39.25, -180],
			"translation": [-1, 2.25, 0]
		},
		"head": {
			"translation": [0, 17.75, 0],
			"scale": [1.39648, 1.39648, 1.39648]
		},
		"fixed": {
			"translation": [0, 0, -3.75]
		}
	}
}