{
	"format_version": "1.21.6",
	"credit": "by Hoffen _InkGhoul",
	"texture_size": [64, 64],
	"textures": {
		"0": "custom:item/impulse/metro_mayhem_hunt",
		"particle": "custom:item/impulse/metro_mayhem_hunt"
	},
	"elements": [
		{
			"from": [0, 7, 0],
			"to": [16, 13, 16],
			"rotation": {"angle": 0, "axis": "y", "origin": [0, 7, 0]},
			"faces": {
				"north": {"uv": [0, 4, 4, 5.5], "texture": "#0"},
				"east": {"uv": [0, 4, 4, 5.5], "texture": "#0"},
				"south": {"uv": [0, 4, 4, 5.5], "texture": "#0"},
				"west": {"uv": [0, 4, 4, 5.5], "texture": "#0"},
				"up": {"uv": [4, 4, 0, 0], "texture": "#0"},
				"down": {"uv": [4, 0, 0, 4], "texture": "#0"}
			}
		},
		{
			"from": [4, 2, 4],
			"to": [12, 7, 12],
			"rotation": {"angle": 0, "axis": "y", "origin": [0, 7, 0]},
			"faces": {
				"north": {"uv": [1, 5.5, 3, 6.75], "texture": "#0"},
				"east": {"uv": [1, 5.5, 3, 6.75], "texture": "#0"},
				"south": {"uv": [1, 5.5, 3, 6.75], "texture": "#0"},
				"west": {"uv": [1, 5.5, 3, 6.75], "texture": "#0"},
				"up": {"uv": [3, 9.75, 1, 7.75], "texture": "#0"},
				"down": {"uv": [3, 7.75, 1, 9.75], "texture": "#0"}
			}
		},
		{
			"from": [2, 0, 2],
			"to": [14, 2, 14],
			"rotation": {"angle": 0, "axis": "y", "origin": [0, 7, 0]},
			"faces": {
				"north": {"uv": [0.5, 6.75, 3.5, 7.25], "texture": "#0"},
				"east": {"uv": [0.5, 6.75, 3.5, 7.25], "texture": "#0"},
				"south": {"uv": [0.5, 6.75, 3.5, 7.25], "texture": "#0"},
				"west": {"uv": [0.5, 6.75, 3.5, 7.25], "texture": "#0"},
				"up": {"uv": [3.5, 10.25, 0.5, 7.25], "texture": "#0"},
				"down": {"uv": [3.5, 7.25, 0.5, 10.25], "texture": "#0"}
			}
		},
		{
			"from": [4, 15, 4],
			"to": [12, 23, 12],
			"rotation": {"angle": 0, "axis": "y", "origin": [7, 15, 8]},
			"faces": {
				"north": {"uv": [11.5, 1.5, 13.5, 3.5], "texture": "#0"},
				"east": {"uv": [11.5, 1.5, 13.5, 3.5], "texture": "#0"},
				"south": {"uv": [11.5, 1.5, 13.5, 3.5], "texture": "#0"},
				"west": {"uv": [11.5, 1.5, 13.5, 3.5], "texture": "#0"},
				"up": {"uv": [13.5, 5.5, 11.5, 3.5], "texture": "#0"},
				"down": {"uv": [13.5, 3.5, 11.5, 5.5], "texture": "#0"}
			}
		},
		{
			"from": [5, 23, 5],
			"to": [11, 25, 11],
			"rotation": {"angle": 0, "axis": "y", "origin": [7, 23, 8]},
			"faces": {
				"north": {"uv": [11.75, 1, 13.25, 1.5], "texture": "#0"},
				"east": {"uv": [11.75, 1, 13.25, 1.5], "texture": "#0"},
				"south": {"uv": [11.75, 1, 13.25, 1.5], "texture": "#0"},
				"west": {"uv": [11.75, 1, 13.25, 1.5], "texture": "#0"},
				"up": {"uv": [13.25, 7.25, 11.75, 5.75], "texture": "#0"},
				"down": {"uv": [13.25, 5.75, 11.75, 7.25], "texture": "#0"}
			}
		},
		{
			"from": [5, 13, 5],
			"to": [11, 15, 11],
			"rotation": {"angle": 0, "axis": "y", "origin": [7, 13, 8]},
			"faces": {
				"north": {"uv": [11.75, 1.5, 13.25, 1], "texture": "#0"},
				"east": {"uv": [11.75, 1.5, 13.25, 1], "texture": "#0"},
				"south": {"uv": [11.75, 1.5, 13.25, 1], "texture": "#0"},
				"west": {"uv": [11.75, 1.5, 13.25, 1], "texture": "#0"},
				"up": {"uv": [13.25, 7.25, 11.75, 5.75], "texture": "#0"},
				"down": {"uv": [13.25, 5.75, 11.75, 7.25], "texture": "#0"}
			}
		},
		{
			"from": [0, 3.25, -0.5],
			"to": [16, 13.25, -0.5],
			"rotation": {"angle": 0, "axis": "y", "origin": [0, 7.25, 0]},
			"faces": {
				"north": {"uv": [8.5, 4.25, 4.5, 6.75], "texture": "#0"},
				"east": {"uv": [0.25, 0, 0, 3], "texture": "#0"},
				"south": {"uv": [4.5, 4.25, 8.5, 6.75], "texture": "#0"},
				"west": {"uv": [0.25, 0, 0, 3], "texture": "#0"},
				"up": {"uv": [4, 0, 0.25, 0.5], "texture": "#0"},
				"down": {"uv": [4, 0, 0.25, 0.5], "texture": "#0"}
			}
		},
		{
			"from": [0, 13.25, -0.5],
			"to": [16, 13.25, 16.5],
			"rotation": {"angle": 0, "axis": "y", "origin": [0, 7.25, 0]},
			"faces": {
				"north": {"uv": [0, 0, 4, 0.75], "texture": "#0"},
				"east": {"uv": [0, 0, 4.25, 0.75], "texture": "#0"},
				"south": {"uv": [0, 0, 4, 0.75], "texture": "#0"},
				"west": {"uv": [0, 0, 4.25, 0.75], "texture": "#0"},
				"up": {"uv": [8.5, 4.25, 4.5, 0], "texture": "#0"},
				"down": {"uv": [8.5, 0, 4.5, 4.25], "texture": "#0"}
			}
		},
		{
			"from": [0, 3.25, 16.5],
			"to": [16, 13.25, 16.5],
			"rotation": {"angle": 0, "axis": "y", "origin": [0, 7.25, 0]},
			"faces": {
				"north": {"uv": [8.5, 4.25, 4.5, 6.75], "texture": "#0"},
				"east": {"uv": [0.25, 0, 0, 3], "texture": "#0"},
				"south": {"uv": [4.5, 4.25, 8.5, 6.75], "texture": "#0"},
				"west": {"uv": [0.25, 0, 0, 3], "texture": "#0"},
				"up": {"uv": [4, 0, 0.25, 0.5], "texture": "#0"},
				"down": {"uv": [4, 0, 0.25, 0.5], "texture": "#0"}
			}
		}
	],
	"gui_light": "front",
	"display": {
		"thirdperson_righthand": {
			"rotation": [74, 0, 0],
			"translation": [1, 4.25, 2.75],
			"scale": [0.5, 0.5, 0.5]
		},
		"thirdperson_lefthand": {
			"rotation": [74, 0, 0],
			"translation": [1, 4.25, 2.75],
			"scale": [0.5, 0.5, 0.5]
		},
		"firstperson_righthand": {
			"rotation": [129.49, 79.37, -129],
			"scale": [0.5, 0.5, 0.5]
		},
		"firstperson_lefthand": {
			"rotation": [129.49, 79.37, -129],
			"scale": [0.5, 0.5, 0.5]
		},
		"ground": {
			"rotation": [19, 0, 0],
			"translation": [0, 8, 0],
			"scale": [0.6, 0.6, 0.6]
		},
		"gui": {
			"rotation": [-176.83, -20.14, 161.22],
			"translation": [0, -2.25, 0],
			"scale": [0.6, 0.6, 0.6]
		},
		"head": {
			"rotation": [180, -61.25, 180],
			"translation": [0, 13.75, 0],
			"scale": [0.9, 0.9, 0.9]
		},
		"fixed": {
			"rotation": [-90, 0, 0],
			"translation": [0, 0, -11.75],
			"scale": [1.5, 1.5, 1.5]
		}
	},
	"groups": [
		{
			"name": "group",
			"origin": [8, 8, 8],
			"color": 0,
			"children": [
				0,
				1,
				2,
				{
					"name": "group",
					"origin": [8, 8, 8],
					"color": 0,
					"children": [3, 4, 5]
				},
				{
					"name": "group",
					"origin": [0, 7.25, 0],
					"color": 0,
					"children": [6, 7, 8]
				}
			]
		}
	]
}