{
	"credit": "by Hoffen _InkGhoul",
	"textures": {
		"0": "custom:item/impulse/pizza",
		"particle": "custom:item/impulse/pizza"
	},
	"elements": [
		{
			"from": [4, 4, 6],
			"to": [12, 6, 12],
			"rotation": {"angle": 0, "axis": "z", "origin": [8, 5.55, 8.5]},
			"faces": {
				"north": {"uv": [6, 14, 12, 16], "texture": "#0"},
				"east": {"uv": [14, 10, 8, 12], "texture": "#0"},
				"south": {"uv": [8, 8, 16, 10], "texture": "#0"},
				"west": {"uv": [8, 10, 14, 12], "texture": "#0"},
				"up": {"uv": [8, 12, 0, 6], "texture": "#0"},
				"down": {"uv": [0, 0, 8, 6], "texture": "#0"}
			}
		},
		{
			"from": [5, 4, 1],
			"to": [11, 6, 6],
			"rotation": {"angle": 0, "axis": "z", "origin": [8, 5.55, 8.5]},
			"faces": {
				"north": {"uv": [6, 14, 12, 16], "texture": "#0"},
				"east": {"uv": [6, 12, 11, 14], "texture": "#0"},
				"south": {"uv": [0, 0, 6, 2], "texture": "#0"},
				"west": {"uv": [6, 12, 11, 14], "texture": "#0"},
				"up": {"uv": [6, 16, 0, 11], "texture": "#0"},
				"down": {"uv": [0, 0, 6, 5], "texture": "#0"}
			}
		},
		{
			"from": [3, 4, 12],
			"to": [13, 7, 15],
			"rotation": {"angle": 0, "axis": "z", "origin": [8, 5.55, 8.5]},
			"faces": {
				"north": {"uv": [0, 3, 10, 6], "texture": "#0"},
				"east": {"uv": [13, 0, 10, 3], "texture": "#0"},
				"south": {"uv": [13, 0, 16, 10], "rotation": 90, "texture": "#0"},
				"west": {"uv": [10, 0, 13, 3], "texture": "#0"},
				"up": {"uv": [0, 0, 10, 3], "rotation": 180, "texture": "#0"},
				"down": {"uv": [0, 0, 10, 3], "texture": "#0"}
			}
		},
		{
			"from": [4, 7.25, 12.25],
			"to": [12, 7.25, 15.25],
			"rotation": {"angle": 0, "axis": "z", "origin": [8, 5.8, 8.75]},
			"faces": {
				"north": {"uv": [0, 3, 10, 6], "texture": "#0"},
				"east": {"uv": [13, 0, 10, 3], "texture": "#0"},
				"south": {"uv": [13, 0, 16, 10], "rotation": 90, "texture": "#0"},
				"west": {"uv": [10, 0, 13, 3], "texture": "#0"},
				"up": {"uv": [1, 0, 9, 3], "rotation": 180, "texture": "#0"},
				"down": {"uv": [1, 0, 9, 3], "texture": "#0"}
			}
		},
		{
			"from": [4, 4.25, 15.25],
			"to": [12, 7.25, 15.25],
			"rotation": {"angle": 0, "axis": "z", "origin": [8, 5.8, 8.75]},
			"faces": {
				"north": {"uv": [1, 3, 9, 6], "texture": "#0"},
				"east": {"uv": [13, 0, 10, 3], "texture": "#0"},
				"south": {"uv": [13, 1, 16, 9], "rotation": 90, "texture": "#0"},
				"west": {"uv": [10, 0, 13, 3], "texture": "#0"},
				"up": {"uv": [1, 0, 9, 3], "rotation": 180, "texture": "#0"},
				"down": {"uv": [0, 0, 10, 3], "texture": "#0"}
			}
		},
		{
			"from": [8.02373, 6.1, 9.40119],
			"to": [10.27373, 6.1, 11.65119],
			"rotation": {"angle": 22.5, "axis": "y", "origin": [8, 5.55, 8.5]},
			"faces": {
				"north": {"uv": [0, 1, 2, 0], "texture": "#missing"},
				"east": {"uv": [0, 0, 2, 1], "texture": "#missing"},
				"south": {"uv": [0, 0, 2, 1], "texture": "#missing"},
				"west": {"uv": [0, 0, 2, 1], "texture": "#missing"},
				"up": {"uv": [9, 7, 11, 9], "texture": "#0"},
				"down": {"uv": [9, 7, 11, 9], "texture": "#0"}
			}
		},
		{
			"from": [4.7109, 6.1, 7.55343],
			"to": [6.9609, 6.1, 9.80343],
			"rotation": {"angle": -22.5, "axis": "y", "origin": [8, 5.55, 8.5]},
			"faces": {
				"north": {"uv": [0, 1, 2, 0], "texture": "#missing"},
				"east": {"uv": [0, 0, 2, 1], "texture": "#missing"},
				"south": {"uv": [0, 0, 2, 1], "texture": "#missing"},
				"west": {"uv": [0, 0, 2, 1], "texture": "#missing"},
				"up": {"uv": [9, 7, 11, 9], "texture": "#0"},
				"down": {"uv": [9, 7, 11, 9], "texture": "#0"}
			}
		},
		{
			"from": [5.9518, 6.1, 2.70986],
			"to": [8.2018, 6.1, 4.95986],
			"rotation": {"angle": -22.5, "axis": "y", "origin": [8, 5.55, 8.5]},
			"faces": {
				"north": {"uv": [0, 1, 2, 0], "texture": "#missing"},
				"east": {"uv": [0, 0, 2, 1], "texture": "#missing"},
				"south": {"uv": [0, 0, 2, 1], "texture": "#missing"},
				"west": {"uv": [0, 0, 2, 1], "texture": "#missing"},
				"up": {"uv": [9, 7, 11, 9], "texture": "#0"},
				"down": {"uv": [9, 7, 11, 9], "texture": "#0"}
			}
		},
		{
			"from": [6, 6.25, 0.75],
			"to": [8, 6.25, 2.75],
			"rotation": {"angle": 0, "axis": "z", "origin": [10, 4.8, -3.75]},
			"faces": {
				"north": {"uv": [0, 3, 10, 6], "texture": "#0"},
				"east": {"uv": [13, 0, 10, 3], "texture": "#0"},
				"south": {"uv": [13, 0, 16, 10], "rotation": 90, "texture": "#0"},
				"west": {"uv": [10, 0, 13, 3], "texture": "#0"},
				"up": {"uv": [12, 13, 14, 15], "rotation": 180, "texture": "#0"},
				"down": {"uv": [14, 13, 12, 15], "texture": "#0"}
			}
		},
		{
			"from": [6, 3.25, 0.75],
			"to": [8, 6.25, 0.75],
			"rotation": {"angle": 0, "axis": "z", "origin": [10, 4.8, -3.75]},
			"faces": {
				"north": {"uv": [14, 12, 16, 15], "texture": "#0"},
				"east": {"uv": [13, 0, 10, 3], "texture": "#0"},
				"south": {"uv": [16, 12, 14, 15], "rotation": 90, "texture": "#0"},
				"west": {"uv": [10, 0, 13, 3], "texture": "#0"},
				"up": {"uv": [3, 14, 5, 16], "rotation": 180, "texture": "#0"},
				"down": {"uv": [0, 0, 10, 3], "texture": "#0"}
			}
		}
	],
	"gui_light": "front",
	"display": {
		"thirdperson_righthand": {
			"rotation": [39.04, 54.3, -0.21],
			"translation": [1, 3.5, 2],
			"scale": [0.55, 0.55, 0.55]
		},
		"thirdperson_lefthand": {
			"rotation": [39.04, 54.3, -0.21],
			"translation": [1, 3.5, 2],
			"scale": [0.55, 0.55, 0.55]
		},
		"firstperson_righthand": {
			"rotation": [-73.69, 43.39, 60.36],
			"translation": [1.38, 3.2, 0.38],
			"scale": [0.68, 0.68, 0.68]
		},
		"firstperson_lefthand": {
			"rotation": [-73.69, 43.39, 60.36],
			"translation": [1.38, 3.2, 0.38],
			"scale": [0.68, 0.68, 0.68]
		},
		"ground": {
			"rotation": [-32, 49, 0],
			"translation": [0, 8, 0],
			"scale": [0.7, 0.7, 0.7]
		},
		"gui": {
			"rotation": [-112.75, 55, 176],
			"translation": [-0.75, 0.5, 0],
			"scale": [1.2, 1.2, 1.2]
		},
		"head": {
			"rotation": [0, 64, 0],
			"translation": [0, 10.5, -0.25]
		},
		"fixed": {
			"rotation": [90, 0, 180],
			"translation": [0, 0, -6],
			"scale": [1.4, 1.5, 1.5]
		}
	},
	"groups": [
		{
			"name": "pizza",
			"origin": [8, 8, 8],
			"color": 0,
			"children": [
				0,
				1,
				2,
				3,
				4,
				{
					"name": "pp",
					"origin": [9, 2.1, 4],
					"color": 0,
					"children": [5, 6, 7, 8, 9]
				}
			]
		}
	]
}