{"credit":"CJ Moseley (Moselbop) for ImpulseSV","textures":{"4":"custom:item/impulse/shortgrass_mid","particle":"custom:item/impulse/shortgrass_bright"},"elements":[{"from":[0,0,8],"to":[16,16,8],"rotation":{"angle":45,"axis":"y","origin":[8,8,8]},"faces":{"north":{"uv":[0,0,16,16],"texture":"#4"},"east":{"uv":[0,0,0,16],"texture":"#4"},"south":{"uv":[0,0,16,16],"texture":"#4"},"west":{"uv":[0,0,0,16],"texture":"#4"},"up":{"uv":[0,0,16,0],"texture":"#4"},"down":{"uv":[0,0,16,0],"texture":"#4"}}},{"from":[8,0,0],"to":[8,16,16],"rotation":{"angle":45,"axis":"y","origin":[8,8,8]},"faces":{"north":{"uv":[0,0,0,16],"texture":"#4"},"east":{"uv":[0,0,16,16],"texture":"#4"},"south":{"uv":[0,0,0,16],"texture":"#4"},"west":{"uv":[0,0,16,16],"texture":"#4"},"up":{"uv":[0,0,16,0],"rotation":270,"texture":"#4"},"down":{"uv":[0,0,16,0],"rotation":90,"texture":"#4"}}}],"gui_light":"front","display":{"thirdperson_righthand":{"rotation":[-1,24,0],"translation":[1.5,2.5,-3],"scale":[0.7,0.7,0.7]},"thirdperson_lefthand":{"rotation":[0,-26,0],"translation":[-0.75,2,-4],"scale":[0.7,0.7,0.7]},"firstperson_righthand":{"rotation":[16,11,5],"translation":[0.75,1.5,0],"scale":[0.5,0.5,0.5]},"firstperson_lefthand":{"translation":[0.75,1.5,0],"scale":[0.5,0.5,0.5]},"gui":{"rotation":[0,16,0]},"head":{"rotation":[0,45,0],"translation":[0,-34,0]},"fixed":{"rotation":[-90,0,0],"translation":[0,0,-13],"scale":[2,2,2]}}}